review,actual,predicted,negative_probability,positive_probability,confidence,correct,uncertainty
ability enjoy ash time may depend expectation stepping theater even strident supporter seem agree audience split right middle appreciation unique hk actioners battle scene curiously kept distance happen rendered jerky style difficult make exactly occurring screen dramatic scene extravagantly beautiful maggie cheung brigitte lin hk top acting talent chewing scenery wong early work dialog could precise short ash time requires forgiving attitude released around time wong spectacularly successful chungking express clear director confident working element martial art film anyone looking tense action likely disappointed intrigued director aesthetic likely find unique experience least,negative,positive,0.33536216873925506,0.6646378312607449,0.6646378312607449,False,0.16463783126074494
modern sensibility sometimes hard watch older film annoying watch stereotypical wallflower librarian take glass become pretty stupid win man especially shallow inconstant man obviously player would trust stay true want settle look dumb attractive woman always call baby ick even totally change appearance life go supposedly rejected another woman learns connie spent money renovating boat wanted stand not pathetically chase sudden conversion within minute totally unrealistic not work subplot like movie not like sailor dancing tell san francisco rehearsal dance great watching ginger rogers purposefully fall correct step great last dance scene face music beautiful costume art deco set beautiful really enjoyed saw sea though use many time realized best song anyway plot bit weak like musical imo song ok dancing worth watching film wish could showed shot san francisco since film supposedly also weird see lighthearted naval film knowledge hitler already time try suspend knowledge submerge made fantasy land,positive,negative,0.5628976654626481,0.4371023345373519,0.5628976654626481,False,0.06289766546264808
pretty simplistic romance girl find boy girl love boy girl loses boy girl find boy colleen moore outstanding ingredient recipe delivering wonderfully varied performance well deserving oscar nom equally fine aerial combat special play french girl whose mother turned field british aerial squadron wwi daughter regiment loved little sister mix come downed flyer gary cooper first hate love entire squadron sent suicide mission cooper return crash village red cross unit remove moore search told hospital dead wanders street call hospital window nice little romance hardly recommended fan moore cooper,negative,positive,0.057976446833041484,0.9420235531669585,0.9420235531669585,False,0.4420235531669585
acting excellent film great actor fun see fred mcmurray young man not comedy drama apparently comedic instance pitiful not comedy drama apparently comedic instance pitiful appear forced contrived script though not fault line requirement force write hmmm loved carole lombard man godfrey comedy acting wonderful story line script win day carole lombard pretty wonderful actress try watch fred mcmurray feature,negative,positive,0.49678569434988273,0.5032143056501173,0.5032143056501173,False,0.003214305650117266
apparently ruggero deodato figured early story would work approached seriously decided camp result film viewed either ludicrous epic entertaining comedy think go second way brief gore moment paul brother openly mock material even bark one scene also charming spirited performance eva la rue girl tag along boy plus else see inside dragon lighted like discotheque,positive,negative,0.5093633689801002,0.49063663101989985,0.5093633689801002,False,0.00936336898010015
original psycho widely considered alfred hitchcock best work certainly opinion one best movie time decision film shot shot remake therefore little cast original flawless cast remake lot live vince vaughn norman bates not good choice lead much pretty boy hunk not convincing bates imagine actor mark wahlberg john turturro much better job role anne heche marion crane creditable job one keep mentally comparing janet leigh julianne moore much better actress show viggio mortenson merely walk role best new cast william macy private director gu van sant acceptable job ca build suspense way hitchcock change scene basement house original atmosphere dark damp closed whereas version take place brightly lit laboratory like setting think black white photography original definite advantage color another flaw could fact moviegoer seen original know going happen say ai broke fix,negative,positive,0.45137434446789015,0.5486256555321098,0.5486256555321098,False,0.048625655532109846
exactly title tell island inhabited fishmen shipwrecked doctor claudio cassinelli crew land island either picked fishmen roped working treasure hunting lunatic richard johnson cassinelli discovers johnson belief found lost city atlantis keeping disgraced scientist joseph cotten daughter barbara bach hostage year fishmen uncover treasure trove beneath sea cotten course complete madman bach cassinelli great chemistry insanity directed sergio martino not surprisingly without merit fast paced reasonably well acted fishmen look pretty convincing though unlikely anyone could prove thing look like actual fishmen excellent music score luciano michelini,negative,positive,0.31361385056436286,0.6863861494356371,0.6863861494356371,False,0.18638614943563714
yes mtv really way market daria started clever teenage comment everything suck make viewer feel better sucky teenage life sitcom mutated deal problem used watch daria time loved sitting watching called movie wonder point daria tell u lead life college excuse point daria made every episode like ok long ok no matter rest sick sad world think entire thing reminded scene reality bite movie channel show documentry first time,negative,positive,0.47441595455726626,0.5255840454427337,0.5255840454427337,False,0.025584045442733738
queen damned akasha aaliyah sexy bigger demanding presence caught eye attention movie fault like lack explaining akasha past also not like movie really explain show relationship lestat akasha aaliyah role sort limited movie appear half movie top akasha death came liked akasha fought back ancient tried kill book last fight akasha ancient rather boring killed akasha like sec head got knocked sec lestat turned biggest punk played akasha well stuart perfect lestat could not picked better akasha lestat rest peace aaliyah,positive,negative,0.5199885921185157,0.4800114078814844,0.5199885921185157,False,0.01998859211851567
not much say one plot pretty much peg first minute nothing overly wrong film little action action film chance explore character emotion occasionally whether action film right genre still undecided sniper one easiest film watch without giving full attention little twist straightforward plot probably guilty second watch undivided attention may best,negative,positive,0.4103575787071335,0.5896424212928665,0.5896424212928665,False,0.08964242129286648
contains spoiler recorded ago pb never got chance watch probably due prejudice sit hr masterpiece theater bbc made tv production style no music setting one room no outdoor scene flat tv look watching movie traffic thought pretty good time could help digging traffik tape see else could dwelled extra preconception wrong tv series much involving traffic character fleshed better action believable whole subplot involving pakistan completes whole point view everyone whole supply chain farmer end user traffic pakistan story rewritten reduced good cop v bad cop alot meaningful discussion debate alcohol form drug whereas traffic mostly became passing reference no significance social issue traffik conveyed realistically sounding preachy whereas traffic character jus blurted statement like way made tv issue week no bad guy v good guy traffik even dealer portrayed junkie sell support habit instead nobody mess type person part since watched traffic not much watching hard not compare scene scene even though scene not knew outcome going already thank god pakistan story different enough allowed enjoy completely thinking scene compare although thrown thinking drug fused ceramic statue helen brought back germany storyline traffic thank god traffik not hokey,positive,negative,0.6157825004997801,0.3842174995002199,0.6157825004997801,False,0.11578250049978012
hardly masterpiece not well written beautiful cinematography think not movie terrible much better average main story dealing highly immoral teen focused forbidden romance really gotten instead scraping surface basically mom say ca part dropped altogether reworked importance plight two main character couple time wondering fan george lucas classic american graffiti not wrong fan movie make movie time look like mean come worst part madchen amick small part mean double come one one two line actually tried southern accent take good listen even though character california doh maybe star others could followed would authentically sounding movie oh well ya director director not artist also bad overall give little generous cause partial amick,positive,negative,0.859430318101937,0.14056968189806293,0.859430318101937,False,0.35943031810193704
excerpt memo cohn welles written orson seen studio mogul harry cohn edited version picture took hour preview title music written first rate composer george antheil although not written picture temporary title music atmosphere darkness menace combined something lush romantic made acceptable musical idea seems occurred present composer heinz roemheld rather weary one using popular song theme many arrangement possible throughout musical reference please kiss almost every bridge also great deal background material tune pleasing may well hit parade lady shanghai not musical comedy roemheld ardent devotee type scoring referred business disney word somebody fall make falling sound orchestra etc lab scratched initial phone number negative could unhappier result left go abroad asked vi viola lawrence editor make cut would involve dropping near accident also quite bit dialogue convinced would excellent cut saving much needed footage slow opening sequence not done accounting main weakness film opening reel nothing fact rita diving warrant big orchestral crescendo matter rita beauty evil overtone suggested grigsby character michael bewilderment item might inspired music instead dive treated though major climax antic moment silly symphony pratfall pluto pup wild jump space donald duck no sound atmosphere boat little wind water sorely missed no point photographing scene real boat make sound though happened front process screen start picnic sequence temporary score used curious sexy strain replaced corny dramatic sequel bad stock stuff sort music destroys quality strangeness exactly might saved lady shanghai another whodunit big musical outburst grigsby line want kill absurd hawaiian guitar music come radio supposed corny enough make certain satirical point stand level rest scoring nobody audience could possibly suspect kidding aquarium scene need echo please kiss bad dubbing job poor scoring destroyed character michael run pier gunshot phone call careful pattern voice built expenditure much time effort reason junked favor vague hullabaloo result whole sequence seems dull audience feel point along michael maybe going crazy new dubbing job make feel maybe going sleep gun battle breaking mirror must not backed music closing music make reference please kiss finale obvious point vulgarity incalculable injury finish picture edits orson ignored,positive,negative,0.829742662939121,0.17025733706087895,0.829742662939121,False,0.329742662939121
ever harassed underground christian say jesus answer question perhaps thank god never met lacanian slavoj zizek evangelical lacanians would surely exchange word jesus statement star burn brightly moment no doubt generally view film pop culture purely entertainment consumption seems impressive someone anyone come along say hang film may say something idea zizek expounds film true purely say example zizek explains three marx bros ego superego id god know happened zeppo gummo perhaps sinthome movie simply zizek output culture not investigated merely held example ideology people may object certainly something say different say christian attributing everything god wrong taking example film anywhere illustrate theory well nothing zizek seems believe may even serve proof however merely cant propaganda example isolated context without context say prove anything want zizek lacan answer go make example everything everything resembles teaching master culture bear serve ideology instance zizek exemplar fantasy position voyeur taken scene vertigo jimmy stewart spy kim novak flower shop context film not voyeur fantasy position stewart deliberately led novak presentation example isolated context continues throughout zizek two hour half cinematic analysis baby want f scene blue velvet laughable touching lightly appears consider horrific masculine truth feminine jouissance zizek say isabella rossilini character not demand degradation unconsciously charge situation example jouissance well possibly sorry prosaic evidence film partially undergoes humiliation hopper kidnapped son zizek may object also evidently enjoys rough sex kyle maclachalan may due number thing point feminine jouissance according lacan feminine jouissance unlike phallic jouissance not articulated beyond phallic capture castration language right no example made also mean entire concept entirely mystical designated dogmatist zizek feminine jouissance feminine jouissance say example really garnered film zizek psychology keep inserting favourite film even point boat botega bay say want f rod steiger not someone spends life critiquing film saying go freud would field day pervert guide cinema zizek nobody theory film show u desire may right face film not strict universal example psychoanalytical law film illustrates zizek desire extremely vaguely almost useless rest u desire psychoanalyst know desire desire not fully separated not easily universalised zizek love making everything example lacan answer bear desire like problem zizek desire everything everyone else rationalised desire zizek leninist certainly like letting subject speak pervert guide cinema summation zizek love dogma entirely unphilosophical even remains political dogma zizek never questioned exactly motif might embarking analysis trying discover term exploration therefore ethic never put extremely prolific book film say thing kind henry ford cultural theory colour long black perfect today highly consumerist society supposedly critical giving people pretending something different popular people largely prefer readymade answer problem capitalism always claim provide rather investigating thing serious consideration kind like brain dead zizek third matrix pill suicide loved zizek solemn remark presented revelation cinema humanity music film greatly affect people sympathy occur zizek watched jaw,negative,positive,0.371904808483275,0.628095191516725,0.628095191516725,False,0.128095191516725
judge based movie alone committee gave stage musical chorus line pulitzer prize broadway audience kept war horse running year heavy narcotic one singular sensation film certainly possessed anyone think richard attenborough right fit material utterly mystifies make musical almost entirely movement sit screen like lump content original score way originally written someone decided film really needed brand new song give movie zip thus assaulted surprise surprise well surprise surprise song stink,negative,positive,0.4222777396003381,0.5777222603996619,0.5777222603996619,False,0.0777222603996619
hell first reaction film actually first reaction contained swearing star war star war space battle movie none star war force movie retarded witch magic ring star war lightsaber battle movie got battle worth mentioning star war humor movie star war galaxy far far away movie horse besides lucas get insane idea let five year old baby leading role big big disappointment like star war watch,negative,positive,0.49482437488731845,0.5051756251126815,0.5051756251126815,False,0.005175625112681548
based stephen king novel needful thing provides intrigue eeriness keep seat mysterious man max von sydow come town soon becomes talked citizen could devil set shop antique dealer small town maine von sydow masterful dynamic role dominates screen also starring ed harris bonnie bedelia harris steady bedelia deserving attention also support walsh amanda plummer not best nor worst adaptation king horror screen,negative,positive,0.42574758327482265,0.5742524167251774,0.5742524167251774,False,0.07425241672517735
back kid lived sister bought every horror movie could find one vcr became household item movie watched hell yard sale day saw vhs copy blood legacy buy horror movie knew movie looked familiar thought second realized one sister bought sold year ago yard sale guessing recall anything watched night bought refreshed memory scene not sure felt kid sure enjoyed new watch enjoy anything back horror freak certain requirement order consider good one fell short one talk talk talk bore death type death scene see done using shadow wall followed blood splatter thats lucky get story good seen similar plot think one buried forgotten watch people unless hard,negative,positive,0.3349413177594369,0.6650586822405631,0.6650586822405631,False,0.16505868224056308
quirky watchable film story deluded dentist start mission crusade fight tooth decay back beyonds patagonia hailing northern ireland via new jersey main character fergus see crusade mission mass importance approach enthusiasm vitality discipline attention detail one would expect trained dentist add hilarity grand plan unravel gradually fall piece go disaster debacle patagonian outback back customised motor bike er mobile dental unit never get meet wife nor rich philanthropist sponsoring mission get solid display lewis fan work not disappointed believable performance deluded dentist gallantly adored innocent sexy year old female lead tag along ahem film not everyone understand pushed suit low budget sometimes charming always disarming mildly amusing instantly forgettable film set low expectation almost succeeds,negative,positive,0.29912406596743046,0.7008759340325695,0.7008759340325695,False,0.20087593403256954
mother young child say growing many reincarnation scooby feel well positioned comment historical current version family not seen episode prior shaggy scooby get clue may enjoyed light weight nothing special saturday morning cartoon essence problem current format light weight not longevity old scooby gang sure may succeed quick monetary return sure long term buy old young real danger lost year old son seeing new version really disgruntled without prompting said looked really badly animated anything like last series doo anomaly still infinitely better let hope get clue apropos reference producer,negative,positive,0.47849134249676184,0.5215086575032382,0.5215086575032382,False,0.02150865750323816
child age allowed see film rest u take book player take nice nap endure experience event best summed tv movie distributed theater child want see film like amused movie,negative,positive,0.35791313634410304,0.642086863655897,0.642086863655897,False,0.14208686365589696
could watch movie day love probably time favorite movie way part bad language not bad not exactly g rated great movie recommend everybody way making type line text going keep typing let post comment okay still typing getting annoying ugh still four go anyway watch movie even already seen care line yet nope line left even know want think done wait minute not done sorry people know torture listening well suppose read comment wrote probably done finally bye,positive,negative,0.5098593443318995,0.4901406556681005,0.5098593443318995,False,0.0098593443318995
not film really analyse separately production audience became extent unprecedented history american film industry felt involved viewing becomes like watching work friend possible objective movie may nothing disingenuous promotes audience friend giving naughty treat nannyish critic would deny look prime eli roth promising viscera missing literally gutless mainstream horror film churn watered technically incompetent piece work like elli may not spawned monster internet response film quite understandably quick engage took school new level getting fan build would eventually buy many enthused interactive democratic approach seem missed point cynical form nothing included know fan wo buy old suggestion get bum seat incorporated fact pitch became title tell need evolution focus group approach individual creativity talent craft idea sacrificed inane chatter mass critical commonplace focus group test screening make good movie preemptive intervention internet enthusiast different happen film fan well thank god u otherwise might not seen topless woman get nipple bitten yes fun movie midnight showing fresh pub bucket actually relatively little film quite lot atmosphere like christmas everyone seemed determined would fun no matter laughter know film film film calculated one even meaningful distinction genuinely good aspect film samuel jackson give performance pure real sense pleasure rachel blanchard lin shaye decent limited role one two inspired moment fate lap dog genuinely funny black comedy rest film fails stock character expected total lack suspense point film combine two great phobia no creeping menace several moment incredibly badly staged annoying british man get decent pulpy death scene killing oddly flat demise honeymoon couple instance shamefully botched actor fail make impression shame charismatic actress like julianna margulies seem tired tell two kid close eye pretend turbulent flight could talking audience film fall far short worse movie many many better another reviewer site compared film lake placid apt contrast think film worked magnificently performance excellent joke funny suspense sequence scary devised committee character little depth shading unexpected bonus need midnight showing good time film time fade become mere footnote film history set precedent however genuinely worried might crossing screen couple year time probability nothing much come perennial popcorn favourite raider lost ark alien halloween course star war produced mean time tell half got craving ingmar bergman,negative,positive,0.4873033912824366,0.5126966087175634,0.5126966087175634,False,0.012696608717563396
say want andy milligan family even deranged one film well guess could turned worse unfortunately video print film contains sex scene insert originally shot distributor boost picture box office appeal several time film milligan ugly camerawork silent film music abruptly end suddenly milligan homely actor take start psychedelic guitar rock pretty easy trying pay attention milligan original film unfortunately missing quite bit action cut make room added sex scene remains however still compelling stuff think ever seen hateful mother film,positive,negative,0.6438428587311191,0.35615714126888093,0.6438428587311191,False,0.14384285873111913
biopic late great singer ray charles one exactly one great scene ray occurs flashback charles youth boy become completely blind running sharecropper house share mother trip chair sprawl floor cry mother keeping philosophy person stand two foot observes silently pensively kitchen waiting see boy fall back resource boy prof challenge using ear memory locate kettle stove nearby grass blowing wind outside window scuttling cricket across movie pause expands breathes even second scene respite taylor hackford otherwise noisy film noisy not referring music course excellent referring sound effect big boom preceding yet another flashback inane dialog speaking friend ray visual side hackford equally pointlessly flashy filter camera lens flashback etc etc modern amenity horrible cinematic style displayed ray style important movie past decade scorsese aviator stylistically similar movie gimmick employed obfuscate screenplay u wo u also not quite prepared accept jamie foxx performance anything superb mimicry granted foxx eerily resembles ray charles walk like charles talk like charles even twitch like charles foxx imitation singer live performance technically perfect not begrudging foxx oscar deserved pretty weak field year anyway one wonder foxx really understands charles actor achieve one great moment insists trying smack shooting register brief moment disgust unfairness blind life darkness movie seems want dramatize struggle within charles bright salvation music oblivion heroin blindness battleground two compulsion damn movie wo take time bounce along triumph triumph never really pausing insight man one stretch find dramatic tension one must supply drama movie one must word imagine better movie rush toward glorious conclusion ray introduces dodge several excellent idea movie early day chitlin circuit bold musical innovation atlantic label problem addiction heroin inevitable artistic compromise attendant upon overwhelming success man importance civil right struggle touched movie oh minute much filmmaker lazy focus one element hour watching man overcome one adversity another may make u feel good movie not necessarily grand work art sort approach certainly provides no deeper insight film subject insight real goal movie like wanted ray charles accomplishment simply googled star extra star strictly music,negative,positive,0.2797117643818887,0.7202882356181113,0.7202882356181113,False,0.22028823561811128
film enjoyable wrong reason action sequence laughable make film funny slap stick moment robert ginty fred williamson memorable scene together near end williamson say ginty sure get around buddy boy enjoy film ginty williamson not storyline must written back napkin four line rest likely film part credit list seems odd no one else credit film maybe insight finished product would look one thing film going quite violent tripled fred williamson robert ginty make film worth seeing,positive,negative,0.5600000149402133,0.4399999850597867,0.5600000149402133,False,0.06000001494021334
waiting see remake better worse rated audie murphy movie harsh grader second lowest ever gave audie worst battle bloody beach curious give movie rating harsh grader civil war story renegade soldier want call north people like quantrell men rode original watery version clean cut still depicting horror men actually movie older version best viewed mature audience discern story would apt rate original r one gruff nature gp newer movie give honest version message easily deciphered juvenile older maker since early sixty boasted realism deliver instead give drab scenery drab costume drab event comic book cardboard stereotype character weakness spaghetti film maker realized mistake evident superior style western usually see today movie example give realistic setting also give u character believe exist lull make complete sit bit hard unexplained situation unexplained situation okay long entire movie hold character intriguing begin bit campy really improves main character one identify least sympathy audie murphy character early movie really evokes no sympathy self righteous without character movie follows line true motivation method madness never feel truly right understand come plenty action movie also humor one good scene heroine tell hero would lie mull movie succeeds film maker trying decade director writer team got complete success,positive,negative,0.6613066501793253,0.33869334982067467,0.6613066501793253,False,0.16130665017932533
thought not best episode every seen though viewing partner handed tissue anticipation brendan fraser moment sigh nice see cox outside incessantly brittle coxism state day brief moment also enjoyed trying place episode included length character hair height case jd youthfulness earliest episode also see zach might well way chevy matthew perry induced chemical slide already acknowledged conan little side note song stuck head dance montage diner martin sexton,negative,positive,0.20145736277505144,0.7985426372249486,0.7985426372249486,False,0.29854263722494856
decent horror flick gate hell nyc happens old brownstone seems like lot gate hell around course unwitting model happens decide need space happens pick one disguised nice reasonably priced apartment meet several strange neighbor even attends birthday party cat upon meeting realtor hears strange noise night upstairs find old priest supposed tenant whoa weirdo boyfriend slimy lawyer played chris sarandon start poking around find thing not seem not long shot decent creepy scene idea creaky old folk sometimes neighbor appear fairly intriguing bit decent gore even parade folk towards end make decent watch seen many time tv uncut dvd version much better course not bad little horror flick maybe good companion piece burnt offering,positive,negative,0.6256803949616919,0.3743196050383081,0.6256803949616919,False,0.12568039496169192
beloved tale hero benji higgins dog many different thing many different people busy day benji grab breakfast house two young child chat officer law chase old lady cat reminds aging café owner start day special helper amusement others companion arises young friend kidnapped taken abandoned mansion call home know benji save routine joe camp tend slow motion effect audience though find hard resist lovable little pooch kid age sure adore cast never going anything background benji call inspired fun family fare academy award nominee benji theme feel love july video,negative,positive,0.2034116055274,0.7965883944726,0.7965883944726,False,0.2965883944726
cheapy biography star black white minstrel show certain dixie boy johnson whether person ever really existed know considering cast list certain lee lass white roscoe karns playing said character well assume man exist pardon pun version career plot follows dixie boy career height depression death wife childbirth abandonment child friend return daughter sixteenth birthday stage debut reconciliation another forgotten man benny field play dixie boy man lovely baritone voice no acting talent whatsoever boring lump screen gladys george valiantly try best enliven work no avail judy clark best impersonation betty hutton ever seen although believe thought scoring replete many musical number short running time minute earned deserved oscar nom worth look,negative,positive,0.48829665291621693,0.5117033470837831,0.5117033470837831,False,0.011703347083783067
movie maybe really bad alot fun bad acting poor direction enhance film hystericalness twin funny conanesque role go film expecting first conan excalibur hate watch good mood accept good dumb fun good time watch scene try hang brother funniest scene film wish mystery science theatre would done,positive,negative,0.7334022587395282,0.26659774126047175,0.7334022587395282,False,0.23340225873952825
imagination terrible thing waste especially talented actor jones waste no time siding viewer protagonist anyone shared apartment slob cry laughter anyone arrived meter maid place ticket windshield plain cry wanted rip terrible toupee man head snippet store watching cross eyed heartfelt film stepping stone jones wry sense humor front behind camera,positive,negative,0.8954329558224657,0.10456704417753424,0.8954329558224657,False,0.39543295582246574
saw arty cinema also showing last day charlie chaplin film based quality feature decided give immortel chance nearly walked movie like story set futuristic new york city filled blade sky advertisement similar debate human unfortunately screenplay not condensed enough movie three group exist world human artificial human egyptian god artificial human seem upper hand control politics city human slave used eugenics organ donation egyptian god floating pyramid modeled great pyramid khufu complete deteriorated exterior leaving smooth cap pyramid would floating futuristic pyramid perfect condition pyramid rest city nobody ground understands wo bore plot lot unnecessary gore many scene film said look influenced blade runner perhaps also fifth element matrix end film credit listed united kingdom france italy film french us british actor speak french hence obvious french dialog dubbed distraction also thought switching back forth real human animation quite distracting help animation poor no better video game skip one,negative,positive,0.3620279687393859,0.6379720312606141,0.6379720312606141,False,0.13797203126061408
nothing new tired waste talent danny glover whoopi goldberg considering produced star spike lee pretty tame tired stuff come whoop never change hair glass many year film cover blah,positive,negative,0.8801801555245045,0.11981984447549554,0.8801801555245045,False,0.38018015552450446
review written someone read several time know talking firstly read others comment noticed objection really quite stupid people read book jane austen matter good book know sticking book vital trust author viewer not like stick book well show not understand jane austen obviously not true viewer truly loved book jane austen general watching four hour not prove difficult secondly society care lot look big fancy hair style would show rich day key factor getting along good society confess female costume not brilliant bad one male made also prejudice naval men not uniform nice word silly today people not go uniform away school work casual clothes century also go acting good subtle jayne austen writes scene end beautiful not compare filming version technology improved much since ridiculous compare actress play ann old air acting make seem prefer version reason not comprehend not stick book flat ending sentimental change major scene good actor lead give good job given obviously people really really like sorry stupid not understand persuasion need overdone version beautiful romantic written excellent script writer inspector morse good actor really film watch many time delighted,positive,negative,0.5744386485337262,0.42556135146627383,0.5744386485337262,False,0.07443864853372617
movie fascinating drama making movie actor actress really ca stand build scene sex first time per script actress show little emotion camera plot aside freezing early scene beach actor self absorbed increasingly defies direction director jeanne could not help drawn drama two possibly going act way thru sex scene drama becomes exciting actual nudity foreplay performed camera not roxane mesquida lovely worth seeing naked however pretty young stage hand walk thru scene extra think far left edge one picture imdb even know girl credited walk fully dressed course confident indifference short blonde hair sexy girl,positive,negative,0.6661876463719925,0.3338123536280075,0.6661876463719925,False,0.16618764637199246
first full heston movie movie everyone already know ending sci fi thriller campy factor everything go movie injected head rented morning watched perfect movie watch mood not wanting move put player hide blanket though tried understand happening lead ending eternally ruined pop culture really make everything place relationship no backbone ending no lead everything kind freakish way watcher no choice leave partially dumbfounded ending get even though know people quick answer people make serious attempt enjoying movie anything silliness thrown window,negative,positive,0.3219357808684695,0.6780642191315305,0.6780642191315305,False,0.17806421913153048
overwhelmed work jim carrey keep getting movie stuck head grinch liking martha may cindy lou annoying sweet innocence try get grinch christmas spirit childhood grinch funny moreover weak obvious ending christmas present say felt stupid walking theater bunch baby toddler laughing forth movie good adaption short film age,positive,negative,0.5242894317615893,0.47571056823841074,0.5242894317615893,False,0.024289431761589264
never heard seen e cracker brilliant british tv show overweight foulmouthed psychologist named fitz help manchester police department get head violent criminal considered one finest show ever come england saying something tremendously successful england around world back original star original writer knock one episode loved show ever since first seen decade ago dvd box set hold place honor collection quote good deal fitz interrogation scene practically word word idea robbie coltrane reteaming jimmy mcgovern another tv movie fitz filled absolute start good one many thing impressed original cracker series quickly fitz defined character five minute first episode lecture throwing book air drinking cussing guy gambling machine queue knew simply knew character could feel clicking mind kind click happens great actor get great role written great course remained great throughout show always felt later episode not written mcgovern mistreated good news fitz back soon see show making incredibly inappropriate comment daughter wedding feel click petulant one moment truly sorry next always insightful sincere point tactlessness brilliantly funny process love character much delighted portrayed movie extends judith mark fact everything fitzs handled problem movie revolves around crime fitz trying solve standard cracker fashion know exactly criminal first five minute suspense lie seeing fitz figure case serial killer american blood reason unfortunately not due believable psychological trauma rather seems murder simply allow writer display personal political difficult write truly believe jimmy mcgovern one greatest writer world nor problem movie current issue movie take political stand cracker universe expect see character behaving like human being not like caricature instead american movie depicted entirely stereotypical fashion loudmouth complain everything treat local like crap cheat wife one even manages within less minute honestly thought mistakenly switched channel stop get constant reminder badly war iraq going reminder nothing whatsoever story appear practically nowhere killer busy ranting bush worse hitler almost forgets get killing point mouthpiece writer political view forgets act like believable human thus audience buy sudden transformation happy family man tortured ca say ruined show still good tv better almost everything else genre mainly due coltrane constant politicizing made impossible good real cracker classic like somebody episode issuey one handled far subtlety psychological small point panhandle not around disappointment worse replacement entire police department long filled great character full vanilla completely interchangeable cop lack personality could drain coupling richard coyle personality beyond indeed missing couple moment show lost believability one instance revolves around fitz narrow entire population manchester million hundred based strange criterion french window computer know french window not succeeds succeeds less hour think little disappointed recommended viewing remember leave least expectation door still new series come would good convinced mcgovern still write great stuff maybe got politics system go back writing people,negative,positive,0.43350747482596763,0.5664925251740324,0.5664925251740324,False,0.06649252517403237
spoiler bit ridicule made tv movie sexy middle age isabelle collins susan tucci number every man come contact movie first winning heart wallet no longer use thrown wastepaper basket like used kleenex first victim non abusive keeping isabelle raiding bank account husband stewart john later movie isabelle get friendly former plumber yacht salesman richard davis philip casnoff without really telling totally richard get contract unsuspecting husband life getting fact soon released prison daggett nicholas campbell job stewart richard soon find get exactly paid cash little greedy daggett not blew stewart brain took solid gold watch stewart offered order spear life well watch easily traced daggett tried pawn local jewelry shop quickly arrested doggett spilling gut hired whack stewart take long long arm law arrest stewart hiring doggett killer isabelle husband yacht salesman richard davis davis arrest police happens isabelle took vow matrimony local church isabelle manipulates everyone exclusively men fall head heel advantage getting dirty work always playing part naive housewife widow lover even client isabelle seems live charmed life always one step ahead law police no matter isabelle cover pretty behind well almost impossible pin others many crime commits second party screwing figuratively well literally first husband steven second husband less ten second richard finally richard attorney gavin kendrick kamar de los rey isabelle know matter time police get wise getting richard kendrick turn evidence isabelle knowing everything fast closing make final move getting everything order transferring cash overseas isabelle daughter ruby lauren collins shoot passport office order get clearance passport get cagey clever isabelle make first possibly last fatal mistake movie isabelle told passport clerk carrier wait full hour ruby passport clear enough time police find arrest outlandish ending go almost everything every ethic film noir crime movie ending not blow mind concept right wrong world,negative,positive,0.2365377896491475,0.7634622103508525,0.7634622103508525,False,0.2634622103508525
dvd published uk code cover no asin vfc disk no ifpi code inner straight transfer vhs no much point commenting adult film one contains minimal plot character believable shown united state normal seen pensylvannia way back deserves place encyclopedia movie dvd no special feature no subtitle probably made using vhs tape source,negative,positive,0.41846482710386756,0.5815351728961324,0.5815351728961324,False,0.08153517289613244
tyra bank need teach girl not beautiful outside inside count something lot past winner looked semi decent horribly cruel starting trouble girl see tyra less involved girl every season thing worth watching top model jay manuel recently tyra contestant transsexual felt done encourage obvious insecurity original anatomy showing feminine look tyra given tip perhaps could sent resident trannie jay help girl instead contestant met harsh criticism not enough positive criticism shame truly enjoyed first season reason project runway season dvd top model season dvd called taste top model seriously need lot revamping humanity,negative,positive,0.4875289989677196,0.5124710010322804,0.5124710010322804,False,0.012471001032280382
know hype npr thought new movie best footage used bbc doc natgeo project seen interested nature program repackaged sappy narration music disney take advantage earth great moment always nice listen darth vader oops james earl jones speak hoped ground breaking movie considering new camera technology used making film sanitized child audience one actually see better footage free youtube feel due something ground breaking koyannisquatsi sic movie certainly not,negative,positive,0.3528517665124973,0.6471482334875027,0.6471482334875027,False,0.14714823348750272
adaptation like heiress based henry james novel heiress starring olivia de havilland remains piece work though less true james original story new remake retains james original title story awkward yet loving daughter leigh devoted father finney mother dy childbirth arrogant father hold daughter no esteem whatsoever considers well woman simpleminded young man chaplin good family little fortune come courting father naturally suspicious feeling sure daughter could hold no interest man convinced young man fortune hunter forbids see leigh controversial actress either love hate always particular edginess tenseness style like acting gritted teeth not bad handle role relatively deftly awkward role actress making audience want grab character shoulder shake come sens character garner lot sympathy not particularly likable handsome immensely appealing ben chaplin previously seen truth cat dog play role exact amount mystery required keep audience guessing whether fortune really love maggie smith one finest actress alive raise level movie considerably portrayal aunt finney marvelous course father threatens disinherit daughter disobedience daughter willing risk man love ardent suitor still want without fortune one instance washington square differs heiress another instance ability stick handsome movie tedious dripping faucet offering little story long movie,negative,positive,0.4878626039300671,0.5121373960699329,0.5121373960699329,False,0.012137396069932915
lucky others commenting film never seen anything else shall say fecund mind sarno agree many actress spend lot time topless dancing not really attractive kinda liked fraulein crank homely cute acting pretty stale also though delivering line second language might accounted lot problem trying follow plot major chore one really heartily agree one comment vampire movie not much blood yep want good bloodsucking flick check hammer classic horror dracula personal favourite bride dracula unintentionally humorous part lady doctor get clothes torn cloud bat never see bat happen catch cable great white north heaven sake rent,negative,positive,0.45475840699002623,0.5452415930099738,0.5452415930099738,False,0.04524159300997377
uk psychological thriller known united state closure exploitation gillian anderson play attractive middle aged businesswoman substance named alice must attend business party invite adam danny dyer installed security system escort way home speeding wood narrow lane alice auto collides deer pulling wounded animal road couple savagely attacked drunken gang thug adam beat pulp alice gang raped emotionally physically devastated ruthless attack identity attacker discovered alice adam set exact revenge brutal revenge couple time find odds deal ruthless attacker final decision avenge no mercy let no mistake payback hell also cast anthony calf ralph brown francesca fowler antony byrne brutal violence disturbing image nudity graphic rape,negative,positive,0.43768385051865033,0.5623161494813497,0.5623161494813497,False,0.06231614948134967
okay first got movie christmas present free first movie meant stereoscopic part whenever main character car movie fall flat not hard film car second story good lot thing wrong showing death beginning film made movie suck whenever going get killed watch good laugh waste time buying download something cheap,positive,negative,0.9562400165862126,0.04375998341378739,0.9562400165862126,False,0.4562400165862126
want see true thriller rent not director screenwriter scream feature overacting overpaid tv actor passing star not run mill special effect bonanza instead get edgy strong violence yet thrilling nailbiter,positive,negative,0.6789005974589862,0.32109940254101377,0.6789005974589862,False,0.17890059745898623
actually liked movie even though movie seems hated think even better deer hunter overrated movie year dragon underrated although could see someone would not like movie three half hour movie go long second half movie much better first half kris kristofferson christopher walken fighting isabelle huppert ca make mind one sam waterston villain list people killed say anarchist thief great cast also jeff bridge brad dourif young mickey rourke,positive,negative,0.5653253875216393,0.4346746124783607,0.5653253875216393,False,0.0653253875216393
sadly movie not good really matter know basic story nothing new love low budget horror sci fic camp classic forgive one thew thing anyone remember movie little leonardo dicaprio made debut part ask great acting skill direction probably never gave chance providing one anyway little leonardo dicaprio cute girl movie fun like horror sci fic camp classic experienced watching,negative,positive,0.31205739075487204,0.687942609245128,0.687942609245128,False,0.18794260924512796
someone please help missed last view moment want pay money see whole film got train carriage say drink smile happens anymore dialogue action surely end bit bored film kept hoping would get better love kristen scott thomas anyone remember uk tv series nun wanting know name sean penn brilliant madonna eat heart everybody else fact film bit predictable spot star cast ending took surprise really thought burnt boat fan star worth watching,negative,positive,0.37194867362856765,0.6280513263714324,0.6280513263714324,False,0.12805132637143235
seems lot imdb comment film biased sense try compare older version true hollow man remake sort invisible man similarity end hollow man entertaining movie period watch movie intention finding many flaw possible watch movie first place true movie plain horrendous unbearable hollow man manages entertain make think would invisible ex getting laid one friend kevin bacon star eccentric scientist along team collaborator discover way make animal invisible mission make visible team young scientist working might guess pentagon think formula making animal visible kevin bacon volunteer first try new experimental drug course thing go wrong kevin bacon remains invisible rest movie obliged wear latex mask collaborator know feeling paranoia desperation begin take kevin character find ex girlfriend collaborator elisabeth shue torrid affair another young scientist team finally snap movie turn hybrid alien slasher flick not saying bad turn scare chill movie move nice pace special effect top notch quality always prevalent paul verhoeven film get see body reconstitution sequence never seen movie anything complain perhaps predictability situation herein first hour movie know kevin bacon make jump weird eccentric homicidal lunatic end ending bit abrupt despite hollow man still worth watching want know truly bad movie waste money fear dot com stephen dorf even worse untold sasquatsh land henriksen hollow,positive,negative,0.6580597054461623,0.34194029455383773,0.6580597054461623,False,0.15805970544616232
burt reynolds play gator mcklusky likable released prison help fed nab corrupt small town sheriff reynolds often accused critic merely phoning good ol boy performance true throughout day reynolds knew make effort work well ingratiating handsome reynolds come close winking audience without breaking seems know backwoods well movie star director joesph sargent provides easy pace sweaty ambiance brings south alive unfortunately story much supporting actor ned beatty bo hopkins overact usual diane ladd fine small part daughter laura dern glimpsed background reynolds returned character gator,negative,positive,0.17326831203532267,0.8267316879646773,0.8267316879646773,False,0.32673168796467733
bunch american student tutor decide visit ugliest part ireland order study ancient religious practice despite repeatedly warned danger straying beaten path local creepy irish guy natch wind inside outside courtesy family inbred cannibal descendant infamous sawney bean clan according film silly plot upped stick scotland settled emerald isle think porn star plus low budget horror automatically equal ton nudity terrible acting think evil breed bristling adult star fact not nearly much nudity one might expect given talent involved acting although far oscar worthy ai bad exception ginger lynn allen know marvellous french whose irish lousy breed open superb style brutal slaughter couple amorous camper brief sex silicone enhanced hottie dragged tent torn half guy arm leg cut roasted spit gory start bodes well rest promising beginning thing start go seriously downhill introduced main character annoying bunch begging become cannibal chow subjected fair amount time wasting form terrible false scare lot blarney murderous druid local irish weirdo gary simon peacock worst conversation convention horror film clever look though film never going get better director christian viel decides get serious guy get knife rammed head gratuitous scene featuring lovely blonde gillian leigh not porn star sure career waiting want thing improve rapidly cannibal kick top gear film transformed veritable bloodbath gary machete rammed as time strangled intestine ginger lynn mutant jenna jameson torn open eviscerated silicone breast implant gnawed confused cannibal guy get decapitated cheese wire taylor hayes seen bloody bruised naked dead foetus leg apparantly captured used breeding stock outrageously gory make sitting less interesting stuff worthwhile earns evil breed final rating troubled production studio meddling resulted christian viel eventually abandoning project done gore heavily trimmed u release good news although film flow well might cursed terrible ending uk dvd version watched seems left relatively intact far splatter concerned cut film total,positive,negative,0.9442017350872406,0.05579826491275939,0.9442017350872406,False,0.4442017350872406
not funniest movie ever watch film least year fall love michelle johnson never looked better film way story good,negative,positive,0.41947890510047225,0.5805210948995277,0.5805210948995277,False,0.08052109489952775
movie production today would probably christian screaming child porn far great film fact rather pedestrian however imagination fond remembrance youth first love recommend,negative,positive,0.35041375445032097,0.649586245549679,0.649586245549679,False,0.14958624554967903
return lost world filmed version lost sequel five people lead challenger return plateau group started drilling oil threatening destroy land gomez something manage defeat drillers plateau saved much delight lost world dinosaur see made rubber include david warner reprise role challenger summerlee three actor also reading several bad review cheap looking rubber dinosaur enjoyed return lost star,positive,negative,0.573855150828013,0.42614484917198703,0.573855150828013,False,0.07385515082801297
watching john preform one kind show share really something watch grown man portray child like fact every character became could picture looked like entertaining understand individual freak real stand john real talent,positive,negative,0.5486301189109873,0.45136988108901266,0.5486301189109873,False,0.04863011891098734
scary crude opening give creepy chainsaw massacre everything fall alert soon two start jabbing know real killer anyone seen enough figure movie mader one thing mind depict brutal murder not little girl tortured murdered well next u torture abuse child whats wrong people lynch truly disgusting ugly mind,negative,positive,0.4691860328520928,0.5308139671479072,0.5308139671479072,False,0.030813967147907184
regret every single second time lost watching movie really unhappily always find hard switch movie started watching especially classic people use call classic think one movie every watched least one time watched get wrong like humphrey bogart wife lauren bacall couple actor movie big fraud opinion no really good plot neither espionage flick nor romantic love story well not even convincing mixture genre thing caused tension uncertain whether bogey bacall would stay together end part one another think not overrated bogart many better film,negative,positive,0.48932442314640645,0.5106755768535935,0.5106755768535935,False,0.010675576853593549
core meet crack world made tv acting stock suspense predictable subtract plot ripped core basically manned drilling machine end plot crack world crack truly excellent movie starring dana andrew team scientist working south africa drilled crust punched nuclear device order provide steady source geothermic energy one subordinate also brilliant scientist disagrees belief blast not drill simple hole instead form crack crust possible spoiler right order stop resultant crack destroying earth must place another nuclear device path crack although placed spoiler warning know really spoiled anything either movie since crack world available rare vhs format decision not reveal whether not work probably rate descent average,negative,positive,0.27927761201789325,0.7207223879821067,0.7207223879821067,False,0.22072238798210675
powerful true story phoolan book film based came released prison chance tell allegedly based diary illiterate work said area film accurate acting bad sensitivity shown really though story need old tv series far much happens cram couple hour read autobiography highly recommended fantastic story,negative,positive,0.17642905697900024,0.8235709430209998,0.8235709430209998,False,0.32357094302099976
cute little french silent comedy man bet another ca stay castle one hour due haunted guy enters house look much like crazed fun house maybe like lsd ghost skeleton weird menagerie animal odd special effect gag well awfully hard describe visuals alone make film worth seeing however understand director also many funny gag totally fell flat hurt movie camera trick much tricky annoying stupid ignore keep watching get better film fast paced funny worth seeing particular really liked watching acting mugging max linder expressive funny bad virtually forgotten today interesting sad read check imdb biography,positive,negative,0.5163697218860505,0.48363027811394954,0.5163697218860505,False,0.01636972188605046
ca believe seeing film think perhaps thought another movie slave mistreated avoided root reason yet see schindler list want entertained people pain not matter authentic informative supposed guess main thing noticed color purple not black people mistreated white black people perfectly capable raping daughter giving away treated slave husband painful watch everyone redeemed end acting phenomenal could believe character oprah played age adore whoopi start amazing glad feeling lousy yesterday afternoon showtime running color purple,positive,negative,0.6588663233962588,0.34113367660374116,0.6588663233962588,False,0.15886632339625884
imagine young people involved making necromancy aka witching plus bunch title must felt little weird set horror movie man participated john houseman production proletarian play cradle rock scared people thinking alien invading war world directed starred greatest movie time citizen kane orson welles starring flick satanic basically nothing creative movie lot nudity background music always prof really distracting even movie particularly predictable still worth seeing low welles sunk fortunately final thirteen year life narrated documentary bug bunny superstar warner cartoon hosted documentary man saw tomorrow nostradamus recommend two not one avoid starring pamela franklin michael ontkean,negative,positive,0.30929831025377674,0.6907016897462233,0.6907016897462233,False,0.19070168974622326
huge fan cracker series waiting year next addition episode afraid not live return manchester year daughter wedding get involved murder investigation soldier tormented flash back tour duty northern irland go killing not like episode extremely convenient way set fitz led murderer fat however good scene flash back northern irland filmed great,negative,positive,0.37362740080426793,0.6263725991957321,0.6263725991957321,False,0.12637259919573207
cinematographical buff film may not rank high list thing see know anything plot development profound truth intention film series understand specific film rendering writer not expected know happen end film biblically accurate justifiably scare viewer thinking may christian not due movie due personal decision accept jesus savior film potential something similar circumstance portrayed therein remarkably scare someone thinking action decision not cheap attempt scare people believing god rather mean get christian know not left behind thanks movie like look beyond superficiality entertainment acting film budgeting appreciate depth film offer movie not see feel heart soul,positive,negative,0.5641504486020019,0.43584955139799814,0.5641504486020019,False,0.06415044860200192
action western james steart lead star cast scenic northwest filmed great splendor scenery costume great action adventure stewart play wealthy cattleman run afoul crooked government old main drawback stereotypical cynic hollywood always made hero even movie made cynic stereotypical hero one stewart portrays really saving grace kind two partner give extra dimension credibility piggish everyone else hard really care accept much like one dimensional spaghetti western character cut not bad minor character quite enjoyable walter brennan royal dano harry morgan others make worth watching,negative,positive,0.4335889275144721,0.5664110724855279,0.5664110724855279,False,0.06641107248552791
rawal combo golden like hera pheri hungama went movie indian multiplex high hope especially slick promos unfortunately like hulchul movie huge others commented premise movie already stale begin get stretched without development additional layering want movie end go home watching home would much easier cut loss akshay kumar performance average best john abraham not try comedy comedy aspect movie overall pretty week remember giggling like twice entire movie definitely no sidesplitting belly laugh consumed hera pheri even lesser extent awara paagal deewana paresh rawal expected classic moment overall role character given much room grow make much impact dhupia make appearance movie fun look screen song fun especially opening closing song ada kiss baby respectively otherwise better passing movie,negative,positive,0.47879397263318557,0.5212060273668144,0.5212060273668144,False,0.02120602736681443
seeing sneak preview today angel demon cleared mind uncertainty might hold back enjoying enormous amount hatred towards dan brown fact written dan brown dan brown name slapped poster went open mind expected worse instead got half hour roman cat mouse game forrest gump mean good entertainment movie hang loosely actual novel harvard symbologist robert langdon hank jet rome pope sudden death papal conclave arranging carmelengo patrick mckenna mcgregor however soon learns new threat one involves secret brotherhood making presence known time bomb vatican city targeted kidnapping four cardinal langdon using intellect trust hearing lot given task finding rescuing using mysterious path illumination aiding quest cern scientist vittoria vetra zurer also movie run uneven pace one minute langdon swiss guard speeding save branded cardinal next minute bore pointless information every random object pass evidently slowing book much anticipated sequence make interesting read paper screen go either way character decently written onto big screen ewan mcgregor convincing performance quiet knowledgeable patrick mckenna famous accent included tom hank slightly agile intellectually physically since last performance mediocre da vinci code stellen skarsgard play commander richter leader swiss guard unfortunately neither nor ayelet zurer performance worthwhile one instead playing part story kicked aside asset however angel demon accomplishes dvc could never thrilling movie filled satisfying explosion beautiful recreation peter square basilica including many church pulsing bomb counting midnight hour ron howard decent job directing second langdon adventure time taking much criticism almost completely exchanging boring dialogue tense chase almost newcomer might call national treasure much larger threat still enough contagious brilliant still shot rome breathe fan book might feel differently towards movie drastic change considering amount blasphemy inaccuracy generates exceedingly well keeping viewer locked screen time rather sleepy shoulder good adaption appeal,positive,negative,0.679535983393845,0.3204640166061549,0.679535983393845,False,0.17953598339384502
fan shakespeare waited anxiously see episode comment movie first episode recipe movie take talented actor rich beautiful shakespeare material budget mix well drain life movement dull lifeless serve cold big plain stone cauldron movie give actor least deserve little bit credit okay episode admit first time saw fell asleep halfway understand reaction several veiwers well however watched second time realized whole host intelligent reference good line missed first time around trick episode listen carefully take couple viewing catch line give second chance see mean episode,negative,positive,0.2658223161174784,0.7341776838825216,0.7341776838825216,False,0.23417768388252158
must admit first began watching film no clue going beginning bit confusing however not diminish enjoyment movie character reveal complex may first appear make memorable film first heard real hollywood movie although obviously lack stereotypical gun fist element convincing performance talented actor martin sheen sam neill make rather see film substance shooting day,positive,negative,0.5388383465673539,0.4611616534326461,0.5388383465673539,False,0.038838346567353854
many actor get stand neurotic compulsive yorker persona film woody played ferrell mercifully less direct impersonation one kenneth branagh celebrity annoyingly repetitive story nebbishy neurotic man wife girlfriend fall madly love shiksa queen upon project manner perfection everyone life perfect gigantic apartment great manhattan neighborhood everyone constantly patronizes expensive exclusive restaurant character relate fascinating anecdote discus arcane philosophy always trip hampton nebbishy main character spazzes sand physical exertion possible exposure disease course said main character feel guilty lust shiksa queen pursues anyway sometimes succeeding sometimes failing tired formula proof allen really great film artist seems like dirty old man libido emotion intent upon telling boring old story,negative,positive,0.26232530807182775,0.7376746919281723,0.7376746919281723,False,0.23767469192817225
every time see film like get sick stomach watch movie like see see everyday life go day see black white asian latino etc cast film even think possibility ethnic group walk past sure purpose pay attention care take place kansa south central saw one token black typical hey rapper singer athlete working actor thomas haden church could paid attention cast actor supposed liberal,negative,positive,0.48813159257333016,0.5118684074266698,0.5118684074266698,False,0.011868407426669836
review say weakest point hamilton short movie career movie bit different rest considering best worst depends expect movie expect hamilton photographer slightly surprised bilitis look like book movement young girl discovering relation edge lesbian plot connecting scene laura concentrate character enables developing relation among though see beautiful photo many better average number reduced sake plot tendres cousines different hamilton movie look like film like collection moving photo acceptable wider audience hamilton fan looking like erotic comedy not german type schulmädchen report fan would disappointed wo laugh lot smile something often get hamilton unlike hamilton movie age female varies unlike movie main character boy unlike usual work one put place time character live life destiny lead u one photo another one nude girl hamilton get lost script hand girl beach shower room garden tent front mirror regardless amount clothes territory shoot minute hour whatever always feel artist eye hand behind present u average everyday life stop hamilton becomes average director follows script hamilton best known nude part work tendres cousines reverse situation girl not best shot nature garden house remind u hamilton work often neglected part girl even nude anything special way present u maybe hamilton confused boy front camera maybe thinking line censorship would accept maybe really trying make something new no one dared tell neglected mostly praised,positive,negative,0.592079042519263,0.40792095748073703,0.592079042519263,False,0.09207904251926302
among one many usa attempt remaking old classic british tv show famous one see none mentioned even acknowledged knew tv called secret agent man original secret agent man starred great patrick mcgoohan prisoner braveheart ice station zebra phantom etc man tapped first james bond turned mcgoohan devout man considered james bond bed hopping violent way show done black white pity seen missing lot character mcgoohan played secret agent man named drake finished show went popular though time bizarre controversial tv series called prisoner character played prisoner agent identity not revealed kidnapped transported island not know responsible kidnapping know captor want know reason behind resignation british secret service island populace name referred number patrick character assigned number argued prisoner character fact character played secret agent man mcgoohan disputed unmistakable famous theme song original secret agent man spawned written johnny river famous pop musician read actually think song come version show wrong johnny come original tv series let help set fact straight complained name show stupid well england actually called danger man u retitled secret agent man supposedly stupid name show well enough first current show little original no main character named drake one guess best make show version secret agent man use redone version original theme song tell show indeed meant redone albeit however inferior redone version original series,negative,positive,0.4750660404774808,0.5249339595225192,0.5249339595225192,False,0.0249339595225192
ok th film like segal last film go beyond knock em kick em groin shoot em face get revenge bad guy hurting sister niece cousin stuff seagal geepers steven started thinking using buck make movie actual idea sure plenty action flick also thought heart not oscar flick well worth effort unless viewer brain dead violence hurt think longer second worth rental two,positive,negative,0.591867976979726,0.40813202302027396,0.591867976979726,False,0.09186797697972604
sorry say no idea hollywood sure give u movie like batman begin oh way hollywood think may cover story line movie batman please entertain u would really want see batman superman together really hated trailer left wanting looking around see coming like terrible practical joke graphic good story line seemed solid trapping great movie unfortunately not going happen producer director actor great job hate left wanting,positive,negative,0.6314108430570903,0.3685891569429097,0.6314108430570903,False,0.13141084305709028
crap hollywood indie churned finally get movie delivers scary moment clichéd moment not sure possible nowadays make entirely original movie not much new done sure pay attention subtle scare come quickly often not movie watch eating one red herring movie unfortunately one role cheri christian make effective julie one thing totally unsympathetic know know gone traumatic experience viewer never get know normally relationship husband rather discomforting unintentional way think director meant u sympathy never ending disturbing satisfying could easily cheapened sound effect beginning end credit director wisely not masterpiece mean good scary movie something rather rare nowadays,positive,negative,0.5886233954189807,0.4113766045810193,0.5886233954189807,False,0.08862339541898068
year another represented key date history chile south america whole world date bloody coup chile deposed salvador allende first marxist president elected democratically anywhere world put end chilean experiment democratic transition capitalism socialism allende committed suicide armed force attacked presidential film biased nostalgic towards time allende rule objective rendition man place history time troubled allende disputed figure history country whole world true democratically elected policy plunged chile economic crisis deposed coup dictatorship followed repression flagrant human right abuse also ally castro saw policy another way making revolution never know tentative build socialist yet democratic society would succeeded author movie take completely position no opinion point view trying explain side answer question like middle class oppose democratic view could go together supporting supported castro tone commentary nostalgic apologetic almost propagandistic people want get better understanding episode history need wait balanced objective film book future,negative,positive,0.2847993263093186,0.7152006736906814,0.7152006736906814,False,0.2152006736906814
many movie think see movie like ca count sure seemed like movie maker trying give hint reminded often movie became big distraction one borrowed memorable line came movie day tomorrow one line not bad movie borrows much many movie becomes bad see movie despite downfall enough make interesting maybe make appear clever borrowing much movie never go overboard fact probably find battening hatch riding storm costner kutcher played character well never fan kutcher nearly gave guardian surfaced good fashion costner carry movie swimmingly best costner ability think robinson anything supporting cast around played part well no problem end character used save wear tear enjoy movie part work work well enough keep head water expect smooth almost,positive,negative,0.5044940231591142,0.4955059768408858,0.5044940231591142,False,0.00449402315911418
nature business try capitalize others success movie taking element earlier dracula frankenstein germanic town village leader believe vampire shape bat cause recent death bloodless victim even though shot universal bronson cave poverty row feature not fair compare earlier expensively made superior familiar exciting chilling music main title must mischa bakalienikoff talky well done opening sequence anticipate arrival lionel atwill fay wray dwight frye give u good mystery film unfortunately happen get little formulaic element film slow pacing low budget not enough dwight frye overdone presence maude eburne aunt gussie premise lionel atwill von niemann require human blood exhibit mind control servant emil robert frazier never made not watch technicolor dr x also star lionel atwill fay wray father daughter watching way oscar winner comparison watch one first structurally vampire bat still good plod along much talking unnecessary comic relief without focusing strongly vampiric dr x mystery wax museum co starring fay wray lionel atwill famous appearance one armed gendarme son frankenstein moriarity sherlock holmes secret weapon dwight frye steal manic scene dracula young lover melvin douglas fay wray nice kissing scene seen old dark house fay get dragged around joel mccrea dangerous game classic screamer bad time money rewrite available film better showcase talent chemistry lionel atwill fay wray dwight frye sadly drearily disappointing film get,negative,positive,0.4563958620896301,0.5436041379103699,0.5436041379103699,False,0.04360413791036988
expecting like others try end looking silly somewhere along line writer must realised took film totally different direction basically ignoring film feel like different film rather fourth entry child play series new idea work making best series far,positive,negative,0.5916724300332031,0.40832756996679687,0.5916724300332031,False,0.09167243003320313
wife never got thought way sloooowwww many understood needed vietnam took long get wanted said going get never yes tough time trying get america wanted see looking finding end forming mention slllloooowww love watch movie feel good not sad know make many good movie think action movie one renting lot netflix blockbuster maybe worth kneed realism fact movie thats fun make feel,negative,positive,0.26029286940727736,0.7397071305927226,0.7397071305927226,False,0.23970713059272264
watched film not expecting much not knowing anything much loved good tight plot intriguing hook form ugly fat deaf girl pace kept thing flowing without hurried much much better film director de battre mon coeur arreté boring thing quite work supposedly ugly fat girl neither ugly nor fat solid certainly far conventionally beautiful much character face took screen whenever superb wish film better one generally seen bit gilles wife bit moustache looked like rubbish seen de battre mon coeur arreté certainly rubbish seems coming keep finger crossed,positive,negative,0.7202319409906075,0.2797680590093925,0.7202319409906075,False,0.2202319409906075
four eyed monster follows relationship shy reclusive videographer equally estranged struggling artist living big apple develop unlikely romance help internet dating site not unusual method communication foregoing verbal take writing note later communicating film based upon creator arin crumley susan buice relationship besides writing directing take acting lead character well element docudrama film scatter wind undecided structure nestled neatly narcissism movie wear brief separation deterioration intriguing form communication grow old couple face hardship reality focusing solely inner conflict woe relationship film struggle stagnant narrative neither original nor poignant could easily circumvented addition subplot external conflict third act none montage melodrama lead even aggravating film descent story reality abruptly concludes open ended unsatisfying finish would fine dandy no question asked no meaning discovered pondered side note film contains beautiful animation vivid moving soundtrack one interesting aspect production always watch film decide,negative,positive,0.28948316709317023,0.7105168329068298,0.7105168329068298,False,0.21051683290682977
alright show watch not best nor worst watched long time like new stuff show changed teen trash living much differently dislike crap no iq completely changed theme show first season really enjoyable watch partly amusing season world dumb seriously know changed show many people liked season better watch first season show whenever see new episode ill change f ckin channel ya heard get somewhat enjoyed season hated,negative,positive,0.432954769992167,0.567045230007833,0.567045230007833,False,0.06704523000783302
remake cherished musical classic bitter pill take hard swallow ounce believability anywhere rose midler seemed born play part yet able produce cute funny glitzy trademark bette midler weighed familiar midlerisms roz russell nothing worry rest grave knowing still definitive mama rose film anyway thought midler really going put across time throw one greatest musical role time like rose no played safe played made rose total cartoon even song uninspired maddening watch knowing midler talent rise schtick showed promise gypsy rose turn little sincere cynthia gibb titular heroine gave film true spark role gypsy outshines rose know trouble river huge huge letdown,negative,positive,0.3112848244676716,0.6887151755323284,0.6887151755323284,False,0.18871517553232842
since starting read book movie based mixed feeling filmed result learned time ago see movie adaptation book read book found read book first inevitably disappointed film would undoubtedly true whereas case atonement probably best filmed adaptation book ever seen would probably not trying figure cause suspect point finger squarely michael cunningham much respect hour not read saw awed not escape feeling not much adapted susan minton book take character basic premise write movie not dislike movie actually love movie since started reading novel feeling disturbed whole thing feel disloyal minton enjoying movie thooughly departure work reading understand struggle adapting unlike one reviewer movie said not much novel deserve movie like book ca make transition minton novel operates level personal intimate central character internally seems impossible place physical realm even though lot book memory real event memory fragmented ethereal feel not filmable think minton work real work literature not make transition film no way detracts not yet report evening film not represent evening novel superficial way since halfway original would make tremendous leap resemble film follows point guess writing feel going adapt novel adapt make something else not not sure michael cunningham done anything wholly original see far thing done based someone else work would not hour virginia woolf not written dalloway would not evening distressed form susan minton not much trouble probably not attempted first place much say would better minton left well enough alone evening film satisfactory beautiful work confusion mixed feeling sense disloyalty ultimate conclusion case novel not film vice versa eventual gratitude writer work,positive,negative,0.9132175510562668,0.08678244894373316,0.9132175510562668,False,0.4132175510562668
worth watching boyer lorre paxinou greene entertainment filmed war either required transplanting american shore gun hire use american actor role not fit bacall fit part kept waiting whistle bring bogie life tone voice simply wrong upper class englishwoman listen dialogue no people talk way except book greene sending message england needed wake danger world one positive note greene range character kept whole mukerjee resembled brahamin least nationality kept final conversation paxinou priceless,positive,negative,0.5187553301767784,0.4812446698232216,0.5187553301767784,False,0.01875533017677844
movie unreal french movie like waste time watch movie even not know well known sex scene although sex scene real explicit story based upon unreal use find easily life half sibling thing learn something movie yeah people fond wasting time making movie story like nihilism nothingness life simply life without hope got see one worth adoring though catherine deneuve strikingly beautiful woman,negative,positive,0.4996936653530937,0.5003063346469063,0.5003063346469063,False,0.0003063346469063255
first time heard guest house paridiso er washroom seen fight club urinal deposited small round black circle circle came contact moisture put delicately caused colour picture form photograph two star tag line p laughing finished washing hand circle dried faded black waiting spring surprise next victim maybe punchline terribly sophisticated admit innovative fact think honestly say never seen anything like life day century cinema marketing real feat pity film went failed live hate pan guest house paridiso indebted rik mayall richard twat adrian edmondson eddie elizabeth ndingombaba many year laughter appealing television series invention young one sitting room play bottom even solo work rik new statesman fact would made hilarious minute tv special unfortunately minute definitely merit laughed continuously throughout protracted finale spoofed exorcist raider lost ark involved well see bit yet often pace leaden sterile atmosphere throughout two star edmondson taking usual backseat time due fact adequately directs never really get first gear mayall sporadically showing mania make u love small screen indeed writer presumption already familiar character lead underdelivered audience slight hint depth seen series richie effeminate failed example not present instead left parody fawlty tower accusation pas water complete drunken chef unseen waiter pasquele uncannily rhyme manuel idea hotel next nuclear reactor childrens swing hanging cliff face funny ultimately frenetic pace stolen two constantly looking studio audience dead laugh area patched incidental comedy music would dated carry film two decade brand puerile sadistic perverse humour funny feel sure make laugh not often,negative,positive,0.4878959569246101,0.5121040430753899,0.5121040430753899,False,0.012104043075389925
pointless animation film experience ever certainly ca admired much try good combining dreamworks animation computer graphic story mustang later named spirit matt damon providing first person narration journey across frontier old west basically born free amongst horse beautiful countryside kidnapped used saddle horse manages throw try ride however escape cage along little creek daniel studi two form friendship oh obviously thing little creek female horse end escape chased colonel james cromwell men making final big leap across gorge little creek let spirit go also release female horse run home countryside fellow horse also starring chopper bernet sgt adam jeff lebeau foreman john rubano soldier richard mcgonagle bill matthew levin joe expecting see horse talk film turn like dumbo thing throughout song bryan adam engaging terrible film nominated oscar best animated feature nominated golden globe best song bryan adam okay,negative,positive,0.28865368130122127,0.7113463186987787,0.7113463186987787,False,0.21134631869877873
woman get pregnant not husband develops something inside least thats husband think go lot hard time brink nervous breakdown husband contact ufo professor help try find wrong story could bit better least made less predictable movie catchy got sister hooked entire movie without problem acting good filming much better normal compare normal movie effect good something happening every second movie character really likable apart stupid nurse oné scene convincing thought good movie recommend like movie story could bit less predictable,positive,negative,0.7270827879249888,0.27291721207501124,0.7270827879249888,False,0.22708278792498882
disappointing film walter pidgeon hunter go germany assassinate hitler discovered coerced signing document stating acted order england refusal sign document brings u plot pursued back england evil george sander cohort john carradine speaks little always embodiment wickedness way pursued pidgeon meet joan bennett latter displaying wonderful cockney story get bogged somewhat love develops two approach world war realism becomes object scene cave sander pidgeon nicely realized know arrow going go interesting pidgeon fleeing nazi germany meet young roddy mcdowall one pidgeon many year memorable green valley green man hunt,negative,positive,0.3109378324774237,0.6890621675225763,0.6890621675225763,False,0.18906216752257632
dan duryea perfectly decent actor made lot lookalike noirs ca much one young man accused murdering unhappily married singer sentenced die wife decides solve case help dead woman husband dazzling opening shot flick quickly settle formula certainly look good twist finish colorlessly handled cast including peter lorre broderick crawford bit stiff based cornell woolrich novel passable single viewing,negative,positive,0.4329324727637406,0.5670675272362594,0.5670675272362594,False,0.06706752723625942
bunch guy school must give thumb even grim ripper made u smile two alien thing made laugh bill ted stupidest yet funnest entire movie lot better first one yet reason feel miss something something big something important made better house girlfriend no say better villain use clone instead gave two robotic grim ripper scared not deathy kind funny fell sky split gut splat not sure alien scientist no way,positive,negative,0.6878438903046363,0.31215610969536367,0.6878438903046363,False,0.18784389030463633
archie bunker armed may well joe however family would rather short run censor would never allowed run along line movie joe working class guy racist bigot big mouth especially drunk one night meet man bar bill drink soothe frazzled nerve accidentally killing daughter junkie boyfriend let slip joe happens bill daughter living junkie hauled hospital overdose go apartment collect thing expect actually run boyfriend come fresh big drug deal struggle ensues boyfriend killed accidentally bill want anyone really know course let slip joe newspaper tv report come joe see put together suddenly man hero eye hook later bill course concerned joe going blackmail not money want hang way almost worse bill daughter escape clinic slip back home accidentally overhears happened run rest movie consists joe bill infiltrating underground try find build rather shocking ending totally unexpected end right note wrong note depending point view sort decent dim view life early mostly working class bigot point view make not everyone not bad film decent watch,positive,negative,0.5623436916899238,0.4376563083100761,0.5623436916899238,False,0.06234369168992382
ok let admit seen merchant ivory distributor film nor seen celebrated work director capacity discus rain outside analysis film mitigated admittance let rain different kind movie know genre want first pretend romance romance protagonist fall love supporting character separated supporting character sometimes united partner movie hero already heart lover not name henry moore name sajani reside southern india waning day raj british imperial rule henry away london long time fallen love married indian maid despite legal marriage child overseas could better often sneak away intimate afternoon child notice word spread sajani husband question involvement moore denies contact moore asks leave area sajani refuse devotion commits suicide please take note event occur opening third film film change tone becomes final body discovered right moore family come visit alleged perpetrator moore assistant know master affair keep silent life becomes threatened declared innocent attempt regain honor killing moore squeamish leaf dirt path rain want warn romance film dvd cover theatrical poster show indian woman caucasian man embracing idealized tropic setting image captured directly film opening quickly disappears seems like effort capitalize western fixation forbidden love effective not movie not romance character lack personality bundle walking clichés moore arrogant white man recognize indian friend intelligence torn heritage educative background sajani woman incapable choice romantic life oh course moore family inquisitive sajani death still slightly racist indian tone serious would willing overlook problem film presented didactic overtone highlight poor character film terrible laughable screenplay poor actor experienced perform well nandita da play sajani part wonderful indian drama water even director sivan impressive resume recently oversaw terrorist part roger ebert great movie collection happened movie bad well sivan mentioned inspired direct film short viewed israel called red roof apparently story timeless sivan sought create similar experience set india problem approach think sivan may motivated time actor cinematography set design acceptable unless share sivan aura probably not enjoy recommendation presume accordance watch something else final consensus,negative,positive,0.47145720622910736,0.5285427937708926,0.5285427937708926,False,0.028542793770892638
surprise actually got courage watch bio flick flick che part cuban exile parent would ever found saw movie despicable mass murderer cuban revolution would grounded life hey wait adult ca ground no ma director steven soderbergh newbie commie sorry steven take soder shot divide movie two partes commander ernesto che guevara revolutionary life che part present che mid joined fidel castro guerilla crew revolutionary quest overthrow cuban president fulgencio batista regime know revolutionary success gargantuan guerilla disaster many cuban revolted communism che part present che trying revolutionize industry pitching appalling bearbado face manufacturer ok lot crap towards way meant say che part focus che late trying bring back revolution time bolivia far different result fact che ended dead meat enchelada captured killed bolivian militia soderbergh not include time two instance che life commanded despicable la cabana fortress prison cuba mass murdered many cuban opposed communism think soderbergh executed cinematic injustice not showing viewer atrocious guevara really decide see che hope soderbergh would not glamorize instead present disturbed really unfortunately soderbergh not latter sadly decided present guevara revolutionary hero not sick man thank god probably bottom devil barrel objectivistic reviewer must admit benicio del toro performance che extremely commanding worthy merit demian bichir haunting fidel castro meticulous performance rest cast che primarily comprised mediocre performance actor portraying guerilla soldier much admire matt damon sodebergh throw revolutionary mix cameo performance portraying bolivian delegate soderbergh not present biopic mostly much talk not enough action hour minute much che already even posthumously ridiculous give u much guess del toro horn steven guess saving grace not totally executing che part average,positive,negative,0.7455056763842198,0.2544943236157801,0.7455056763842198,False,0.24550567638421983
well not often uk film made inner city life perspective afro caribbean community last example remember underrated babylon way back high expectation heard bullet boy film touted british version la haine well la haine not agree use dialogue environment give film authenticity missed british film late concern film predictably end film intelligently deal escalating problem black black violence sadly common london concerned film maker use plot opposed character equally damaging saul dibb great opportunity make film could entertaining inspirational u sadly missed created film reinforces idea young black male london future violence tragedy,negative,positive,0.3951705493097435,0.6048294506902565,0.6048294506902565,False,0.10482945069025651
think tv movie always think film watched time sky movie long time since seen film browsing came across microbiologist linda flemming go holiday son william flemming holiday resort kinda place meet paul johnson taxi driver owns bar kathy like weird romantic thing william start fall kathy paul fall guy pass street mark arm joseph joseph deep sea diver dive saw light something converted religion say take care person gap memory wide break virus think linda offer help come cure kathy get infected william notice mark kathy arm virus also say line joseph joseph stumble away next time see joseph cured information used cure infected beach party end,negative,positive,0.494748392461412,0.505251607538588,0.505251607538588,False,0.005251607538587999
many documentary seen appeared law wrong side fence thin blue line paradise lost come mind first foremost first film seething anger saw seems blatantly clear evidence presented film happened waco least unprofessional sloppy mess part fbi afi worst act murder like people siege waco occurring assumed david koresh completely evil madman leading violent cult seeing think koresh likely slightly unbalanced confused guy inadvertently caught attention government eccentric action sure lot weapon branch davidian compound none illegal absolutely heartbreaking see video footage people inside compound seeming nice harmless angering see callous testimony men charge government force waco site clueless testimony janet reno partisan defense attack waco defense led committee democrat standing mind ny representative current senator ny charles schumer voted man lived ny state democrat pretty seeing action committee wish could go back time vote instead anyone remotely interested government crucial film must see even think shown class important,positive,negative,0.5249670216324939,0.47503297836750613,0.5249670216324939,False,0.02496702163249387
might end biggest disappointment see seem rare person disliked park oldboy think lady vengeance sympathy vengeance among best film seen decade therefore really looking forward see especially got positive review instead found film clichéd broke little new ground vampire genre appreciate bit gallows humor movie like felt park inopportune let right one say let right one far superior one fresh take vampire genre sadly park take tired one,negative,positive,0.4674557123637407,0.5325442876362593,0.5325442876362593,False,0.03254428763625927
first watched kindred along another movie called devouring wave remember back hated never really bothered watch recently started crusade collect many horror title original boxed form deleted time got quite proud collection many title list kindred although not yet got copy high priority old movie like back think brilliant bit remember kindred driving want get hold copy long live horror,negative,positive,0.32491556202720284,0.6750844379727972,0.6750844379727972,False,0.17508443797279716
terror aisle might look like ultimate treat horror fan fact offer granted present decent versatile versatile selection fragment considered classic point documentary primarily aim public pretty much seen clip already thing really praiseworthy project editing chase vile murderer sort thing terror aisle neat compilation famous sequence different scene hang together lame wraparound story starring donald pleasance nancy allen sitting movie theater two sequence address viewer explain love horror much speech naturally soporific rather obvious nature afraid bla bla bla fail understand many people love concept worth peek case loyal horror fan certainly essential viewing contrary case still see classic genre title beware bit piece spoil future viewing main reason overall disliked shamelessly ignores lot lesser known fundamental foreign title endlessly focusing halloween result cool inside joke however donald pleasance scream screen character,negative,positive,0.3874869464285796,0.6125130535714204,0.6125130535714204,False,0.11251305357142038
movie best enjoyed amidst large audience frequently character kadosh seen staring ahead intensely nothing intense unhappy face pensive serious moment serious sounding music make doublely sure viewer realizes scene watched not fun entertaining portion film come many pensive stare learn woman kadosh community two duty one breed many male baby possible husband second stay employed free husband work men ample free time pray learn home pray loud give thanks not creating woman place worship pray give thanks possessing functioning male praying many scene frenzied antic screaming endless head bobbing body rocking back fourth mixed everything many intricate bizarre simple odd ritualistic cream unintentional comedy come sex imagery hot bothered man actively exchanging body fluid wife bed attempting keep beanie falling scalp unforgettable every sex scene funny one stand husband rub face beautiful wife yaël abecassis foot oh yes finally entering land sensuality no foot rubbing stop anything happens husband begin autistic looking head bobbing body rocking scene end three attractive female near state undress however kadosh contains absolutely no nudity technically interesting imagery pleasing us light color believable educational entertaining treatment plight unclean female unworthy holding book world respect measured speed man cite phrase ancient writing suggest barbra streisand yentl,negative,positive,0.46757519232931843,0.5324248076706816,0.5324248076706816,False,0.032424807670681566
first heard movie mildly interested plot seemed like opportunity hilarity bam margera actor director seemed like something might good found movie starred ryan dunn even interested fan homewrecker yeah lame however much faith good sat watch afraid wasting even five minute became apparent thought comedy film delightfully idiotic definitely not suited kind people acting rather good much better expectation thought rather easy relate ryan character gave movie center believable key movie outrageous probably not fan borat movie not suitable younger people duh definitely create fair share awkward turtle watched parent good one buddy movie night,positive,negative,0.6803465694185001,0.31965343058149986,0.6803465694185001,False,0.18034656941850014
brilliance movie even competent dentist pretty scary one man primal fear movie nightmarish image every kid go waiting room corbin bernsen give surprisingly performance crazed dentist guess try kill people work teeth not really working particularly gory scene find actor earl boen teeth completely destroyed drill whatnot guess absolute worst killer dentist typical brian yuzna situation not well written gore plot shoddy time seems made spot hey killer dentist movie thought first,positive,negative,0.7094915554226308,0.29050844457736924,0.7094915554226308,False,0.20949155542263076
convict much third act sort film dialogue character interaction occurs within come long late southern day extension life main character soll robert duvall first collaboration director peter masterson writer horton foote six year earlier worked together trip bountiful film seems almost comparison one masterson not necessarily good director fact barely side adequate slow pace leaf lot room cinematographer toyomichi kurita infuses film right sense fragile light essentially filmed play little way editing directing prowess come acting far concerned no flaw robert duvall james earl jones two best american actor born january create character wholly real uninterested anything besides living lukas haas young actor familiar testament witness play character much like early role quiet withdrawn slightly scared sad somehow quality seem natural title like convict disservice film title along opening scene seem create image far western type picture stage production interest terribly want pas one well otherwise might exactly film wish made,positive,negative,0.6126749364677343,0.3873250635322657,0.6126749364677343,False,0.1126749364677343
well going wait till came video see wish actually caught scary movie cable day made yearn got airplane crack mean like airplane leslie nielsen vehicle probably heaven used usually wayans comedy dissapointed alot eye candy one keep young hormone raged teenage boy happy probably box office hit first week came enjoyed scary movie ten time fodder part one time much odd better part always liked halloween better original well maybe funniest part movie way alien say goodbye wasnt worth dollar spent catch matinee fiance save cash catch part cable till released video tape rent dont buy,negative,positive,0.3366346591176864,0.6633653408823136,0.6633653408823136,False,0.16336534088231358
bear much resemblance dean koontz novel jessica simpson rocket scientist read book suggest put far mind possible watching typical boy meet dog dog turn government lab experiment dog boy pursued emotionally disturbed monster created lab oh yeah mention shady government agent pursuing monster pursuing dog haim boy barbara williams mother michael ironside one evil government guy sandy dog well dog named furface einstein book monster effect ridiculously cheesy much dialogue laughable script rarely make sense believable good example haim character unquestioning acceptance dog intelligence every fido street type message computer keyboard bark yes twice no hmm got ta puppy chow right haim performance enthusiastic shaky carry stupid dialogue least amount skill ironside highlight many bad movie no exception easily give best performance movie although compelled add dog pretty darn good actor come close atrociously dumb movie yet yet watched three time within week yet ca help liking hey say taste junk michael ironside not ever actually tasted michael sure law movie make laugh hard yes even unintentionally ca bad chalk guilty pleasure yes know insultingly stupid like anyway tough rate normal scale forced give personal cheese scale get bumped know weird like,positive,negative,0.8004342629109567,0.1995657370890434,0.8004342629109567,False,0.30043426291095665
film name modesty based around episode take one page modesty blaise novel called night morningstar describes incident young modesty book mid twenty film asserts leadership war casino set actual blaise adventure trusted sidekick willi garvin not film one main problem relationship blaise garvin certainly always one fascinating aspect novel long running comic strip problem film quite simply incredibly boring really one small episode blown screenplay casting okay alexandra staden not really convincing heroine actually old role play young modesty get impression film quick dirty solution not lose right blaise franchise,negative,positive,0.2937312286408754,0.7062687713591246,0.7062687713591246,False,0.20626877135912458
good earth perhaps boring film seen life plot slow lacking acting borderline comical love paul muni say seen film not true ability justice saving grace found film production value use hundred extra throughout film creates believable interesting environment also beautiful effect used create illusion million wasp sell easily revolutionary time production value say little else good entertaining film,negative,positive,0.4331190008824871,0.5668809991175129,0.5668809991175129,False,0.06688099911751288
delightful little thriller open trevor howard jag convertible end dockside liverpool thrill spill restart career getting serious r r cataloguing butterfly british howard jean simmons frolic london liverpool via ullswater thrown something guessed run wrongly accused murder seedy dock rolling lake district hill sheep country pub copper getting lost waterfall bunch amateur cyclist rooftop chase lot chinaman ask hitchcocky hannayesque smashing example british noir,positive,negative,0.5341873581546477,0.46581264184535237,0.5341873581546477,False,0.034187358154647685
really week go oprah remind u abused child make focus every not resist commenting answer every question asks often interrupt guest answer finished interject aside anecdote director obviously instructed focus closeup reaction rather guest face count oprah feel oprah oprah oprah always say feel sorry poor feel pain battle weight feel hurt turned away fancy store already closed feel good buying magazine book feel good success feel good give charity make look good feel good making rich beyond interpretation point view viewer deeply flawed need daily advice answer life though nothing common plebe never married nor want never raise family know little respect men marriage clearly prefer people like others witness legend ball gayle best friend not heading website actually read leading source information love life self relationship food home spirit health presumptive obnoxious june crashed two private wedding reception oklahoma gather footage september show keep promising quit tv yapfest drag no end think oprah neither queen nor goddess nor personal mission god one lucky overweight black woman copied phil donahue style called happened right place right time knew exactly suck right demographic oprah barnum age amazes people not see facade lady gentleman boy girl oprah fit inflated ego door way great egress,negative,positive,0.4259590165496031,0.5740409834503969,0.5740409834503969,False,0.07404098345039689
complaint adaptation thing hinted novel shown weird reason think audience would stupid understand not shown everything actor marvelous job bringing character life shallow woman worth watching least toby stephen gilbert sexiest thing ever helen would conveniently forgotten still married minute laid eye sort ending scene funny reversal happened book,positive,negative,0.5485409709956083,0.4514590290043917,0.5485409709956083,False,0.04854097099560828
watching der himmel über berlin teen late profound experience movie could along paris texas end world still hold special place heart mind testament genius wim later year seen steady decline quality work million dollar hotel land plenty hitting terrible low point gone captivating picture music no search display great insight left character thinly veiled political statement boil nothing clichés quite frankly mock intelligence mature well run dry whatever reason time wenders either step stop altogether,negative,positive,0.49989173764329764,0.5001082623567024,0.5001082623567024,False,0.00010826235670235995
movie certainly prof also good american terribly good propaganda no question asked no comment made power abuse police terror james stewart solid convincing always solves story dillinger column less singlehandedly june allyson regular love interest hold family value hoover executive child non guilty bystander never harmed professional execute not speak civil right never broken home never intruded fbi service would not enough steward also give son life country ww ii perfectly made would know better,negative,positive,0.35896081915147726,0.6410391808485227,0.6410391808485227,False,0.14103918084852274
second hitchcock film appear list second hitchcock film seen full first rope really enjoyed saboteur hitchcock room roam free whereas rope took place one room enjoy one much rope not saying bad film seems like average flick could something seems like film hitchcock would make break serious one thriller feel fails really get edge seat engaged lead character running around state climax film feel like miss opportunity really amp tension sound design almost non existent hear dialogue bit environment around important thing missing stitch ripping apart sleeve need music amp tension missing intentional no doubt yet lack emotional punch one would want scene end abruptly leaving empty film feel like either almost globe trotting place place yet feel confined script average seems go obtuse way get plot performance nothing amazing everyone play part scripted word page relationship two lead weak needed work one stand otto kruger rich ego evil persona end wanted one understand one hitchcock least exciting film good time watching recommend not enthusiastically,positive,negative,0.5473539321093664,0.45264606789063355,0.5473539321093664,False,0.04735393210936645
gem british poor american schlub pinky green richard jordan playing another bad guy time adorable one get british jail try go straight maintenance man job bank attractive criminal friend headed really nasty ivan david niven one last role pinky resists lure money much thing unravel reravel joyous watch jordan must played bad guy career never played one twice one lovable hate niven never played slicker bad guy oil two fine actor lost wish back,positive,negative,0.6596402950577256,0.34035970494227435,0.6596402950577256,False,0.1596402950577256
time movie seemed get whole lot complicated needed guess part charm detective philo vance power observation seem greater oriental sleuth era combined come final evaluation murder committed dropping dagger chinese vase kicker mean could somebody dropped vance william powell line early film archer coe psychological impossibility kill think left wondering scientific basis fact concept true not studied psychology seems logical always case fit know got kick agitated coroner etienne girardot reminded star trek mccoy couple time stated doctor not magician doctor not detective picture deforrest kelley watching film saying use killer identity revealed seem like big surprise till really anybody guess archer brisbane coe aside film answer central question posed title murder really interested killed sir thomas macdonald dog ghillie,positive,negative,0.6045884467214904,0.3954115532785097,0.6045884467214904,False,0.10458844672149037
lot respect argento work film lack many quality make film really unique opening film great set possibility really scary horror film occurs rest film lack structure purpose not build much good performance though lot great atmosphere end film weak considering everything build grand climax huge proportion instead get typical conclusion many bad horror movie use making feel like needed wrap couple scene memorable imagery end film not gel make really good movie unless feel must see everything director made suggest passing one,negative,positive,0.483747503516617,0.516252496483383,0.516252496483383,False,0.016252496483383005
not take say lightly seen many many film reviewed great deal print tell film single funniest scene ever seen movie might want listen lot diversity opinion make incredibly stupid movie funny get well ca blame much scene speak come minute mark involves dead convict shackled john candy point found film dumb confusing beginning lose scene came laughed hard peed pant no movie ever done project began going berserk supposed sctv movie remember announced time went cast whittled john candy joe flaherty eugene levy also must regime change universal shot upon released shown nearly zero theater watching second time listened theme song actually flaunt incomprehensible plot lyric relaxed logic nerve figured going aside aforementioned routine going berserk many hilarious scene recommend almost stooge flick except much funnier director david steinberg razor sharp timing must laughing candy basically charge never funnier plot device explanatory scene thrown window absolutely run wild flaherty levy follow effortlessly plot plot like animal house plot yeah script uneven little slow start know however well appreciate full sctv style craziness transpires stupid stupid purpose need remember see see discover funniest scene time,positive,negative,0.5387756273618505,0.46122437263814947,0.5387756273618505,False,0.03877562736185047
definitely odd debut michael madsen madsen play cecil moe alcoholic family man whose life crumbling around cecil grab phone book look name preacher call middle night go preacher home discusses problem preacher teach cecil respect word god jesus heart make everything better ahh everything life easy fact film look made certainly help,negative,positive,0.47186075240338454,0.5281392475966155,0.5281392475966155,False,0.028139247596615458
spend moment slogging awkward movie every hour tedious plot amateur acting start getting bit piece big band swing made tommy jimmy dorsey separately together great musician occasionally jam session art tatum tommy dorsey orchestra marie standout jimmy dorsey orchestra fronting bob eberle helen singing green eye get complete song unfortunately movie public domain dvd transfer bad acting copy four chapter stop mean get arthritis forward finger trying speed good stuff swamp moving hollywood version life battle two dorseys tommy superb trombone jimmy superb saxophone usually could stand finally split tommy starting orchestra greater success alone achieved together reconciled father died forty movie end later managed tolerate orchestra led tommy big band era faded fifty tommy died age vomiting sleep booze pill big meal jimmy died cancer jimmy hugely talented account reasonably guy tommy hugely talented account often overbearing jerk good music make lot fault big band sound two created helped define swing era play movie see develop tussling tyke child actor grown men battling yammering movie lumbered not two parent played hollywood irish clichés sara allgood arthur shield want boy get along also major story involving romance janet blair childhood friend dorseys becomes vocalist serf nearly mediator enabler william lundigan piano player blair not bad however want see never became star quite probably become look film like one studio put no wonder left hollywood lundigan simply take space bad movie actually hear dorseys play well song written especially movie given blair warble called rose rosary rise rising sea glow star rose rosary movie get better ca get worse still like dorseys price right well hindsight still not buy highlight eberle singing green eye watch tube free also find quite bit dorseys wish known,negative,positive,0.43000828382853085,0.5699917161714692,0.5699917161714692,False,0.06999171617146915
read lead comment film front page voting result cast run people not take film supposed film supposed light hearted tonge cheek family comedy thing make kid laugh thing adult exactly film laughed nut film thought carey put great performance whole film watched christmas really give bit festive cheerso film reviewer stop trying sound like film student knock every film not taxi driver godfather take film supposed entertainment,positive,negative,0.5172072938860992,0.48279270611390085,0.5172072938860992,False,0.017207293886099206
one movie watched wondered watch find interesting truck driver find realistic no never used lot lizard nor ever seen nor heard one traveling around country brand new seventy thousand dollar rv thing pimp never sampled lady question end movie well still really getting buck cut prostitute get well cut yeah still laugh lot lizard comment ivey made lot lizard screw anything buck men dressed woman something equally weird meaning better may still prostitute get paid story young woman wanted something life dead end job living home remember embarrassed mother basically thing dead end job least roof head job turned five trick road wonder made worth guess not,negative,positive,0.4715953795191493,0.5284046204808507,0.5284046204808507,False,0.028404620480850684
surprisingly good movie quite good joke thru whole movie negative thing scene go extreme show stupid two main character get stupid blonde get plot barely dodge called corny booby always plus altho movie strange reason play card much even tho plot line introduces two black haired woman act evil counter part two good movie watch almost gave let not get crazy,positive,negative,0.7473650087644955,0.2526349912355045,0.7473650087644955,False,0.24736500876449552
amazing little money dead silent low budget movie delivers promise bad see rob lowe often silver screen lowe best riveting thriller no wonder went dead silent straight tv mega hit west wing dead silent sputtosi toronto,positive,negative,0.5303255828543396,0.46967441714566044,0.5303255828543396,False,0.030325582854339617
guess gunslinger quite movie mystery science theater show western roger corman forte portraying rose hood beverly garland becoming sheriff old west town sheriff husband get murdered fight baddie movie pretty predictable john ireland rose new hubby secretly working unctuous allison hayes yes woman also appearing briefly frequent corman dick miller mailman miller nowadays star joe dante movie wish assert probably want watch version really enjoy movie great time,negative,positive,0.467883600995763,0.532116399004237,0.532116399004237,False,0.03211639900423702
carl panzram lived amazing life scribbled memoir scrap paper possibly person ever anything selfless book panzram journal murder thomas gaddi james long came better part century panzram death give historical context american account running away home go west cowboy getting caught thrown boy home getting away repeatedly thrown prison time getting tortured sodomized panzram grew huge strong sought take revenge wrong done traveled south america europe africa matter people raped robbed murdered equally film cast skinny james wood rough neck son bitch carl panzram film drunk emotional never mention joy sodomizing men boy film neither elaborates anything else particularly note world traveler career prisoner like robbing former president taft released oregon prison long gave word return short think carl would happy,negative,positive,0.47395581807253917,0.5260441819274608,0.5260441819274608,False,0.02604418192746083
almost forever inclusion song movie belief quality film would automatically improved extremely annoying song would axed however thing quickly changed watching horrible black no song movie page plenty song black weak extreme page delivers gripping story strong acting good direction song almost incidental blended almost seamlessly film certainly woman getting sprayed water no apparent reason mysterious water source gyrating wildly street pleasantly surprised bold unabashed approach used director no glossing anything almost every scene completely recommend film people least slight understanding mumbai life former english subtitling par contained many error time completely reversed meaning actual statement latter definitely appreciate accuracy depiction lived definitely rank work worthy international recognition scene gossiping driver nice touch served simultaneously source genuine humour well another perspective whole mishmash movie fall short place though character sometimes say inexplicable thing detract overall direction also thought couple sadder scene not done well touch amusing watch rather arouse feeling sadness whole scene tended come across bit foolish minor issue though film whole truly rare treat cynical pessimistic outlook refreshing one actor not hero key chance glimpse believable human being extraordinary setting everyday life look extent depravity rare ray hope indian,negative,positive,0.16084118055258168,0.8391588194474183,0.8391588194474183,False,0.3391588194474183
actually lie shrek actually first animated movie bought dvd year ago bug life also think disneyworld tree saying go use logo also shrek motion simulator universal studio still consider movie appeared theater could buy dvd movie cute least little flyes liked iq agree animaster god job making movie something adventure recommend family kid,negative,positive,0.12382568420852313,0.8761743157914769,0.8761743157914769,False,0.37617431579147687
must give credit billy dee trying pull knowing blaxploitation film started dvd certain expectation knew would low budget acting hoped gem sprinkled throughout diamond gem sprinkled within film successfully buried ton ton coal perhaps overacting actor filmmaker cringed often potential poignant moment ruined atrocious performance yet must admit could not look away know like car wreck ca turn eye mysterious power film kept film good case excellent story told wrong walter kronkite tell aristocrat joke would total flop although joke hilarious let dave chappelle tell rolling floor laughing film needed chapelle said opportunity purchase film dollar well worth money perhaps take another dollar purchase right film remake know might not better surely ca worse,negative,positive,0.49314155731060405,0.506858442689396,0.506858442689396,False,0.006858442689395949
another flimsy story coupled forgettable musical number powell battling publicist quite forgettable however two shining moment hubert castle incredible tightrope walker ever see drunken walk wire spectacular piece balancing ever recorded film seen believed sophie tucker turn near end film magnetism professionalism sheer talent well charisma not learned great lesson cabaret artist sad note field last film cameo completely forgettable,negative,positive,0.35402881605488246,0.6459711839451175,0.6459711839451175,False,0.14597118394511754
elia merhige existentialist experiment enduring definitely one hell boring watch like something alexander de large forced watch clockwork orange despite unwatchable film really reading not already seen film late least payoff separate viewing lot break mind seeing list character story told simple message hit home wonder merhige could told minute story instead seeing cast credit displayed prominently front page movie cat already bag surely appreciate film appreciate existentialist film making early century even might commend merhige crafted piece art even unwatchable,positive,negative,0.595492321908049,0.40450767809195093,0.595492321908049,False,0.09549232190804902
people think sweden negative way neat clean serious organized northern people tortured religious fate history sometimes leading depression compulsive need not problem filmmaker example late bergman shown u cinematic possible condition bergman used identity starting point not explicitly comment identity however reverse comment identity hereby dissecting people bone world sweden equivalent hell earth not take not art merely annotation despite exceptional amount time took make filmmaker serious limitation clearly not step previous movie sånger från andra våningen song second floor also not much progress observed intention accessible difference minimal scene try please larger audience best movie absurdism minimalism also still apply camera position lack action front shot yes still well done scene actually work coloring positioning amazing make interesting movie thinking negative way cinema taken step background maker commercial shine elaborate setup find movie empty commercial message mankind trivial without much depth,negative,positive,0.21856252244940944,0.7814374775505906,0.7814374775505906,False,0.28143747755059056
tale getting wallowing misery like contemporary version old joan crawford movie suffered mink people behave frightfully civilized manner face adversity london solicitor tom wilkinson discovers not wife affair local gentry also killed housekeeper husband accident throw otherwise hardly directed julian fellowes oscar writing gosford park directorial debut novel nigel balchin quite comical although not sure much comedy intended like british film forty character behaved like character book play rather like people might real life however not bad wilkinson terrific even never believe person emily watson adulterous wife rupert everett highly amoral totty good covering crack material tony cinematography ensures no matter hard ear always good eye,negative,positive,0.4029183636472998,0.5970816363527002,0.5970816363527002,False,0.09708163635270017
saw smell dead sorry sell dead press screening glenn mcquaid film laddish irishman introduced screening announcing whilst progress would going pint begrudge drink telling u seemed feel needed certify laddishness irishness opening credit rolled usual press screening loud ovation name every actor crew member got friend audience silence mcquaid returned witty q horror movie take seriously good humour considerably stronger horror one scene even remotely scary horror merely laughed throughout much movie appears set ireland circa time mostly defunct story told flashback get flashback within flashback narrating character flashback material could know sometimes present one case action unfolding behind story begin prisoner taken guillotine guillotine used ireland actually see plausible guillotine sequence prisoner struggle way execution rope cleat accurate prisoner manages look see blade overhead payoff later justify historically inaccurate use guillotine character ostensibly irish one major character speaks cockney slang using phrase like mug game take butcher look actor role display dental hygiene yet nearly clothes hairstyle woman resolutely not complaining case heather bullock wear fetching black miniskirt cozzie appears pvc phworr lead actor except ron perlman excellent supporting cast no sense victorian period worst offender joel garland publican whose characterisation firmly rooted century thought garland performance could get less victorian used finger make ironic set especially angus scrimm lab detailed impressive yet failed convince people actually lived worked place nearly every interior contains burning candle never see would actual victorian home workplace leftover dripping previous scene feature annoyed mcquaid plumped stereotypical grey schwa alien rather something splendid montage sequence mcquaid opts flashy effect overhead shot serve story impressed recurring device superimposing main character head background less effective recurring motif camera shot morphing actor face drawing resembling panel art ec horror comic fan ec comic belong ireland money mcquaid spent flashy photo showing editing skill without serving story spent accurate spoiler ron perlman give oirish performance full tic ostensibly playing irish priest writes left hand victorian ireland child punished using devil hand forcibly retrained become righties perlman character turn reason concealing right hand elsewhere character bitten zombie yet suffers no ill effect knew payoff later several scene would logically take place night shot daylight apparently easier less expensive since mcquaid proficient director editor could easily shot day night using effect help tell story seems interest much less showing flashy editing technique mcquaid seems giving homage great old hammer horror flick hammer great actor production designer worked hard convince u actually witnessing event whitechapel wherever sell dead almost entirely fails evoke mcquaid show talent director scripter editor yet three capacity make odd choice largely fails justify choice enjoyed sell dead rate look forward next movie,positive,negative,0.8357426481150818,0.16425735188491825,0.8357426481150818,False,0.3357426481150818
watched verneuil sober drama doctor get trouble carrying relationship younger woman family brings live well married another household searching happiness not clear bring reason unhappiness rather well displaying overbearing trait female wife line well played predictable drama,negative,positive,0.3594634161699166,0.6405365838300834,0.6405365838300834,False,0.14053658383008338
really liked batman dead end thought theatrical feel given chance collora could make fine film trailer quite give impression story line potential story line quite good due acting special effect left feeling like would made good tv movie television michael not good superman actually thought brief appearance made decent clark kent sorry think superman buff suit kent wore masked size batman may body bodybuilder not superman supes toned no doubt not bulk anyway care posing transformation kent superman seemed cheezy may not fault collora may take credit poor scripting special effect flying cheezy superman fly sky obvious superman flew close ground telephone cable building visible think full body shot superman flying evidently harness rigging supporting must located lower good trailer probably pay see film ever made would sure catch television story line alliance lexcorp wayne industry superman jealous lois attraction wayne lex twoface teaming beat superman joining force batman superman good one sure larger budget approval full film collora company even could deliver decent film certainly one better comic based crap coming hollywood lately,positive,negative,0.5554778286145104,0.44452217138548955,0.5554778286145104,False,0.05547782861451045
give show six fact show fact platform damon wayans cosby show bill cosby dealt lot issue humor felt fact tailored getting laugh opposed letting joke come character michael kyle interesting patriarch wisecracking person phenomenal movie show wisecrack though loved felt laugh important kyle loved since house party enjoyed school daze martin great role made great choice picking sitcom also feel jay michael like equal show jay woman fed crazy husband line went along way unorthodox discipline may felt workedjr plain stupid character well developed even though moment greatness returned stupidity learned nothing drive nut not mention situation episode seen seems center around himclair attractive sister dated christian found boyfriend character interesting better sticking movie writer done show intelligence not stereotypical enough kady lovable youngest daughter think writer established character show aside parent franklinfranklin love character think derived smart guy mowry lasted one season great job casting little genius effort would made jr would smart one show side also sitcom wonderful thing homage cosby show well done love show wished would stayed longer ca wait see series finale,negative,positive,0.15699078233917063,0.8430092176608294,0.8430092176608294,False,0.34300921766082937
happy not live american small town whenever shown small town state populated kind monster among flesh hungry zombie evil alien sinister ghost harmless movie former doctor done time accidental killing wife car crash directs step nearest small town must never life seen flick small town happens purgatory flat course soon arrives hell break loose meet blond chick creature resembles cow facial expression brain functioning fall love tiny handicap already married drug dealer minute get shot pitifully not dead know come watch movie tell slightly reminiscent u turn oliver stone way artistic property,positive,negative,0.5581017890150841,0.44189821098491583,0.5581017890150841,False,0.058101789015084115
heard duke hazzard going remade current actor solid script like alright give chance not going better first see happens well saw happened saw great late show classic basically humiliated hollywood sad see hollywood scriptwriter not come something original day seeming take great show great target audience try remake classic show head hollywood ai workin anyway show think could casted better actor sean william scott stiffler american pie play bo sure john schneider definitely disappointed character portrayed taken advantage also get real johnny knoxville luke duke low go crappy jackass actor play lovable luke sickens also give jessica simpson beautiful woman acting suck catherine bach played original daisy smart sexy strong opinionated good il southern girl every little girl role model growing owned doll jeep thank much anyway jessica simpson played smart as slut daisy duke daisy never blonde cast jessica alba would played great daisy duke speak great southern accent gorgeous would done wonderful job anyway like say movie blew something fierce feel like got ripped paying ticket refund money like duke hazzard original series see movie upset cmt country music television play rerun duke time later night set tivo go real thing not imitation big screen hollywood,negative,positive,0.3983403597620868,0.6016596402379132,0.6016596402379132,False,0.10165964023791318
charlie chaplin responds open audition lodestone studio rival ben turpin arrives studio obviously another unemployed comedian turpin try horn chaplin action studio head holler next chaplin manages walk turpin however charlie amusingly manages botch job actor carpenter end manages get big break star born lot joke involving buttock initial scene involving slapstick chaplin turpin relative highlight note gloria swanson typist far background left screen film opening agnes ayres also appears new job charles chaplin charlie chaplin ben turpin charlotte mineau,negative,positive,0.48501428888916287,0.5149857111108371,0.5149857111108371,False,0.01498571111083713
miserable people done everything complain dialogue budget want hear missed point movie loss rest u deeply love movie not care think thirthysomething guy seen thousand movie life one stand entity book not supposed documentary completely factual account happened night amazing love story ever attempted know cynical millennium everyone tizzy come someone comment board complained made much money lame made bundle money every civilized country planet top grossing film planet gladly side majority time around okay cynic time crawl back rock done,positive,negative,0.5068385195159977,0.4931614804840024,0.5068385195159977,False,0.006838519515997676
three child born exact time lunar birthday embark killing spree bloody birthday typical slasher early pretty average stuff plenty evil child never generate menace almost no also no gore scare bloody birthday film mildly no real explanation provided kid sudden homicidal murder scene quite gruesome example got death handgun baseball bat skipping rope fan early slasher movie give one look,positive,negative,0.6860190560241703,0.31398094397582965,0.6860190560241703,False,0.18601905602417035
star rating saturday night friday night friday morning sunday night monday morning old detroit back giant omni consumer corporation continuing swallow everything path construction new delta city continues new menace contend shape cain cruel drug lord delusion peddling deadly new addictive street called nuke continues struggle memory former life haunting tin plated hero set bring villain wind getting chopped piece scrap metal robocop action ruthless ocp proposes plan new stomping snarling beast machine need equally nasty test subject power cain fit perfectly brief glitch system robo return bring justice street settle score original robocop film always manages astound time watch no matter many time seen one film ca done said not surprising sequel even less surprising sequel really pale compared original empire strike back director irvin kirschner crafted unpleasant slightly incoherent overlong film ca capture magic first film no matter hard try certainly funny ad first film running none stop corporate satire aiming bit sharper action roaring fast furious even meaner first film first film earned name nasty violence including man genitals blown man blasted piece memorable display sadistic gratuitous nature unpleasant tone overall film leaf feeling general watching could watching original instead,negative,positive,0.471620477848684,0.528379522151316,0.528379522151316,False,0.028379522151316006
ask love movie much maybe came time life desperately wanted fit maybe amazing monster effect maybe enjoyed novel cabal probably love clive barker think fair warn movie novel no true resolve like probably wtf moment end least two sequel planned never came due fact movie flopped reason studio made drastic cut film cutting good minute horrible job promoting advert made look like another cheap slasher showing mainly button decker character movie monster fantasy place called midian story monster good guy truly nothing else like not movie everybody suppose stand one clive many great work sit back prepared taken midian monster,positive,negative,0.5955762620473668,0.40442373795263326,0.5955762620473668,False,0.0955762620473668
tell movie cheated lot high school recognize cheattips best thing tell film like movie maybe also like see kind movie something funny sorry say older year advise watch one shot couple beautiful woman girl movie give rate deal good luck,negative,positive,0.30984074834061026,0.6901592516593897,0.6901592516593897,False,0.19015925165938974
movie probably never made blip radar screen got quite bit quality pretty lifelike yet think movie duvall close portray common people never even realize actor seems jerk story little old chasing eugene girlfriend guess possible seems unlikely kid would travel montana nevada guess possible might think family trouble movie would never happen family guess possible remember glenn close saying something like think work hardest part life,positive,negative,0.7192370729955864,0.2807629270044136,0.7192370729955864,False,0.21923707299558637
descent yeah boy seen anything powerful scintillating since bruno dumont twentynine palm way film not confused another fairly recent pic topic female empowerment descent directed splat pack friend neil marshall also happens major talent right getting back descent rated effort lovely dawson take producer credit congratulation directed talia lugacy strong chance not real name good moment not appreciated lay people script pretty flawed producer really tighten script course premise alone promise rising conflict still lie task therein accomplishing rising time thing play like interesting piece experimental theater well guess let others already commented speak boringness namely occurs second act find second act boring also catch go along film like descent rosario happens attaching leveraging get script production would usual circumstance not get made time basically miscast film leading role rosario dawson gorgeous apparently shoot girl angle day long oh fast time slip away rosy ai no undergraduate no part confusion screenplay graduate student ta no graduate student really type qualm football player rosario dawson executive producer one many many aspect professional film process think embark wonderful new role film career answer movie convincing let tell boatload bevy vivacious undergraduate aged talent pining get involved business might nailed lead character looking darn good know unfortunately without dawson honey no money say camera department outstanding job however film really well shot lit darkness nightclub scene look wonderful one tell music video starting pay play time quite excellent make picture rewarding watch descent good not great however feeling thanks netflix movie find life hope group continues making film experimental american cinematographic imagery implausibly well formed college stud male model early twenty undergraduate plain angry hormonally aggressive young men comprise less half american university rosario dawson descent might flavor rockaroll,positive,negative,0.5888345720556797,0.4111654279443203,0.5888345720556797,False,0.08883457205567968
discussion held thousand time merchant venice antisemitic think unfair always point little bit antisemitism otherwise great piece art think play stain shakespeare reputation world greatest playwright think play role particular racist purpose think michael radford knew added movie prologue pitiful situation jew renaissance vain play remains always new give first futile hope someone dared set something right remains permanent outrage not degree antisemitism would particularly shocking play come name william spend much time portraying hatred man shylock employ great serious actor like al pacino end everything getting ruined outrageous hey court room scene like precise like shylock demanding right according contract not responsible christian antonio always used look signed full awareness consequence sure shylock demand cruel useless not point see see man humiliated life point remains hatred think certainly bit inappropriate lecture man thing like movie one point become soap opera cruel madman knife horrified rather audience poor victim tied chair true antonio accepts fate ca say one word sorry think need not lose many word ridiculous verdict young dottore padua truly popular verdict not much different would seen year later show trial nazi one minute next jew robbed everything owned sentenced baptized christian kicked outrageous obviously not story move romantic intricacy ring happy one learn libeskind jewish museum berlin similar place world antisemitism often go unnoticed mass devastating minority individual embedded alleged greater good majority exactly task everyone u develop sensitivity detect unmask accept excuse film made create empathy badly treated shylock work think anybody forced recommend movie particular not oscar,negative,positive,0.34687356924718127,0.6531264307528187,0.6531264307528187,False,0.15312643075281873
know review say movie great good book actually one favorite verrry little not meant theater maybe little short see turn short kiddie book whole feature cute movie would recommend really little kid older kid no interest adult may little interest watch young one anyone age disagree opinion,negative,positive,0.3000814355513205,0.6999185644486795,0.6999185644486795,False,0.1999185644486795
irvine welsh follow trainspotting hit screen three short story set edinburgh welsh trade mark drug culture depression working class hibernian football club uneasy watch place no less well written story darkly comic twist story serious shockingly realistic plot not appeal including point no doubt adopt cult following,negative,positive,0.49181499580359544,0.5081850041964046,0.5081850041964046,False,0.008185004196404555
purportedly final film left behind series fundamentalist preacher novelist tim lahaye idea expect future final day planet earth case expect activist presidency every sense word barack obama becomes president next fantastic four revelation back one cast change arnold pinnock would know guidance counselor life derek minister taking place clarence gilyard brad johnson pilot day christian night daughter janaya stephen ace investigative reporter kirk cameron four people earth divined true nature un secretary general nicolai karpathy throwing sand time got ally president united state played louis gossett one hell rough time especially guerrilla launch rpg attack presidential motorcade killing vice president charles martin smith right toad vice president somebody really messed bad everyone including would harm know president vice president never travel together take entire film convince gossett exactly karpathy really best one film gordon currie may yet see another left behind film yet door left open though people assure run source material tim lehaye suppose long make money player ca get job mainstream film industry unresolved plot issue involving brad johnson chelsea noble kirk cameron real life one fantastic four die film fantastic three get another fourth stay tuned,negative,positive,0.4063018582701612,0.5936981417298388,0.5936981417298388,False,0.09369814172983881
maximum risk quite surprising person seen movie director ringo lam made average compared action movie special predicate muscle brussels movie quite classy style interesting atmosphere last not least beautyful natasha henstridge even vandamme make cry acting relatively good job course may not compare maximum risk oh creative title ronin watching knock hell good movie special standard course,negative,positive,0.26433397193003216,0.7356660280699678,0.7356660280699678,False,0.23566602806996784
recent release mad dog morgan troma dvd appears censored print television viewing violent scene edited portion colorful language removed anyone viewed film uncut mad hell toxic dvd version mad dog morgan deserves released dvd original theatrical cut however even released dvd film still one better depiction bushranger life nineteenth century australia toured old melbourne gaol death mask convict display mad dog morgan come mind,negative,positive,0.1949405208406222,0.8050594791593778,0.8050594791593778,False,0.3050594791593778
like errol flynn like biography like action movie featured three like film went long although last minute excellent especially photography great angle shot however seemed like took six hour get point really ca say feel way action interesting errol flynn olivia de havilland fine fact refreshing see de havilland actually supportive flynn instead normal role antagonist yet something lacking film roundly criticized historical inaccuracy hear criticism lot film done fact rare film historically accurate reason revisionist history offended critic film made general custer lot worse really would probably liked well bad twisted way critic prefer villain hero really wish could enjoyed take lot flynn adventure one,negative,positive,0.393848779478324,0.606151220521676,0.606151220521676,False,0.10615122052167603
grew watching original disney cinderella always loved much tape little excited see cinderella coming tv would able see known movie join club movie sequel left alone hold absolutely none original super charm seems quite rough almost brutal right remember character telling story song film soundtrack laid top seem fit jaq transformation human prime example walking around eating apple adding little quip dancing around singing great tall ballroom old barn dance type country music though writer forgot story set upbeat fiddle certainly artwork animation cinderella scratch original artwork film seems quite raw less detailed see part cinderella hoop skirt feel movie could story think would say hate believe many shortcoming seems downgrade significant way beloved cinderella original,negative,positive,0.327740154476313,0.672259845523687,0.672259845523687,False,0.172259845523687
curse monkey island released excactly year success monkey island would think monkey island wierd ending would finish monkey island turned trick lure guybrush captivity enough whole jist monkey island returned voice phenominal lucasarts make monkey island would probably would look like sound like plot real good everything awesome heard monkey island series buy monkey island archive monkey island booty pack play game starting secret monkey island monkey island curse monkey island monkey island real good one top,positive,negative,0.606564903125338,0.39343509687466205,0.606564903125338,False,0.10656490312533795
without going detail good somewhat provocative tv movie seems consensus among user no one blame disagree yes young male lover beverly played rob estes may young horny good looking not getting much want mom mean climb bed sex daughter ok use excuse wanted watch tv buy people take responsibility action not cross line sex vulnerable teen supposedly responsible adult said mom must never know responsible yes good flick got coming kid folk happened no one fault,positive,negative,0.6951718394230575,0.30482816057694256,0.6951718394230575,False,0.1951718394230575
jack frost probably cheesiest movie ever seen life complete title film jack frost revenge mutant killer snowman horror movie fan taste campy story line delighted watch film straight video good reason acting atrocious terrible could cause one cry main character no personality actor bad acting made worse screenplay also atrocious character always say cheesy line add cheesy line bad choreography something bad second story line really impressive since movie straight video forgiven director writer could turned idea killer snowman something cool story lot plot hole beginning cup coffee get knocked fish tank melted jack frost scientist try restore life could cup coffee fell tank jack frost completely restored immune jack frost part main character dna got mixed used kill jack frost since main character allergic banana jack frost hence point say sam dna combined jack frost one scientist saliva cup fell tank scientist dna would combined jack frost another thing special effect good either good point jack frost lot blood look pretty realistic even though movie flawed hell still entertaining overall jack frost enjoyable horror movie first one better though,positive,negative,0.6572612698595295,0.34273873014047057,0.6572612698595295,False,0.15726126985952948
miscasting happens susannah yorke luminous young jane eyre performance impeccable however edward rochester supposed george scott look behaves like arthritic jane deceased uncle better shape creak snarl obnoxious grim look like sent ax sharpened not surprised keep wife caged attic great love story look like nightmare enough darkness novel bronte rochester relatively young athletic powerful charming chooses fine speaking singing voice good mind conscience unsuccessfully attempt stifle,negative,positive,0.4517691374340037,0.5482308625659963,0.5482308625659963,False,0.04823086256599629
read angel demon year ago honestly say one book could put movie however pretty much expected lot action somewhat mystery storyline tom hank play opinion much better role professor langdon da vinci wo worry bad da vinci code everything much interesting action suspense less unneeded controversy read book no worry still find interesting read book well let say might little let found many scene missing looking forward pretty impressive film everyday movie goer maybe not something special dan brown fan,positive,negative,0.7558808119105753,0.24411918808942468,0.7558808119105753,False,0.2558808119105753
stupid stupid stupid think angelina jolie probably one talented actress today movie like worth time deserves better everyone else movie talent wasted sorry feel like writing review give no star,positive,negative,0.841773202603511,0.1582267973964891,0.841773202603511,False,0.34177320260351096
yes noticed comment think good sign movie even negative seen movie half time adore would watch smart understand people would hate get appeal yes weird taste movie great movie line quick like whole scene chinese restaurant started dying laughing assembly line talking contact jude law wonderful though humorous trying cover wonderful accent anyways not consider movie goddess critic movie nothing better write movie commentary film hate online feel sorry write movie like like love everything tie together keep guessing even though guess wrong ending interesting not overdone purely clever would not compare matrix think people get wrong idea went movie expecting nothing except jude law blown away no clue cronenburg film love merit another clever thing foreshadowing dog definitely watch movie,positive,negative,0.577461496818125,0.422538503181875,0.577461496818125,False,0.07746149681812498
two sister perverted brother cousin car trouble happen home hackenstein conveniently need body part three nubile young woman use experiment bring deceased lover back life tell help get home morning spend night good doctor get work found mildly amusing nothing actually go way stumbled across netflix instant view streamed xbox better expected troma acquired film humor work still part caused smile plus late great anne ramsey small part always treat candy bambi darro sylvia lee baker got topless grade,negative,positive,0.30243934055486377,0.6975606594451362,0.6975606594451362,False,0.19756065944513623
really good movie lurking beneath surface layer upon layer cheese pagemaster found watched morning neglecting year year remember hating passion first came time found special effect quite good plot neverending story okay little flick anyone want really awesome animation amazing especially liked animator let character look act bit surrealistic norm giving grade three would given two parody value ever decided watch movie expecting absolutely blow mind,negative,positive,0.19822793923499848,0.8017720607650015,0.8017720607650015,False,0.3017720607650015
care people voted movie bad want truth good movie every thing movie really get one,positive,negative,0.7001897199616525,0.2998102800383476,0.7001897199616525,False,0.20018971996165247
laugh adventure good time killer soundtrack acting special animitronics like none else could want movie see telly watch otherwise run rent,positive,negative,0.546220997252717,0.453779002747283,0.546220997252717,False,0.046220997252717
unfamiliar alisdair sims course definitive scrooge christmas carol movie guess really bad actually seen darn thing guess seen christmas carol used character might find bell trinians rather surprising see movie sims two role one play heavy better drag headmistress private girl school get thick skull movie offer plenty delight plot deal way school try make desperately needed money horse race actually little complicated small kid handle think would preoccupied antic horse really notice adult might get tripped thick accent thrown around well story reasonably light action crazy frenetic one really notice p kid look like come eloise school cuteness,positive,negative,0.6518206720091235,0.3481793279908764,0.6518206720091235,False,0.15182067200912353
read several good review defended critised various aspect film one thing see annoyance megan idealistic political scientist trying change world loved character maybe year old political science student think going change world relate megan besides cute no super model cute girl next cried screamed lot dramatic seems overdone fit character go show intention sacrificing life prove point think people enjoy show sick think made argument well course young naive girl terrified face think acting accurately portrays young girl showing moral courage despite overwhelming fear furthermore think maintained certain dignity throughout film despite desperate situation movie general megan pretty much expected excellent gore scene standard plot maybe took quick thought hardly contemplation basically dark humorist senseless slasher film name implies love sadism doctor kept ripping megan shirt not cause sleaze though largely also torment kill chainsaw hick hilarious slasher film lover probably best give film good setting almost no plot mix good terrible acting would recommend cheap thrill hardly diamond rough horror,negative,positive,0.23490878652748726,0.7650912134725127,0.7650912134725127,False,0.26509121347251274
goof factual errorwhen charlie walk room commit suicide take gun silencer second hear loud bang gun fired,positive,negative,0.5056852864959143,0.49431471350408573,0.5056852864959143,False,0.005685286495914266
pace movie quite slow take minute get katie china know leaf minute wrap thing storyline predictable know everything minute nothing surprise guess movie coming age movie movie full stereotype quite top katie beauty realizes look boy shopping everything realizes feel see real world mother high strung nervous screaming mother wow innovative need taking care strong father patient always understanding take care incapable boyfriend want get comedian clown chinese guy know speak english properly made laughing stock thought hollywood dropped character mid nurse time know everything get around china next moment carbon copy mother woman cant handle situation know deformed chinese girl help u western get help become beautiful girl china third world country according film anything hence need charity gah wake smell poverty china portrayal aid western country read usa shallow happy sad revolting shanghai movie set expanding evolving city world chinese father nice goodhearted end one wish cowboy white hat teacher sean astin really heart ripping story not tell without feel sean etc etc difficult actually finding real person entire nothing feel good movie american age want learn anything world watch hotel rwanda instead better life story coming age movie suggest watch italian cinema paradiso best foreign film academy reward year nice thing movie small town scenery truly capture not beautiful chinese country side seen,negative,positive,0.26143121568739713,0.7385687843126029,0.7385687843126029,False,0.23856878431260287
manipulative drama glamorous model margaux hemingway raped geeky unbalanced musician chris sarandon introduced younger sister played sibling mariel whose music teacher central courtroom action hold attention thanks largely commanding performance anne bancroft hemingway lawyer film often merely glossy also dramatically unconvincing jury ostensibly take musician side girl invited assault due sensuous nature profession b offering no resistance presumed aggressor sister arrived apartment inadvertently saw couple bed together f clearly tied resistance could realistically offer second half film involving sarandon rape sister curiously anticipates irreversible occurring tunnel rather contrived mariel character known better trust sarandon sister margaux foolishly reprises line work indirectly led humiliating experience almost immediately climax sarandon get dessert margaux turning suddenly fearless resourceful vigilante however style death wish incidentally ubiquitous italian movie mogul dino de laurentiis behind worth noting two hemingway sister life took wildly different turn film debut margaux career never took despite undeniable good look commendable participation mariel would soon receive oscar nomination woody allen manhattan interestingly would play glamorous victim raging violence essaying role playboy centerfold dorothy stratten bob fosse star added pressure couple failed marriage margaux took refuge alcohol would eventually die drug overdose chillingly hemingway family history suicide notably sister grandfather celebrated author ernest died gunshot wound,negative,positive,0.34284311036559667,0.6571568896344033,0.6571568896344033,False,0.15715688963440333
let like pulp however like one easier dive see olympics marked little easier give cheap thrill drag inside world say late medieval two hour ghost train ride often accurately time ludicrous unlikely always go forward always entertains not always right way check memorable quote section chuckle however quite given worst film razzie baffling bet thousand worse film made film got treatment viewed fashionable victim head case popular novelist catherine tramell sharon stone london writing novel death destruction follow around like fly follow horse spot hot weather god heaven ca even visit toilet without tripping least two corps sure opened closet vast penthouse flat one would come tumbling grand hollywood clearly dangerous lady circling around like pulse zero personally responsible mean would anyone put together start thinking might murderer equally reaction accusation seems casual however personality disorder form risk addiction evidence guilt reason not fully understand explain stone assigned psychiatrist michael glass david morrissey evaluation rather taken cell following another lover found dead mysterious circumstance thankfully stone far crazier patient troubled life blink eye relationship change doctor patient hard tell becomes something revolving heady mix come roy washburn strange welsh sounding david thewlis tell love struck doctor capacity policeman many year standing lady question may dangerous mean hold front page however glass realise care like dizzy boxer front mike tyson ripe big however not finding washburn might secret two come millena gardosh charlotte rampling fellow psychiatrist rare example film someone barking mad else murder suspect presuming actually watched finished film must look back nostalgia underwear came ease stone thankfully u least day long gone strangely think stone quite dangerous everyone else else think script good enough cheque large enough proper several lap track roughly outlined come climax mix provincial rep farcical rest movie give u enough elbowroom basic instinct highly unlikely may point time,positive,negative,0.5485642638694895,0.45143573613051047,0.5485642638694895,False,0.04856426386948953
movie not bad say infact think enjoyable original maybe people hate much co dont want admit good not great not fx done mind co enjoyable movie phil buckman chris opinion best guy movie julie delpy rather attractive brought sexiness lot wisecrack movie thought good movie collection original not dont like much one not bored watched movie kept watching unlike horror movie could mention like oh say driller killer suspiria dario argento movie thats name ok werewolf film people collection like werewolf movie maybe get original point maybe one complaint phil buckman chris apart movie movie ok werewolf movie not worst one,positive,negative,0.717192874820499,0.2828071251795011,0.717192874820499,False,0.21719287482049898
ever tried kind food friend made said wow not good mix well felt watching viewer left highly uncomfortable weird mix crime corny comedy almost like watching rogers play ruthless gangster weird thing mix film clearly prof good performance dean stockwell mercedes ruhle alec baldwin excellent make lack balance symmetry demme done excellent work film silence lamb philadelphia seems element one,negative,positive,0.35888231365273193,0.6411176863472681,0.6411176863472681,False,0.14111768634726807
particularly enjoyed delly review film agree howard not damaged character howard rather ruthlessly script no evidence previous employer actually dead murdered howard know neither terror confusion seeing woman lying bolt however never actually harm helen gordon no matter enraged indeed reacts horror helen fainting spell fact holding pair scissors resume tidying greets recovered helen almost pathetic tired think go home frankly think psychopath sick puppy certainly not problem howard no real male identity wanted serve country mental condition denies place army singularly rootless isolated no wife no girl no home least far know woman job floor speciality helen niece ruthlessly strip away pride thoroughness exclaiming caustically would want man real job also although find strongly attracted helen unable unwilling scare making strong sexual pas remarkably powerless ca fight ca work ca make justifiably terrified however try connect finding respond normally way outside comfort zone provided memory husband ned unwittingly press howard button lying attempt character trapped house trapped fear neurosis rage memory deserve sympathy know sudden ending disappointed reviewer felt fitted well offered kind release character helen freed think past howard try husband army coat helen disgusted reaction highlighted no doubt feel sacredness ned possession violated hopefully need keep everything untouched lost reality struggle danger perhaps move also freed endless cycle anger hurt violence whether move treatment jail debatable hope performance ryan lupino prefer dangerous ground pretty good,positive,negative,0.6872710474705407,0.3127289525294593,0.6872710474705407,False,0.18727104747054069
hollywood home hype glamor search profit scarcely ruled spiritual value come no surprise attempt investigation spiritual life thin often silly better go farther afield film bresson dreyer rossellini bergman probing depiction spirituality strange cargo no exception odd hybrid adventure film love story religious parable trivializes insight try communicate figure providence salvation would work match verne clark gable cockily mannered julie joan crawford snarling spitting every word attempt queen tough dame seems ludicrous best patron saint star system work matching warring ego sending penal servitude lot good supporting performance visually arresting moment shadowy prison barrack escaping boat moonlight painterly cloudscape julie walking along seafront wind whip julie monsieur pig peter lorre bargaining verne freedom storm build unusually ennobling gay prison romance two convict paul lukas dignified detached performance hessler murderer appreciate cambreau virtue yet turn back film arresting moment hessler left cambreau stand outside cabin hear wind jungle see shadow face conveys moment fear exit night moment hessler achieves ambiguity depth existential strength none character manage achieve film secret deepest sympathy allied hessler,negative,positive,0.4229308104237187,0.5770691895762813,0.5770691895762813,False,0.07706918957628128
movie action fighting dancing bull riding music pretty girl movie authenic look middle america believe lot oil money lot woman lot honky tonks bad gone movie essentially another boy meet girl boy loses girl boy get girl back redeemed actor music absolutely no movie better music movie includes american graffiti movie watch never get tired every time watch young time go honky tonking reason gave not rate movie zero not feel rate one,positive,negative,0.6066314118562541,0.3933685881437458,0.6066314118562541,False,0.10663141185625413
movie without doubt perfect people rating film low grade no good plot anything like thats ridiculous saying jackie chan movie bad plot like saying porn movie bad no plot watch jackie chan fight scene action not much concentrated good story anything like look make movie compare american film era even later realize jackie chan movie top fight scene not really good plot american movie good plot shitty action scene compared jackie chan time porn watched porn jackie chan watched action think people rating bad no plot think thats smart movie critic would rate good movie way see good movie movie keep entertained sure middle movie boring boring put way rest action scene stunt much pay change way american action movie created even stollen scene movie want true man true entertainer watch movie many jackie chan he pure everyway literally make american movie look like walk park even today movie american movie rely much special effect safety wire stunt double much police story many jackie chan film piece work true entertainer go talented masterpiece,positive,negative,0.6154418126781666,0.38455818732183344,0.6154418126781666,False,0.11544181267816656
suppose see critic give film two five star fantastic think worth look director shawn levy cheaper dozen night museum basically jason shepherd malcolm middle frankie muniz often lying parent teacher teacher warns creative writing fail whole semester repeat grade summer completes work getting lift hollywood producer marty wolf paul giamatti hit way school manages leave paper story big fat liar car find movie trailer marty stole paper turning major movie best friend kaylee man amanda bynes mission prove jason telling truth marty course nasty smug give jason father harry michael bryan french phone call even burn big fat liar paper jason kaylee determined make marty life hellish possible agrees call jason dad put blue dye swimming pool orange hair dye shampoo much naughty prank creating chaos marty career obvious point jason look like want give worry character despise marty help final operation jason parent coming want finally prove truthfulness boy deliver big style also starring amanda detmer monty kirkham lee major vince donald adeosun faison frank jackson sandra oh phyllis caldwell russell hornsby marcus duncan christine tucci carol shepherd american pie john cho dustin dusty wong muniz likable byrnes prof surprisingly talented support even though wasting time talent little giamatti great nasty kid film seems corny cheesy predictable keep mind try enjoy performance slapstick okay,negative,positive,0.4594206075512327,0.5405793924487673,0.5405793924487673,False,0.04057939244876729
decided write comment amazing movie imdb cited john woo mediocre director made decent film back year totally ruined reputation latest made u film plan remake well couple reason one stupidest idea remake ever plot film simple even clichéd today standard make film masterpiece acting four lead unique direction mellville cinematography music style no way director today make film impossible create atmosphere movie today targeted movie business john woo make less decent film borrowed melville le samourai killer remember made director not spoiled big budget expensive salary cheap acting merit actor saying one greatest film ever made together another film melville le samourai watch even remake made try avoid seeing great original first,positive,negative,0.530941861255934,0.46905813874406593,0.530941861255934,False,0.03094186125593401
want see film starring stan laurel laurel hardy comedy not film stan would not begin find character rhythm film another two year however want good travesty rudolph valentino blood sand made previous year movie stop pulled physical comedy title card movie not held together character plot valentino movie used well sort,positive,negative,0.6284190117991573,0.37158098820084273,0.6284190117991573,False,0.12841901179915727
honestly ca understand movie rate well nor bakshi thought finest film huge fan bakshi earlier work particularly heavy traffic wizard frankly wizard last good film made turned mainstream beginning diabolical lord ring knuckling sword sorcery heavyweight frank frazetta fire say story puerile animation tv quality insist considerably worse stuff whereas wizard real imagination quirkiness gorgeous background art underground adult sensibility fire ice designed year old boy intellectual clout robinson crusoe liked gor book might like view though another blip slide quality wizard bakshi never recovered though done decent tv stuff fairly recently,negative,positive,0.4993146113052096,0.5006853886947904,0.5006853886947904,False,0.0006853886947904009
guy named george sitting home alone birthday two woman show george wife hospital taking care son wife away george get bubble bath make love girl great scene really show anything birthday boy wake next morning girl still house make nice breakfast george hungry george happy try ditch get home girl still house girl enough old george no longer want cook turn major psychopath use george little crazy game liked girl wanted messed george house george really great two guest george said married man really seem mean george looked like tom tucker family guy two girl whole time,negative,positive,0.40239614131745605,0.597603858682544,0.597603858682544,False,0.09760385868254395
boston legal turned tail headed barn door th pig slop created show first aired almost four season back humorous slap legal system actor seem take pride portraying funny diversified extent factual character portrayed acceptable extent real portrayal sexual comment activity limited humorous julie bowen beautiful series participated dragged lower depth medium programming sex violence julie excellent actress need stable platform production rene adjurdubois excellent actor day benson production held field entertainment always showing humor respectful acting production captain kirk funny humorous candace bergan admired continuing production good actress james spader no doubt acting ability however go back xxx origin crash appears much talent inclination direction ask series trashed already really starting smell,negative,positive,0.2786195864397617,0.7213804135602383,0.7213804135602383,False,0.2213804135602383
everyone decent job film agree comment loose scattered much like experiment really talented actor enough hold attention said really funny moment one involving dylan mcdermott flaming shot glass think anyone drunk would find funny inflatable dinosaur crispin glover usual nutty guy fine harry dean stanton usual nutty patriarch repo man anyone etc good cast not enough keep going gem second long,negative,positive,0.43616448110967354,0.5638355188903265,0.5638355188903265,False,0.06383551889032646
viewing several episode series come conclusion television producer completely devoid form originality old science fiction standby ingeniously wrapped form truly original concept still make dialog good male actor reasonably proficient profession character well drawn special kudos hero likeable episode plot come across palatable could wrong female character cosmeticly perfect actress chosen portray producer insist portraying female character almost good series manner make end product appear misplaced cheerleader ask episode fall flat whenever female guest star recurring character come screen actress totally unbelievable role actually see know incapable acting assignment blind person could tell listen talk deliver dialog drama effect year old high school prom would believe woman phd scientist senator corporate executive medical doctor nut shell producer choice stockard channing morgan fairchild guess choose every time course series suffers bad,positive,negative,0.835905692156684,0.164094307843316,0.835905692156684,False,0.335905692156684
truth movie remember story reported year ago fisherman finding body water chose not report trip finished also recall charged interfering corpse charge not sure australia viewer outside australia must think live country full rapist serial murder wolf creek film would encourage perception film reminded simple plan far one best australian film ever someone claimed ca generous put way would bother watching,negative,positive,0.319319338941365,0.680680661058635,0.680680661058635,False,0.180680661058635
carole lombard james stewart gamely try inject life meaning bizarrely constructed film tribulation newlywed couple scene play parceled among various director different goal screwball melodramatic surprisingly noir even extended adventure sequence plot suddenly focus small plane flying blizzard hard say scene incongruous film whole erratic tone storyline not exactly believable worth watching film student fan actor smaller part judge doolittle intrepid pilot also well played,negative,positive,0.203341920408446,0.796658079591554,0.796658079591554,False,0.296658079591554
college student find lost bubble academia cut community study live conversation held fellow student college faculty steven greenstreet documentary prime example disillusioned college student judge entire community based limited contact small number documentary focused small group individual portrayed representing large group population usual people scream get medium attention misrepresentation community film set documentary well made dispute feeling uproar depicted film attributed entire community rather individual expressed important examine controversy like make people aware difference exist political viewpoint ridiculous implicate entire community people action radical,negative,positive,0.3499255724487863,0.6500744275512137,0.6500744275512137,False,0.1500744275512137
first saw movie saturday matinee young thought cool often thought well finally resaw dvd still entertaining different way rank one goofiest campiest movie seemed filled stock military footage dialogue stilted effect crude one line dialogue stitch line jeff morrow say beach babe rent need movie watch bunch drunken friend classic,negative,positive,0.24752781558344805,0.752472184416552,0.752472184416552,False,0.25247218441655195
love titled broadcast weekend romantic period drama featuring captain saint ives french officer napoleon army captured british imprisoned scotland meet fall love young maiden visit prison also storyline involving murder honest confess taken movie since not much fan period drama screenplay feel somewhat episodic say well acted everyone involved got good cast feature miranda richardson anna friel richard e grant michael gough jason isaac costume design expect also excellent surprised movie get complaint broadcast teatime captain saint ives lie bed prostitute nipple fully exposed scene french prisoner bathing includes full frontal male nudity not mention murder scene blood clearly seen really worry bbc scheduler type clue,negative,positive,0.1929247676720498,0.8070752323279502,0.8070752323279502,False,0.3070752323279502
truly disturbed cannibalistic psychopath john gary kent pseudonym michael brody life cave stalk camper make unfortunate mistake backpacking wilderness steve dean russell buddy charlie john batis get playful argument wife sharon tomi barrett late wife gary kent teddi ann wilkinson surviving wood camping prove point gal decide head wilderness los angeles camping trip disturbing partner point soon follow afterward falling prey john teddi soon killed sharon run life men arrive late wilderness due truck overheating afraid tired paranoid sharon receives unusual assistance john ghost child right john child remain wilderness ghostly apparition spy exist wood taking special liking sharon helping guide safety friend meanwhile steve charlie soon find shelter pour darkness night cave john life cooking burning fire meat simmering actually charlie wife teddi unknowingly charlie eats meat offered john find outsider inside dwelling place anyway soon worried wife steve charlie set find morning break meanwhile john go hunting charlie steve sharon fight survival steve suffers compound fracture stumbling two massive rock flowing river handicapped increasing already nightmare scenario sharon following ghostly young friend potential safety even one point plead father not kill charlie unfortunately donald jones also wrote went broke funding film smartly shoot film breathtaking gorgeous location sequoia national park california gargantuan tree tower great height basically watch backwoods slasher purpose strange reason particularly find jones direction setting atmospheric dread missing although rather disturbing attack john using knife shot clever way jones camera suggests actually screen yet somehow still achieves gasp john victim within picturesque landscape see innocent preyed upon maniac kind increase terror city folk attempting spend nice day different place smell clean fresh air enjoy sight lovely view find stalked creepy predator intimidating knife providing john monster jones allows u witness memory flashback discovering wife adultery reacting accordingly also ghost wilderness looking child wishing punish naughty killing lover bed refrigerator repairman child sad depressed committed suicide haunt wilderness still interacting pa whoever choose realize novelty ghost child backwoods slasher unique appreciated found idea rather hokey silly take serious help heroine escape potentially dangerous situation awfully hard keep giggling uncontrollably music found hideously performance mean could react situation indeed quite terrifying find unfamiliar hostile territory hunted someone know area well think film similar many way go wood alone except forest aforementioned ghost child voice echo talking sharon father gary kent look like filthy george lucas tattered clothes humanity lost mentioned violence grisly suggested director jones able effectively cut away great deal knife penetration yet way stage set piece leave rather unsettled teddi murder violence mostly silhouetted surface nearby huge stone formation plea john stop stabbed several time attempt crawl away predator finished hanging corpse john skinning seen better worse type slasher film rather mediocre best effectively shot scenery really think particularly memorable exception ghost child,negative,positive,0.33891723685068564,0.6610827631493144,0.6610827631493144,False,0.16108276314931436
movie deserves giving not give movie like godfather goodfellas psycho kind give movie make laugh horribly written directed movie yet fail entertain amateur effect yet enjoy every moment saw movie today tv want move away read following dialogue know whole college standing around manisha undergone rape attempt guy attempted rape asking forgiveness bad guy please forgive u bad guy yes wo no response manisha akshay come forgive manisha know akshay beautiful woman even dead men get aroused living young male blame pancholi yeah manisha manisha suniel tried rape girlfriend suniel break hand leg kill anyways forgive akshay yeah forgive though arrogant beauty true masterpiece dialogue movie never fails entertain mainly many goof unrealistic situation bad guy munish basically anything blow sandstorm mouth get motorcycle backside easily make disappear every actor take turn speak one line akshay suniel arshad aftab nigam main rule followed director equal screen time given guy powerful pendant cause even speeding car go right without harmed thing make enjoyable movie watch think movie go comedy hall fame one problem trying funny,positive,negative,0.6402659641187135,0.3597340358812865,0.6402659641187135,False,0.1402659641187135
many sequel one quality impact original first one belongs rest great one cut first film magical good time feeling totally missing film became enamored character minus richard dreyfus age innocence year later changed much largely different people happens real life expect happen favorite film character film humor original expecting laugh little humor dark first film also featured probably greatest soundtrack ever one good not even close original film totally different original even actually sequel gave,negative,positive,0.28251451539123007,0.7174854846087699,0.7174854846087699,False,0.21748548460876993
completely drawn story wonder perhaps sympathetic hurt character plight respect boil really think glam reporter barbara walter devil maybe filmmaker telling u unknowing supporter fluff news story,positive,negative,0.647548510612808,0.352451489387192,0.647548510612808,False,0.14754851061280805
warning spoiler ahead incredibly crappy movie make iron eagle seem story follows captain holiday rutger hauer get shot friend banning robert patrick stop shooting iraqi airliner filled innocent civilian six year later holiday return take revenge among thing sitting tank chase banning colonel pregnant wife field manages fire shell drive tank time getting tank blown bazooka miraculously survives steal fighter jet shoot number allied fighter attacking nato headquarters attempt kill banning extra bonus major baxter holiday hang office put rank insignia right shoulder backwards elegant,negative,positive,0.4886558167709337,0.5113441832290663,0.5113441832290663,False,0.011344183229066274
know french inmate unlikely read lovecraft prof point writing taught school maybe separate subject think something sound like ftagn yog sototh could possibly lead good movie take place prison four unlikely cell mate stumble upon magical book may read right get prison go cell totally unrealistic made hard get atmosphere thing also move rather slowly may bore people top notch horror feeling mixing sartre hell people type story rather line take time watch mean not go work sleep something else movie work best immersed lesson learned yog bad almost bad french woman,positive,negative,0.558284105602962,0.44171589439703796,0.558284105602962,False,0.058284105602962044
not serious film not pretend not bad review title first ten minute lead plot silly add fun enthusiasm run film character played sympathetically engage typical teenage angst generally avoid sickly sentimentality usually found film set london sympathetic geek well worth watch happens want silliness mind suspending disbelief,positive,negative,0.6472274493821685,0.3527725506178315,0.6472274493821685,False,0.14722744938216847
riveting could not look away movie rolled started feel powerful confronting no idea much intense would get movie give insight unfortunately everyday life lot school kid u live outside environment would walk not know need see film particular see glimpse kid go often parent dismiss kid problem trivial unfortunately high schooler massive unfortunately problem escalate must see,positive,negative,0.56710438449326,0.43289561550674,0.56710438449326,False,0.06710438449325995
interesting little flick made cool jazzy twangy soundtrack music plot make laugh ok not really stupid cheesy fun saw many similarity creature blue hand aka bloody dead director scotland yard finest investigating murder young lady college seems criminal let loose local prison bidding evil person returned work done nifty device hidden inside bible squirt prussic acid another device neither nifty nor clandestine look like large squirt gun victim must pretty near soaked expire joachim fuchsberger play inspector mostly chew gum look distance monk anyone identifies thing monk beyond carry whip dress red outfit red hood klan member different color monk kind nifty device like fireplace hearth go admit monk step right fire without setting robe alight nifty trick right odd combo crime drama goofy overtone rather silly time fun watch not bad,positive,negative,0.6986557329773089,0.30134426702269107,0.6986557329773089,False,0.19865573297730887
overambitious shoddy time darkly lit dark reality scenario not even close original dark dank basement kidnapped prisoner fearful survival carey alisha seton tell family friend backpacking across europe make town grabbed rainy sidewalk drugged awakes chained dungeon eventually realizes not alone upon meeting fellow captive different thought survival cell mate start dying one one garner enough strength courage see daylight others cast laila dagher rachel oliva eva derreck arthur bullock jen parker,negative,positive,0.2655618603655199,0.7344381396344801,0.7344381396344801,False,0.23443813963448012
movie basks much innocence tell story big time snooze fest actor personable story trite go nowhere think victor rasuk great charisma deserves real film real storyteller,negative,positive,0.3248752382037702,0.6751247617962298,0.6751247617962298,False,0.17512476179622982
definitely good movie unlike people saying peline seen movie end cheesy part package experiment death trying defy movie cool wish see classic kevin bacon movie see please take care greeting istanbul write line really want u think waste time bye rest review not taken seriously wrote fill line requirement crazy kind people therefore adapt rule set u people watch movie not wrote line good way wrote line,positive,negative,0.6120252514221528,0.3879747485778472,0.6120252514221528,False,0.1120252514221528
incident mountain road coscarelli entry mick garris master horror series coscarelli famous man behind cult gem phantasm series irresistibly weird bubba brings none quality made film great tv episode plot run mill one follows routine idea innocent chased madman time young woman driving mountain road head crash find stalked white faced maniac whole chase sequence really ridiculous young lady stopping every often set trap maniac show second later cut scene showing husband happens wealth information escape insane killer line expect unexpected real highlight presence phantasm tall man angus scrimm coscarelli try best implement much horror imagery possible thing rotted corpse dead baby silly whole difficult take piece seriously first episode series first seen really hope get better,negative,positive,0.389466299021761,0.610533700978239,0.610533700978239,False,0.110533700978239
addition negative review amazed see drop hat somewhere somehow summoned unlikely location show look going notably near professor hit full wind force head heavy object subsequently life tell story otherwise unable shake image actor portrayed said wife hey neil young one nigel planer summon hercule poirot help david suchet add disgrace film shown two part itv uk recently itv showed telephone number environment agency episode worried viewer living area risk flooding low broadcaster go treat audience like must environment agency thought oh no mr jones hull say right along saw itv,negative,positive,0.36140775196831176,0.6385922480316882,0.6385922480316882,False,0.13859224803168824
growing joe strummer hero mine even left cold film better worse future unwritten not straightforward behind music style documentary rather biographical art film chock full interview performance footage home movie mostly pointless animation sketch lifted animal farm movie coherent overlong half campfire format touching thought actually pretty annoying execution first without title hard even know half interviewee secondly really need hear people like bono johnny depp john cusack mouth butt licking hosanna man not relevant strummer life opinion add nothing picture best strummer taped interview conversation touch facet life people not know suicide older brother coming term death parent joy fatherhood moving showed joe strummer not punk icon knew loved regular human deal joy sorrow life must better straightforward documentary strummer clash westway legend kurt loder narrated mtv documentary early come mind joe strummer future unwritten diehard,negative,positive,0.3336528115465236,0.6663471884534764,0.6663471884534764,False,0.1663471884534764
incomparable paul naschy horror film icon spain lends talent entertaining not scattershot film begin action flick end horror story say sit back enjoy naschy play hired shady japanese diamond hunter one flame carrying child swipe cache diamond belgian businessman deed done allure diamond tempting paul dismiss kill japanese cohort girlfriend whose brother paul killed vow revenge chase paul forest shooting leaving dead however paul found egghead two horny daughter brought estate estate two daughter silvia aguilar azucena hernandez fight paul weakened state busty silvia aguilar determined not lose sweet prim azucena thing get hairy naschy begin see ghost daughter long dead mother estate ground couple japanese lass looking finish job killing paul get pulled two story go number way fully satisfy script build fight paul daughter silvia whose character seems assertive volatile simply let azucena win paul naschy sweepstakes without putting fight personally would preferred ghostly apparition story revenge seeking japanese woman violence get gunplay babe pig eating poor schmuck alive gore hound not letdown naschy flick paul naschy always fun watch spend bit much time bed recovering wound starring luscious silvia aguilar beautiful azucena hernandez teamed naschy little gem craving girl fine job get brief glimpse aguilar hernandez strategically placed keeping naught bit covered full nudity supplied two lesser appealing actress japanese woman chasing paul african maid work silvia azucena,negative,positive,0.41713811871178774,0.5828618812882123,0.5828618812882123,False,0.08286188128821226
sorry extremely clever summary phrase know thinking really could help meaning see bloody birthday long time must say pleasant surprise find copy film accident low price believe live small south american village thing unlikely happen real shame gem almost completely forgotten bloody birthday one movie surprisingly age well enough remain watchable nowadays not masterpiece sure still entertaining guess really unintentionally funny scene know shocker keep mind low budget flick early group evil child kill people trust movie manages remain respectable watchable blood birthday story revolves around three child born total eclipse according astrology eclipse sun moon block saturn control emotion consequence three child born day eventually become uncaring evil since experience feeling remorse whatsoever kid gang basically everyone stand way including parent sibling kill body count increase day day police authority believe psychopath lurking around place meantime debbie curtis steven hesitate keep butchering people since nobody seems suspect sweet angel face like saying bloody birthday surprisingly not funny know said truly surprised expecting hilariously bad scene movie proved wrong true not exactly people would consider serious horror movie fair say story decently executed one important reason one would normally expect laughable situation like kind movie main villain child young actor tend plain awful make whole thing laughable let face kid tend horrible actor understandable ca blame surprise three young actor played merciless killer film looked disturbing not funny rest actor also good george clooney fan see uncle playing doctor movie yeah know right care also julie brown great actress singer comedienne gay icon give solid performance naughty older sister case anyone interested nudity also strip one scene look great naked bad time screen though julie absolutely fabulous pso basically movie fine mood modest horror objection regarding bloody birthday would way justify child motif perhaps one lowest point film let see child born eclipse end heartless killer come three one actually murdered people sure child born day day total eclipse oh well overall no big deal simple observation seen worse trust take child example precocious killer get evilness turned zombie toxic cloud no believe bloody birthday far decent enjoy simple slasher going enjoy one know invited child birthday party host serving delicious poisoned cake rest guest come ca miss,positive,negative,0.5316216822249613,0.46837831777503874,0.5316216822249613,False,0.03162168222496131
lady man funny movie not much thought behind expect snl movie actually better snl movie superstar night roxbury tim meadow ferrell funny chris parnell also funny short scene one funnier one movie rest cast average support meadow definitely seen funnier movie seen dumber one not exactly deep movie good laugh funnier skit though still looking pretty funny movie recommend one think much hate,negative,positive,0.20165172532196507,0.7983482746780349,0.7983482746780349,False,0.29834827467803493
play made new genre horror killer doll film not got much money make think film make shadow chucky tipical product direct video direct tv pinocchio not real killer little imagination child big film play role good candance mckenzie great,negative,positive,0.2280862217285945,0.7719137782714055,0.7719137782714055,False,0.2719137782714055
purple moment aspect ratio format silent black white short film two luckless nightclub reveller laurel hardy unable pay bill provoking violent retribution waiter tiny sandford l h scenario less substantial best work period worth look nonetheless stan take time round caught financial dilemma holding back part wage fund night town find late aggrieved wife fay holderness replaced stash worthless coupon prolonged closeup laurel slowly becomes aware unfolding disaster reveal genius characterization mime morality represented patsy playing take great joy alerting l h respective spouse holderness lyle taho husband bad behavior ending fizzle movie still much recommend directed james parrott,negative,positive,0.28345850469509315,0.7165414953049069,0.7165414953049069,False,0.21654149530490685
ok seen everything considered classic like halloween movie suck crap even steven king junk considered ok really great like carnival soul plain ignored like evil ed pumpkin head brain dead bud cort one stick head seen never leave money much better last house left last house great till ending blew chunk kind dummy gon na give blow job someone killed kid stupid go find movie bully even funny game ya want realism creep ed damn thing stuck year one cause chuck connors always scary two tanya robert best female victim ever three chick smothered plaster still one time worst killing film telekinetic power thing blew mind came totally unexpected not mention dummy wax figure puppet etc right psycho last house texas chainsaw etc classic deservedly,positive,negative,0.5899486035973296,0.41005139640267035,0.5899486035973296,False,0.08994860359732959
although flock pretty good acting veteran richard gere okay shot might harken back silence lamb day movie stretch credibility breaking point destroys plot really lead film erroll babbage gere work department safety preparing retire office thrust upon replacement allison lowry claire dane stardust quickly discovers babbage obsessed job job ai fun monitor hundred sexual offender parole jurisdiction allison go erroll many call check flock offender learns desperate need retirement erroll good job even method taunt sexual predator even physical conflict erroll justifies action bringing deviant past good justification challenge audience level letting u see brutal erroll yet become close job teenage girl go missing erroll area immediate leap conclusion abducted one flock could know erroll good job allison challenge erroll push back battle become fierce erroll need find missing story okay umpf give credit richard gere however play erroll character well battling retirement worried everyone near flock disgusted responsible overseeing disgusted thing quite change character portrayal gere beyond not much else set okay dark dangerous many problem first admit suspending disbelief requirement whenever watching film suspension limit biggest push limit destruction extremely vital crime scene someone meticulous erroll would know moving body would huge trampling crime scene moving evidence went beyond hurt film no damaging part film never get clair dane character allison almost dropped wayside end film never privy intension might stay leave end like erroll stay horrible film touch uncomfortable moral ground story whole needed tightened,negative,positive,0.37911405392548747,0.6208859460745125,0.6208859460745125,False,0.12088594607451253
saw film week ago persuade friend come film seems getting bad review sure no human traffic lock stock no mean flop think fact many big budget film moment mean ignored reckon set want entertain u hour half leave u feeling happy contented would much rather go see mummy look boring no not teenager listen critic star war fan film well worth seeing see gorgeous luke de lacey rupert go see,positive,negative,0.5179551512502312,0.4820448487497689,0.5179551512502312,False,0.01795515125023117
love japanese monster movie love action packed battle pitting alien invader intent upon conquering earth giant robot armory super weaponry alien emporer guillotine planet gargoyle army thug called course gargoyle gang well endless supply immense hostile creature routinely loosed upon earth smash building make loud noise panic populace etc little kid named johnny sokko giant robot beckon call sends robot needed beat blast creature johnny join group good spy called unicorn endeavor help save spite campy nature unintentionally humorous dialog fact target audience obviously child movie action colorful character decent special effect happens downright fun watch battle scene well executed frequent storyline requires good guy bad guy made sure inexhaustible supply bomb laser ammunition scheme attack spite fact movie constructed edited episode tv series plot actually develops reach ultimate film positive outlook appeal everyone especially kid desire destroy evil many form kid may target audience fun everyone laugh comical silliness yet time root good guy prevail save world acting cheesy place charm several line corny dialog possibly translation error possibly intentional joke movie maker find quoting absurd line film not high production quality budget however campy enjoyable laugh recommend anyone sense humor sort thing,positive,negative,0.5472387774286043,0.4527612225713958,0.5472387774286043,False,0.04723877742860427
imagine gilligan island set african desert modern time add people nowhere near jaunty skipper marianne enough angst fill german psychiatrist office throw plot manages interesting episodically literary parallelism never delf deeply enough truly satisfy season truly morose topic exploited since first world traveler found king alive product reigning czar du jour dogme would film garnering much attention dogme hollywood danish modern rococo byproduct digital technology scandinavian movement seek quite dogmatically strip away artificiality using natural element returning essence storytelling pearl harbor instance dogme kristian levring saga ponders interpersonal relation human nature placed fire situation eleven people aboard bus riding namibian sand dune suddenly find stranded remains abandoned town african local not speak language serf observer narrator whose insight among film trenchant strongest head walk nearest village others stay behind surviving carrot circumambulating likely future vulture chow former thespian henry decides rather unappealing crew need diversion king lear memory assigns role group pass many day learning line rehearsing effort divert attention seemingly cast begin lose savagery william golding might say human surface ever seen lord fly know thing get ugly lifeboat situation turn even mother teresa pmsing termagant film shot using international ensemble american english french south african actor dogme dogma dictate develop role quite organically king also filmed chronologically adding sense realism desperation character three camera shot digital result transferred performance compels come jennifer jason leigh play boho pop tart trying bolster spirit group every way henry david bradley another finely played character whose passion life work ultimately save gang utter despair hard feel sorry wife oafish husband hirsute old womanizer sulky french intellectual wealthy men important place marooned namibian desert beckett might hate question group riding bus together remote africa first place morbidity utter despair rendered graphic detail relentlessly tedious pace enjoy,negative,positive,0.44369512068486106,0.556304879315139,0.556304879315139,False,0.056304879315138945
certainly not seen jean rollin film mostly seem bloody vampire naked woman fests like sort thing not bad major departure could almost cronenberg minus nightmarish stuff except french subtitle course man driving road night come across woman slipper bathrobe pick background yet another woman lingers wearing nothing drive along obvious something not right woman forgets thing almost quickly happen still though prevent man sex return paris apartment man leaf work stranger show place take woman away tower block huge apartment building referred black tower others kind no memory thing seems least problem held reason time event march movie involve mostly trying find going get building woman manage call robert guy picked first place come rescue revelation going come last moment movie rather strange yet touching end avoiding seemed typical formula rollin created feel fascinating disturbing film like one lot check,positive,negative,0.651774760042723,0.34822523995727706,0.651774760042723,False,0.15177476004272294
mountain japan forlorn young artist sessue hayakawa tatsu aka dragon painter paint magnificent landscape prays divinity restore fiancée belief changed dragon year ago meanwhile tokyo forlorn older painter edward peil kano indara lament not son carry family line artist peil see hayakawa painting see painter worthy become son disciple hayakawa also fall love peil daughter tsuru aoki believing reincarnation long lost princess love fulfilled hayakawa loses ability paint introduction note dragon painter originally released haworth picture production company formed previous year sessue hayakawa actor enjoyed great popularity silent period film ninth feature produced haworth tailored hayakawa talent stock company japanese actor fortunately print film found france description dragon painter love creative inspiration lost longing fulfilled accurate production hayakawa intended provide different view japanese culture american audience avoiding stereotyping violence melodramatic conflict expected oriental film period hayakawa successful part goal although film probably not not appeal viewer not best example intent dragon painter william worthington sessue hayakawa edward peil tsuru aoki,negative,positive,0.2482277855433942,0.7517722144566058,0.7517722144566058,False,0.2517722144566058
movie everything make bad movie worth watching sloppy editing little no continuity insane dialog bad might even say acting pointless story line shot go far long perfect riffing not mention corpse eater drinking game scribble form take shot sign name take shot catch bad foley edit take many many reason rate higher not enough gratuitous nudity despite insane badness hour long hell movie like least minute longer,positive,negative,0.9644401158239502,0.035559884176049786,0.9644401158239502,False,0.4644401158239502
first want say people give poor review like kind comedy movie great open mind afraid laugh stupid movie shot like tv show lot short clip compiled one long movie scene even dialog someone come something unexpected funny negative felt like wasted money popcorn icee no way could eat drink anything movie constantly laughing honestly nervous drinking icee seeing something caused laugh shoot mind male nudity enjoy jackass movie jackass tv show viva la bam sake go see like first movie tv show see see post bad review hardcore christian see bash seem right,positive,negative,0.7368895809272807,0.26311041907271926,0.7368895809272807,False,0.23688958092728074
brief story paper thin see ending coming mile away gene kelly rita hayworth impossibly young phil silver keep movie afloat throughout time lift right air song terrible clunkers poor john train wreck great fun scene hayworth performing absurdly huge set kelly rival seen believed another treat perfect set best hollywood attraction consider thing attraction howlingly awful male chivalry toward woman oily leering transparent obsequiousness passed male charm back movie least presented lurid form men like cartoon minor disappointment eve arden trapped role minor barely chance anything imagine lot potential comic interplay silver missed opportunity,positive,negative,0.5947417831817143,0.4052582168182857,0.5947417831817143,False,0.09474178318171433
oh boy dream great idea mr lynch lucky people try tell classical story way play little planting even little payoff check polanski lodger far intelligent mix fantasy reality,negative,positive,0.3635423463141071,0.6364576536858929,0.6364576536858929,False,0.1364576536858929
g started odd couple downstairs man house went amusing nation typical personal charm couple chemistry small screen g transferral big screen appalling genuis morcombe wise countless fine tv unsatisfying featuring ill yootha joyce died film released,negative,positive,0.4538498274093834,0.5461501725906166,0.5461501725906166,False,0.0461501725906166
less exciting short film saw feature turner classic movie recently film popped due intense technicolor film moving time plot looked pretty cheesy like made classroom use capturing attention wider audience even consideration particular really hated many time film thing reiterated character talked usually said clara barton instead miss barton clara plus one sickly confederate soldier said johnny reb confederate rebel almost like cartoon character mojo jojo powerpuff girl sloppy writing interesting see john hamilton later perry white superman tv show beard president garfield yep beard,negative,positive,0.4181892005563421,0.5818107994436579,0.5818107994436579,False,0.08181079944365788
freaking problem nothing better sit fat ass blog find something bad taste idea go outside right walk outside mom basement living year go outside ca leave star trek minute still married avatar world warcraft oh god case stay inside alright might gone overboard mean star trek okay really watch much anymore either way really write crap mind mencia good show maybe venting anger girl dumped world warcraft constipated try putting fiber diet,positive,negative,0.8963547173954765,0.1036452826045236,0.8963547173954765,False,0.39635471739547645
cult movie two crazed lesbian sandra locke colleen camp appearing home wealthy socialite doctor george manning seymour cassel hope help locating residence ca seem find two plan mind find george wife town end taking control residence tying george killing delivery boy destroying place one evening bizarre disturbing movie two get reward bizarre way movie end either dislike right get caught ludicrous movie minute either way even consider cult dodson,negative,positive,0.47329446308852874,0.5267055369114713,0.5267055369114713,False,0.02670553691147126
jean luc godard marxist polemic close unwatchable film likely see internationally respected filmmaker bit political theater boring interminable interspersed making sympathy devil featuring rolling stone process song development mick jagger playing demo acoustic guitar backing vocal recorded towards end fascinating worth renting film see bit stone almost half movie devoted thanks miracle chapter stop skip bizarre political skit watch stone put song laserdisc valiantly attempted watch see anyone could get finally gave way stone segment,negative,positive,0.4013418741674074,0.5986581258325926,0.5986581258325926,False,0.09865812583259259
ah classic comedy point movie brain get messed together two minute scene bruce campbell beating partially reminds simplistic movie idea grab wrap whole year year bruce campbell know kind movie want want see weird movie like bubba ho tep want see cameo role sam raimi movie want see man screaming brain title alone one know going border completely silly type movie like army darkness silly less idea movie simple bruce see doctor doctor new idea bruce get bad thing happen way see doctor coincidentally thing doctor wanted show save hilarity addition ted raimi weird russian guy journeyman stacy keach ivan ivanovich ivanov funny movie complete funny never point like silly bruce campbell like would watching like bruce campbell,positive,negative,0.5692317398823918,0.4307682601176082,0.5692317398823918,False,0.06923173988239184
dolph lundgren back detention mark dolphs first film nearly year following delayed hidden agenda film still mark improvement dolph cheapie trilogy jill rip agent red stormcatcher however film well standard hidden agenda better almost every respect film favour dolph previous outing sense cheesy fun film also rejuvenated dolph back high action role good see dolph stunt film story ludicrous prime material man teacher last day teaching whilst taking detention class run slovakian bad guy taken school use cover big drug deal film no originality movie type need sense fun cliche take seriously audience find little enjoy thankfully filmmaker take matter seriously along action cliche think predictability film bad enjoyable kind film let fairly decent budget budget around million not well spent screen plenty carnage big explosion lot shootout lack imagination opening action okay good moment become sparse good moment car careering school hallway example decent shootout beginning plenty destruction rest shootout fairly mechanical plenty going onscreen cast hidden agenda boasted best cast dolph worked age good standard actor dtv film however problem actor part bad bad guy terrible lead bad guy kind enjoyable cheesiness alex karsis play top without hint menace laugh pure badness teenager piece actually good playing cliched character hate authority bad attitude course end learn important life lesson generally decent chris collins particular likeability movie dolph though film nowhere near best nowhere near worst also mark turning point career back good shape even better shape next film direct action dolph look enthusiastic stunt good see play typical action man running explosion one liner handling large weapon movie like older one albeit less flair imagination cliched film like army one good see dolph looking energised film last year seen dolph looking little weary using double lot still fight though new streamlined dolph seems watchable cheese value dolph prime action man mode not single surprise laughably inept kind charm,positive,negative,0.7323344793918192,0.26766552060818083,0.7323344793918192,False,0.23233447939181917
well done al gore become first person made billion dollar global warming lie like man made fable world one best lie sucked many people sure polution not good thing would love tree keep growing global warming business employes thousand people many thing add well done al failed politician went make lot money sucking next santa real,negative,positive,0.3977852918997262,0.6022147081002738,0.6022147081002738,False,0.10221470810027378
maniratnam india often compared prominent world film maker regarded genius yet proved make frame look visually good without offering much food pure cinematic pleasure derived cinema old form would not like claim portray someone seen beautiful movie made around world still thoughtful bit educated film goer identify film not contain innovative ingenuous plot not contain lingering effect afterward mostly contain ridiculous ending lot melodrama seen profusely indian maniratnam successfully confirmed distaste film board claiming otherwise suggestion watch beautiful cinema made around globe,negative,positive,0.22728737525438591,0.7727126247456141,0.7727126247456141,False,0.2727126247456141
unlike commenters not staging class war mind seeing life people fairly successful extroverted bohemian gasp not terribly english party getting sort trouble result not bad film closer euro cinema rather imitation usual slick american crap believe minimal sound design cheap camera conscious decision rather bad film making defend film worse result put spotlight cast really good kate think name sarcastic drunk one exception david baddiel never allowed appear serious stuff light go kind crap country real friend go party could worse sit watch,positive,negative,0.9374575495490662,0.0625424504509338,0.9374575495490662,False,0.43745754954906624
based actual story john boorman show struggle american doctor whose husband son murdered continually plagued loss holiday burma sister seemed like good idea get away passport stolen rangoon could not leave country sister forced stay back could get paper american embassy fill day could fly took trip countryside tour guide tried finding something stone statue nothing stirred stone suddenly hell broke loose caught political revolt looked like escaped safely boarded train saw tour guide get beaten shot split second decided jump moving train try rescue no thought continually life danger woman demonstrated spontaneous selfless charity risking life save another patricia arquette beautiful not look beautiful heart unforgettable story taught suffering one promise life always keep,positive,negative,0.5976297828317549,0.4023702171682451,0.5976297828317549,False,0.09762978283175494
film absolutely fantastic watch friend nice day obviously know film stupid bad directed acted couple probably worse film world enjoy much watched nice evening best scene first one criminal kill friend alex try act like desperate result comic scene first category show lev antevleva name palassio di giusstissia accident lev going car road second later car completely empty magic,positive,negative,0.6099288031286783,0.3900711968713218,0.6099288031286783,False,0.10992880312867825
movie grabbed incredible opening sequence tricked complete reversal perspective hooked time title came theme movie everyone acting trying not tricky way like identity usual suspect way try make whatever banal life find little interesting scene chicken warehouse spectacular one point jorgen owns chicken farm attends seminar laughing worst student discomfort let see depth yearning change movie made wonder hidden mystery lie behind surface commonplace people see every day not lot plot guessing old man secret pretty easy fascination lie trying guess character figure movie appealed way sideways although character could dissimilar,positive,negative,0.5201409755054945,0.47985902449450546,0.5201409755054945,False,0.02014097550549454
never seen movie edge seat constantly laughing throughout entire movie never thought horrible acting existed funny story behind movie decent movie scene fail portray never seen stupid movie life think worth watching give movie pathetic movie ever created movie seems like solely created become trash mean scene seem fake actor act like camera front get kick watching lame movie friend could not stop making joke movie darthvader guy try get girl got ran not twice second time got ran sounded like said sh although speak english lol watch movie think movie like took granted way better movie seen curiosity well kind movie defines lame evil serpent encountered girl many time ridiculous evil serpent roared roared let get away every time evil serpent many chance like god trying say hurry eat girl many miracle want transition scene leaf wondering miss something many plot hole scene scene laughing like crazy decided escape mexico get away serpent hmmmm hopping border save serpent korea interesting interesting guess hopping border solves problem another scene completely stupified met first time romantic scene beach kissed even know scene clichéd no substance least movie might seem logical afterwhile mean met even though reincarnation feeling like instantly loved instead rather developing anyways movie worth watching sake opening eye seeing light bad hollywood movie seem like heaven compared end worth watching wont get bored occupied criticizing every moment every scene head,positive,negative,0.9240665108708538,0.07593348912914617,0.9240665108708538,False,0.4240665108708538
exactly great film admire writer director trying something little different film main theme fate small seemingly insignificant thing greatly change future way reminds film sliding door though instead focusing one random event seemingly random stuff happens repeatedly one help build cute conclusion plus odd bald guy seems understand talk one brief scene like sort omnipotent absolutely no explanation film like two guy fight clock tower hudsucker proxy dvd jacket show audrey tautou capitalize success amelie though one many actor film no one starring role pace brisk acting fine conclusion bad reason score higher character bit uninteresting think movie could perhaps tightened less subplots,positive,negative,0.6410225388477777,0.35897746115222223,0.6410225388477777,False,0.1410225388477777
not want go criticism movie think big budget movie quite exceptional wanted remark really fed studio policy law different state treat viewer like child database find least different version movie according running time course likely much different result complete confusion never sure talk movie unless live argentina movie run minute sound quite complete dvd video studio try rob u selling u presumable director cut germany already version around running approx minute would nice studio would not think cash make movie also think product work art even risk unfavourable rating viewer feel cheated taken seriously not resource money,positive,negative,0.6496857484817318,0.35031425151826817,0.6496857484817318,False,0.14968574848173177
apparently swimming tide glowing comment film not seen since year old one thing remember distinctly bunyip terrifying nightmare inducing terrifying creepy music little girl kangaroo away life kid also remember animated hobbit no worry watership blink eye dot kangaroo still haunt dream several friend age also think massively creepy maybe get group rate short one freaky film time,negative,positive,0.09098136550783242,0.9090186344921676,0.9090186344921676,False,0.4090186344921676
boat builder sleepy town maine going business life soon worker family disrupted biggest disappointment two star bates bridge bit not something would see twice,positive,negative,0.5249937332302547,0.47500626676974533,0.5249937332302547,False,0.024993733230254667
hit teen probably remember story studio whether not liked disco exclusive club perfect symbol cultural overindulgence even excellent documentary club could tell everything wanted know heyday story easily interesting enough spawn captivating follows life employee bartender named shane ryan phillippe busboy named greg breckin meyer wife girl anita selma hayek course master ceremony steve rubell mike meyers club well represented film concern personal life worker following shane story movie work spurt sometimes capture perfectly shallowness nightlife culture shane taken dinner party know errol flynt time wax hokey melodrama inherent premise following underling mingle world rich fabulous lot due treatment club rubell given throughout movie rubell certainly electrified scene new york penchant spectacle exclusive crowd night rampant drug sexuality briefly touched rubell excess mentioned come oddly positive guy life liar cheat drug abuser promiscuous hell not looking man pilloried ego directly contributed fall club diminishing nightlife culture helped elevate final scene gaze regular paternally emotionally false patently best capture rubell given little work surprising performance effective good help anchor film philippe find generally good actor hamstrung shallowness stupidity character limited smile sullen uncomprehending frown even ca translate strong performance hayek meyer okay undercut writing neve campbell prominently featured dvd cover appears briefly really extended reason still find interested even fascinated popular culture second half seventy even given not film particularly engaged despite predisposition like say era club interest track special rather melodrama,negative,positive,0.16946121618747445,0.8305387838125255,0.8305387838125255,False,0.33053878381252555
prove cop ca find real perpetrator always blame parent accuse sexual abuse kid movie always depict press bunch animal parent coming court feed press hunger humiliate anybody ever heard courthouse back door movie psychic tell exactly happened body found police not told nobody heed police portrayed blockhead know always outside detective like ed asner come late case belief parent solves parent cleared spit face dumb cop put jail took kid away accused killing looked see film many time,negative,positive,0.49948070332724626,0.5005192966727537,0.5005192966727537,False,0.000519296672753744
bug bunny accidentally end south pole trying vacation florida meet little penquin try save eskimo short try penquin adorable end bit light laugh department eskimo really great foil bug seen lot better bug bunny cartoon frankly even short paired unknown antagonist ca good conscience recommend one however nice see uncut form cartoon disk looney tune golden collection volume grade c,negative,positive,0.2644779478411514,0.7355220521588486,0.7355220521588486,False,0.23552205215884858
first like say love lady man sketch snl always laugh loud tim meadow portrayal leon phelps however difference sketch movie watching leon show making obscene comment listener coming sort segment show like lady man present reminiscent alfred hitchcock present absolutely hilarious great episode cameron diaz monica lewinski leon play bill call oral office see funny movie see leon show often fact get kicked almost every radio station country plot revolves around quest true love involving mystery letter got dropped houseboat signed sweet thing karyn parson famous playing hillary fresh prince bel air work show secret crush leon movie pile one boring subplot another gag boring well first time see leon mention word wang pretty funny us supposedly trying get laugh joke run dry joke us film joke heard done better snl sketch played tediously whole hour minute even try insert musical number ferrell gang lady man hater want destroy wife affair bring life witless comedy ferrell funny moment try make best otherwise unfunny role ferrell unique comic talent funny almost anything even julianne moore get cameo watching ca wonder hell actress movie name mentioned opening credit probably consent course movie theme include master love billy dee williams billy dee charismatic always even ca breathe enough life film also add soundtrack full soft r b hit impairs film even giving horribly downbeat tone script boring enough mean supposed comedy soundtrack would appropriate something like love jones lady man sporadic laugh exception snl produce great movie short sketch watch wayne world movie see done movie like adapting mary catherine gallagher character screen superstar show flip side sketch meant remembered snl not silver score,negative,positive,0.49991333616456024,0.5000866638354398,0.5000866638354398,False,8.666383543975975e-05
cia analyst douglas freeman gyllenhaal get see first secret location interrogation anwar metwally accused contact known terrorist bomb maker anwar wife witherspoon frantic regarding whereabouts husband hate title movie sends dictionary must old edition rendition not musical piece no government way legally taking resident citizen somewhere interrogate possibly use torture get desired information watching movie reminded similar story line crossing jordan tv show air expect see even story line inevitable event catalyst tough one watch like see people tortured government not telling truth thing like idea no matter happens happened go somewhere find answer door closed u truly lost without hope anwar wife performance first class possible may see igai naor no idea pronounce resembles act like telly savalas no kidding violence yes sex no nudity no language yes,positive,negative,0.517442257384044,0.48255774261595596,0.517442257384044,False,0.017442257384044035
course disappeared movie neil young concert film heart gold many great concert film year best martin scorsese last waltz filmed band last concert filmore west phenomenal concert phenomenal film love rock roll felt born part music could band better guitar someone would show chord chord lyric two could change world guess felt five bottom twenty four year old soul neil young last waltz digitally digital actually manually scrape big hanging cocaine rock extruded nose film bright light not star bethlehem dangling lip nostril famous bit rock roll history last waltz made band neil everyone else thirty heart gold filmed last year neil sixty band look late ninety entire movie could visually used christian right dea way ohio state patrol film peril drunk driving used high school showing dead teenager hanging front window dangling tree bloody ditch close eye terrific concert open view dorian grey hidden portrait case point ethereally beautiful emmylou harris literally coming darkness sing neil dark light appearing ring wraith leapt full borne river front rivendale ghastly ghostlike nose appear nature not advertisement plastic surgery eye make button doll look lifelike ability express emotion human not constrained unrestrained indulgence botox mind reeled porcupine peru jack daniel living hard decade god sweet emmylou harris saw sing free fred boulder face year dead pharoah would not accept voice pure thick lipped bottle boulder beer brewed water boulder creek closed eye smelled ammmmmbbbererrrrrrrrrgerrrrrrrssss homage one must use homage least film review fred hamburger boulder mall steve martin pink panther movie would terrific concert sitting dark ryman auditorium maybe twenty row back close close ups medieval morality play depicting horror indulgence consequence sinful life concert theme emblazoned scenery prairie wind last song massed guitar counted eight wondered irony play think native american bass player lead guitarist looked dressed like buffalo bill piano player whose face looked like screamer face munch scream chick singer actually matronly singer mostly reminding one lost youth senior united flight attendant still plying friendly sky dressed matching full length distressed denim dress no played straight none seen would bet mighty wind great cd would glad tell tale hippy dippy boulder neil long haired canadian crooner whose indecipherable lyric seemed mirror heartache loss feeling universal dark bar,negative,positive,0.47835730589289915,0.5216426941071008,0.5216426941071008,False,0.021642694107100846
generally nice film good story great actor great song cinematography unfortunately bad one film weakest point annoying chain sequence copied pretty woman hurt attempt originality abbas mustan anyone film newly married couple raj priya salman rani priya not conceive accident previous pregnancy finally decide use surrogate mother carry child pick madhubala vulgar prostitute played preity zinta film not really realistic mean easier adopt even pick girl mean man sleep heard insemination anyway guess writer heard film would made concept apparently act well nice see playing serious character character suffers unnecessary cheap dialogue great love wife hard find sleep another woman come cheesy unrealistic rani ok generally effective try something role get completely overshadowed preity film belongs preity steal show big way flawless performance make transformation loud prostitute sensitive woman easily naturally life film emotes make love admire time partly role partly magnetic positive personality one performance no doubt talented industry contemporary film ending highlight said exciting watch film preity,positive,negative,0.6989604714249967,0.30103952857500327,0.6989604714249967,False,0.19896047142499673
sure lot guy love movie woman show ball unfortunate pun regretted made look talk seem like guy woman portrayed either sexual object one thing sex sexy sex attribute skill iris freaked pretty little princess neurosis negates strength professional authority hell broke lose doc strength iris end result advice big strong man besides negative gut reaction feminist give camera work ethan hawke great first scene performance loses steam empty entertainment brain want take easy least film skim subject duality criminal mind,negative,positive,0.45767667395371936,0.5423233260462806,0.5423233260462806,False,0.04232332604628064
desperately want give movie really movie especially horror movie budget good ninja scarecrow implement corn cob lethal weaponry definitely fit budget brilliance system depth movie definitely strong point twist turn implement keeping audience edge seat really drive creepy ninja year old student drawing scarecrow limelight creepiest horror icon year really say dig recommend watching movie frankenfish enjoy sort hilarious horror hell smoking,negative,positive,0.055958889135412804,0.9440411108645872,0.9440411108645872,False,0.4440411108645872
first let mention fact spite title story plural one kitchen story whether isak died not end not sure since one last scene pipe seen lying table next two cup dvd cover reference tati claim film très drôle rappelle tati funny reminiscent tati great jacques tati relied mainly mime silent deadpan attitude achieve comical effect offer critically satiric view french modern society course kitchen take place offer rather faint satirical reference absurdity bureaucracy long moment no word uttered not really funny small detail enough make kitchen tatiesque movie said admit kitchen deal sometimes false objectivity scientific research versus truth human subjective emotion generally speaking movie agonizingly slow nothing much happening barely dramatic impulse involving part set first minute last half hour indeed last segment finally interesting moving might seem short subject less hour unduly stretched minute scientific observation behavior single male kitchen first seemed promising charting coming going bachelor kitchen mean determine new invention would useful come quickly premise turned prologue excuse introduce real subject fully developed towards end loneliness invaluable bond friendship pity honestly wanted like movie yes seemed promising heard unusual little anecdote indeed enjoyed burning man nose hair instead using scissors cut investment huge quantity valuable black pepper stacked away barn role reversal observant becoming observed man mouth emitting sound radio program also sick horse becoming catalyst human despair relative importance right left side car driving sweden norway reflection importance close neighboring country affirm individuality sole person not fully enjoy film necessarily mean wrong perhaps almost generally praised fine point fact subtle perhaps could individual view movie ironically reflect essence film would vital necessity right differ affirm one individuality not follow blindly society trend opinion one u right different personal view not slave demand one dictatorial demand often alternative would allow one u useful society respecting one inner principle short true oneself way film folke isak scientific observer end giving job preferring stay new friend isak house help task farm vive la différence french say,negative,positive,0.4888135999838864,0.5111864000161136,0.5111864000161136,False,0.011186400016113596
not sure related almost certain lost delirious remake movie story based similar plotline even scene set seem similar lost delirious actually much better movie see one one move slowly late french movie expected style told retrospect perspective one girl revisiting school editing flashback current scene little bit confusing first particularly since audio overlap ie hearing flashback seeing present vice versa also girl bit old think boarding school finally not much character development even get attached movie,negative,positive,0.44768240948478255,0.5523175905152174,0.5523175905152174,False,0.05231759051521745
basic plot film already detailed several comment wo bother like first commend producer cast director crew creating wonderfully engaging film meager budget small fraction standard hollywood fare look cheap people drive make something new entertaining not spending fortune essentially art art sake know know decide not art something less fine one glad people like continue put forth time effort benefit without expecting huge multimillion dollar criticism feel scenario presented credible point wonderful everything work save day well end well get blatant manipulation event blind luck responsible courage lee attacked not severely injured somehow washed mud bank right next dead guide miraculously loaded revolver still holster actually work cleaning fiddling finally lee attacked mud bank jump water croc fails kill end hand mouth manages repeatedly pull trigger ultimately blow croc brain literally came conclusion lee go hand mouth croc way end film human triumph based upon seen croc attack continue hold prey stop struggling croc spin around around dismember drown prey happened first victim not lee teeth mark not think ending would better croc frankly thereby proving dominance mangrove territory million year many u would upset disappointed pretty girl get alive,positive,negative,0.7419225784939665,0.25807742150603347,0.7419225784939665,False,0.24192257849396648
nuff said undercover cop state capital sent small county moonshine running rampant end getting run road local hick no idea undercover cop drive away blissfully dopey ever soon taken care woman three daughter wear top short short got ta luv fall love one girl meantime still find making moonshine driving local bar restaurant also contend fat sheriff incompetent deputy think moonshiner cause new small town america style yee haaaaaaaaaaa,negative,positive,0.4462590545535956,0.5537409454464044,0.5537409454464044,False,0.0537409454464044
moment overall watched cartoon child bored mind thing kept watching fact cartoon probably first exposure anime also one least favorite anime remember others one involving giant ship space made no sense enjoyable space also remember one people dressed like bird bit strange entertaining not really like car racing though not still not probably one reason not care show even though today avid anime fan character bit goofy horrible scene virtually no action taking place probably used cut animation cost pad show gadget car cool though provided entertainment back overall find show rather unwatchable compared newer anime era personal opinion sure many reviewer love show cool,negative,positive,0.30086656948264434,0.6991334305173557,0.6991334305173557,False,0.19913343051735566
aka aspect ratio x within frame triptych sound format dolby working class teenager matthew leitch assumes false identity gatecrashes high society learns harsh lesson division rich feature director duncan roy jackson life fault exposé aristocracy seen eye commoner whose world view transformed adventure amongst upper class unfortunately roy screenplay say little already know excess idle rich narrative briefly ignited leitch relationship handsome rent boy peter youngblood hill turn no less hypocritical people seek emulate also starring diana quick outrageous snob belief working class people embarrassed alive bill nighy black sheep wealthy family lindsay coulson eastenders blake ritson different girl georgina hale typically flamboyant cameo flashing boob sundry without care world unfortunately much film impact diluted roy insistence using triptych effect three separate image letterboxed within frame one providing different viewpoint individual scene shrink image distance viewer event long pointless film personal wide appeal hampered throughout cinematic process fails reconcile story hand version also available framed theatrically title aka lie like wish,negative,positive,0.40188425313573817,0.5981157468642618,0.5981157468642618,False,0.09811574686426183
watched hour flight presumably pressure altitude actually found mildly entertaining emphasis mild actual idea behind film brilliant woman dy fiancé fall love someone else decided make sure get together eventually let sadly actual film good ok laugh actor worked well beginning plot predictable destination flight think whole friend part story could worked lot better talking parrot nice idea honest really summary film interesting staring seat front close call,positive,negative,0.7447523494508062,0.2552476505491938,0.7447523494508062,False,0.24475234945080615
strange people living town go life licker guy lick everything dumpster diver find body take home live crazy girl doll dressed like guy want cleanse girl wicked way offbeat extreme shot black white movie better color monochrome take edge two step home movie feel like troma movie movie fun fit start mostly weird weird sake soon becomes crashing bore since one see set ups kind guess going lot enough not fun though see cleansing coming worth shot nothing else watch waiting next set golden girl come netflix,negative,positive,0.3563971959830108,0.6436028040169892,0.6436028040169892,False,0.14360280401698922
read comment least one poster mentioned minute version might possibly abridged curious later part film make much sense even rewatched minute seems really short movie also poor little rich girl tourneur next film minute long pride clan previous feature minute long relieved see crazy must part film missing resolution make much hard review comment movie able see half would recommend film anyway really fascinating view provides u inside east coast movie studio time earliest film personally seen based movie industry main character movie star played robert warwick later mainstay hollywood character actor appeared almost preston sturges film play western actor perhaps vaguely modeled william hart warwick resemble somewhat really fascinating sequence set studio see location shoot discovers country girl doris kenyon convinces come new jersey screen test go poorly point movie seems missing major piece form recommend anyone interested film history documentary value form hold much movie particularly good example maurice tourneur work,positive,negative,0.5536015808982988,0.4463984191017012,0.5536015808982988,False,0.053601580898298806
movie received great write blockbuster coming attraction looking forward release plot sound reasonable cast alone guaranteed whoa apart wall betting event quite never become comedy classic afraid done no help fine comedy reputation john cleese rowan atkinson quite funny rowan atkinson sort way,negative,positive,0.22453366149408704,0.775466338505913,0.775466338505913,False,0.27546633850591296
certain genius behind movie laughing throughout scene phone sex office discussing love heals doppelganger nice attempt execution poor see writer message talent doppelganger split end like ok quite expecting let see movie say certainly ridiculous sweet idea actually coherent story strange point movie logical entertaining communicate emotional level easily bored many movie one kept interest think story may root guess horribly bad good looking movie person may done experience,positive,negative,0.6898986789766512,0.31010132102334875,0.6898986789766512,False,0.18989867897665125
one best celebrity reality show ever saw see concert see life britney love five episode always surprised britney subject show think people watch show great person really funny really gentle love fan see love work give real jerk seem like britney make second season great show show people britney really go britney best never leave heart,negative,positive,0.03305295113937623,0.9669470488606238,0.9669470488606238,False,0.46694704886062377
looking forward guardian walked theater really mood particular time kind like olive garden like right mindset thoroughly enjoy not exactly sure dampening spirit trailer looked good water theme giving bad flashback last kevin costner movie dealt subject waterworld plus despite promise ashton kutcher showed butterfly effect still not completely sold something guy annoys probably simian took approximately two minute fear subside hesitancy slip away movie immediately throw u midst tense rescue mission gripped tighter kenny rogers orange face lift concern briefly bristled kutcher initial appearance due fact much effort made paint ridiculously cool rebellious sunglass tough guy toothpick mouth sportin smirk make george clooney proud yeah get totally ready hate go deliver fairly strong performance force soften jab darn ape man efficiently mixing tense exciting rescue scene drama humor solid acting guardian easily film dare say majority audience enjoy quibble clichés predictability rare moment overcooked sappiness none take away entertainment bad feeling pace would slow much costner started training young guy contrary training session might interesting aspect film coast guard rescue swimmer hero whose story never really portrayed big screen feel inside look go tough make informative great way introduce audience take rescue swimmer think get go dangerous mission cold dark rough water must fight disorientation exhaustion hypothermia lack oxygen trying help stranded panicked people depending survival bad enough sometimes ca save everybody make tough decision life want responsibility not no idea really like guy would thought ashton costner movie thank education not guardian great job paying tribute rare breed hero lucky u also good job entertaining paying gist moviegoer wanting inside look like embark daring rescue mission middle ocean might want give guardian chance saw free paid would felt gotten money worth,positive,negative,0.6075101959753453,0.39248980402465466,0.6075101959753453,False,0.10751019597534528
ronald colman best actor oscar showy performance popular stage thespian completely loses role particularly shakespeare othello george cukor film marvelous pedigree written estimable team ruth gordon garson kanin unfortunately witty banter come backstage business overripe miklós rózsa also oscar score shelley winter fine moment tough waitress theatrical colman breathlessly address asks ya kind nut otherwise scenario awfully obvious surprisingly draggy not funny,negative,positive,0.46354609110410516,0.5364539088958948,0.5364539088958948,False,0.03645390889589484
amazing see wake turn telly know showed film like immediately thought roger corman reused location movie used film location make film could move camera angle add time would xxx no story minimum dialog led stripping sex bet word whole film sure lot large bust hot lesbian action action interesting thing came mind watching film may interest buying hi def dvd sony refused license betamax adult film maker adult film came vhs guess happened beta max adult film industry make million video sony refused license adult film industry signed deal toshiba guess high def system disappear,negative,positive,0.47221224939102846,0.5277877506089715,0.5277877506089715,False,0.02778775060897154
mardi gras made china excellent movie depicts two culture much common not even aware influence society one another david redmon open eye allows see worker china manufacture bead cost little nothing sold america dollar redmon question american bead come no clue seemed dumb founded told made china less nothing horrible pay unacceptable working condition american seemed sad hurt little remorseful really seem would stop purchasing bead finding truth redmon questioned worker china not know american wearing neck paid much bead worker laughed purpose behind bead could believe movie great film give u something think country besides pitt,positive,negative,0.6549873414136526,0.34501265858634744,0.6549873414136526,False,0.15498734141365256
halfway season got caught school activity realize show canceled halfway think follower show write fox ask least finish filming season released dvd later maybe see many people disappointed show survive first loved show looked forward every thursday oc imagine disappointment came back try watch show discover disappeared needless say not happy fox right even discovering no ending filmed mean going work project least finish see happens half filmed show like half made car pretty much useless fox film damn ending give show fan peace,positive,negative,0.5787482061088369,0.421251793891163,0.5787482061088369,False,0.07874820610883693
richard farnsworth one favorite actor usually give solid performance straight story grey fox also fairly well rest film suffers low budget poor writing photography formula give richard get,negative,positive,0.441370025966655,0.558629974033345,0.558629974033345,False,0.05862997403334502
not married producer jennifer jones would not obvious choice leading female role tragic tale affair american soldier english nurse set backdrop first world war british accent not perfect fifty unusual big romantic lead go actress late thirty even one attractive miss jones especially several year older leading man number beautiful young british actress hollywood around time audrey hepburn elizabeth taylor jean simmons joan collins might convincing role miss jones one important attribute lacked namely marriage certificate david selznick name event film turned turkey doubtless grateful not cv film tell great length story romance frederick american volunteer serving italian army ambulance driver catherine nurse british red cross italian defeat battle caporetto frederick wrongly accused german spy sentenced death film paint harsh picture italian military justice would appear italian power pas death sentence trial lasting thirty second without hearing evidence without allowing defendant legally represented speak defence frederick manages escape cross border neutral switzerland accompanied pregnant catherine hemingway novel not always great success filmed howard hawk succeeded making good version not film considerably better book nominally based largely ignored hemingway plot turned film remake casablanca set martinique rather french morocco like version bell toll farewell arm overlong fatally slow moving also miscast jennifer jones never make catherine come life rock hudson assumed christian name could unfortunately appropriate could solid rock also impassive one film frederick seems impersonation great stone face despite passion emotion inherent hemingway plot emotional temperature always far cool picture little going apart attractive view italian swiss scenery hardly surprising not success failure ended selznick career producer goof shortly battle caporetto italian officer state russia already concluded separate peace germany battle started october time kerensky russia still fighting alongside ally russian revolution not take place november october revolution old julian calendar new bolshevik regime signed armistice germany december separate peace not signed treaty march,negative,positive,0.38342881389005035,0.6165711861099497,0.6165711861099497,False,0.11657118610994965
expecting documentary covering era received big ol commercial laced leftist political innuendo james cameron movie mogul baby boomer pushing work watch sky past referred giant bug space exploration movie including favorite earth flying saucer thing another world forbidden planet well deadly mantis tarantula lower budget example rarely get mentioned like space monster moon cosmic man would much better documentary remaining actor director stunt men collector plus boomer era interviewed wish rating available since much generous,negative,positive,0.27753656772215585,0.7224634322778442,0.7224634322778442,False,0.22246343227784415
spoiler film give away plot point discusses ending hated film mostly political reason also moral aesthetic reason politically film glorified war military technology blowing thing real good led cheer music swell afghan use weapon blow ruskies bit no soldier put life line fun war aesthetically touch real human emotion film smug privileged people sarcastic feeling superior whatever want regardless consequence speaking consequence film make small hit arming afghan actually led read earlier draft script ended charlie wilson realizing thing gone horribly wrong would leave audience feeling good feel good movie killing ruskies made sick,negative,positive,0.3038948859766466,0.6961051140233534,0.6961051140233534,False,0.1961051140233534
joe baker great walking tall good goldeneye final justice hope gone dark side humanity main experience one experience mike robot dig claw deep baker ample flesh skewer flick completely obvious beginning mitchell kick lie continuation make funny experience though plenty choice riff favorite john sale meatloaf texas ranger none wearing prom dress bed favorite son son son preacher man final justice joe put movie big fat nada actually entertainment value get chance catch version final justice star final justice ten version try not visit malta joe town,negative,positive,0.20343298717665392,0.7965670128233461,0.7965670128233461,False,0.2965670128233461
great cgi effect truly performance gary sinise dan tom hank pony movie got best actor oscar year morgan freeman crime movie pandering treacly love letter baby boom generation barely concealed prejudice beginning forrest service vietnam way resolution jenny said though hugely entertaining american movie found certain part film exceedingly offensive zemeckis dumbs movie almost level gump point trying film ask robert zemeckis saying make good american forrest seems made right choice right place right time last year wrong according director vision seem pay heavy price zemeckis saying idiocy disguised innocence naivety patriotic even american quality,negative,positive,0.3250205016426321,0.6749794983573679,0.6749794983573679,False,0.17497949835736792
watched dvd program proper may minute good information otherwise snotty putdowns religious people director brian flemming recently discovered atheism sarcasm feel tool easily bludgeon flemming wanders extensively personal issue take movie never get back people prone discount skeptic objection religion obviously rooted abusive upbringing argument victimized people seem irrational therefore people want data need told religious people nutty american jew need told annoying christmas music get best scene superintendent fleming childhood christian school rather insightfully confronts director motivation seems like honest part movie fleming bit might good story past current relationship christianity abusive institution indoctrinated perhaps could lend christ never walked earth material serious documentarian not studying writing find quick browse wikipedia suggests argument bonus interview pretty good tho bolster fleming thesis much sam harris good spokesperson pov go light religion harris also good easily google interview,negative,positive,0.49426217402307726,0.5057378259769227,0.5057378259769227,False,0.005737825976922739
seeing terrible terrible terrible batman dead end knew see soon heard play view trailer thought another hideous short looked like another bad wannabe trying bring new depth existing character instead greeted greatly put together trailer movie sadly exist would love see finished movie even minute finest make batman dead end look forward next short,positive,negative,0.8119530666629727,0.18804693333702724,0.8119530666629727,False,0.31195306666297273
script columbo film seemed pulled right sappy soap opera deeply film great character compelling film thing compelling desire change channel villain dialog sound written romance novelist great columbo no near famous lovable crumpled self victim whimpering cowers fear tiny scalpel held flimsily hand abductor come could knocked scalpel hand kicked second sense reality character would least tried struggle fight back least little speaking reality story revolves around kidnapping worked solved police police give break everyone know fbi take every kidnapping case no columbo shallow totally predictable crime drama familiar columbo written stretched hour,negative,positive,0.49479876611211426,0.5052012338878857,0.5052012338878857,False,0.005201233887885737
synopsis correction ending not show ben cruising online guy looking arabic language course presido military acadamy san francisco perhaps join war iraq translator many dishonorable discharge ask tell translator major short supply ben also spoke russian movie good time capsule life manhatten quite bit non reality mostly good laugh lame social skill sad portrayal grown twenty somethings not developing beyond college party mode also brief study always changing scene manhatten somehow always stay close edge watch together film englishman new york new twenty good nostalgia think movie twenty show far blur gay straight two film gay time travel sure enjoy,negative,positive,0.23884263951889484,0.7611573604811052,0.7611573604811052,False,0.26115736048110516
saw messiah month ago get see original teleplay untill day ago far superior sequel okay not million mile away plot seven still compelling much praise ken stott performance dci red metcalfe policeman seems led unlucky life someone terrible secret easy stott go top play role fairly subtle way likewise murder shocking unlike sequel murder carried onscreen rather ott manner actually little violence shown criticism red herring obviously red herring meant taken shock twist would probably see shock twist coming bother spoiler alert real murderer revealed seemed slightly far fetched caused plot hole appear story remember correctly sequel similar problem murderer revealed maybe good idea not make messiah,positive,negative,0.619844007917487,0.38015599208251305,0.619844007917487,False,0.11984400791748695
around time europe began fighting world war ii war end hollywood significant prodding government made ton movie designed try get young men enlist army making life serviceman appear cool far sloppiest implying life soldier devoid work get best food get lie around day listening ann miller radio far young participated wwii think barest cat whisker plot bunch musical number featuring day leading think even naive civvies knew going overseas wacky hijinks portrayed movie sure meant viewed escapist entertainment ca help wonder family loved one men fighting war amused repulsed trivialization loved one sacrifice,negative,positive,0.13031964482311942,0.8696803551768806,0.8696803551768806,False,0.3696803551768806
movie italian job ok best good not great acting nice visuals pacing mediocre plot nothing bad enoughto walk car commercial new breed minicoopers film spectacular spoiler ok typical heist film odd twist underwater cracking nice not improbable cast fairly solid exception putrid wahlberg camedown real star picture three minicoopers shiny new glory audience wassitting amongst actually ooed aahed theron littlered number first hit screen strangely enough neither norwahlberg garnered reaction film start promising mo def seth green donaldsutherland edward norton jason statham begin aninteresting humourous band character realuninspired performance usually good markwahlberg claim best film ca imagine hischaracter completely play blandly itwas rogers came back dead inhabitinghis body charlize fine sutherland daughter thoughnothing magical seth green character perfect therunning napster joke including cameo napster founder shawn fanning hilarious mo def earlylines add much needed spark humour unfortunately edward norton donald sutherland get near enoughscreen see plot coming mile away thedialogue rife bad doubt thefilmmakers wheel taken atypical flick come alright worth seeing oncheap night not worth weight gold make nice filling,positive,negative,0.5437772883266039,0.45622271167339606,0.5437772883266039,False,0.04377728832660388
could say american totally hated cut bad although could detect underlying goodwill theatrical release along newly released disc version faster tighter hk cut background music changed dark grim hk music music lot gruesome scene cut though dubbing notable job given tried capture original actor voice tone problem hak hap black mask movie designed meant dark grim totally gruesome unfortunately release skimmed cream wanted return completely changed movie undertone hk release rated even comical let talk original hk release movie like hidden gem prototype whole matrix tide era fighting scene totally awesome even camera work bit among hk movie however style movie created unique blend kungfu pop culture leather black costume decoration movie feature superhero black mask gang multinational lead punk heavy metal rock star bos yes sound like imagination retarded child work impressive whole movie gon na give nightmare featuring foreigner fighting bloodbath battle leather coat year made sequel rating without jet li liu qing yun know bad li liu core character movie strong personality interesting friendship happen mention francois yip roundhouse kick totally cool even cooler villain bos use stuntman fighting mention also smoking hot anyway lot thing like movie also suffered lot problem first mediocre script made best potential mean production team deserved better lot climax entire minute often felt like totally make sens audience u version even worse character development cut anyway ca ask much action movie also movie entirely improper child wo recommend less year old saturated disturbing content including blood gore costume extreme brutal violence along style movie called wet dream rock music fan action fan cut milder want see see hk release status inspiring hidden undervalued adult,positive,negative,0.5192798230353769,0.4807201769646231,0.5192798230353769,False,0.019279823035376897
thrill film noir frustration meandering uninteresting movie made cheap one fall second spot name nightclub film policeman whose father killed gangster head track bad print maybe felt seen hundred time time better promise cop fascinated woman play record introduces juke box meet though made well born seen kind juke box incredibly fascinating teenager wandered bar still device always liked juke box bar diner one different talked sultry sounding female voice talked back addressed dropped general uninteresting movie one thing going small role feature young anne jeffreys beauty doubtless still,negative,positive,0.45448337779215275,0.5455166222078472,0.5455166222078472,False,0.045516622207847246
buck role kahn brings mind bob barker price right running country way run show lot chuckle snort turkey kurt thomas hero display considerable acrobatic skill not whit acting talent whatsoever spooky moment village crazy mostly mildly impressive martial art sequence given ninja movie give much entertainment wo feel guilty laughing,negative,positive,0.49417067247612934,0.5058293275238707,0.5058293275238707,False,0.005829327523870664
time travel fun concept film give different slant got kick captain billingham one character not good day ordinarily choose watch horror film exception good story excellent acting,negative,positive,0.2609992703076821,0.7390007296923179,0.7390007296923179,False,0.2390007296923179
plot petite coupures certainly left viewer dumbfounded spoiler space auteuil character affair teenager loses wife affection attempt seduce scott thomas rejected go grope yet another female character back car finally shot trouble end spoiler wha saving grace flick kristin scott thomas similar charlotte rampling seems natural star french cinema hope one day françois ozon may cast part show true fine french film remarkable le colonel chabert begging dvd release yet tripe get,negative,positive,0.439929611439579,0.560070388560421,0.560070388560421,False,0.06007038856042102
movie bad good kind storyline rehashed many film kind not going even bother describing picture kid hoping realize important world nomadic adventurer evil princess hairy creature get first time caught movie harsh winter know decided continue watching extra five minute turning channel caught site gulfax decided stay watch white furry creature akin chewbacca not nearly useful entertaining watch look like someone glued bunch white shag carpeting together forced actor wear scene look like actor not move within almost falling although movie much scene worth watch attempt talk smack bo svenson taking comparison even higher level actually bought movie character still somewhere gulfax may look like sh made movie reason never seen sequel even sought absence perhaps final film completing trilogy gulfax make return,positive,negative,0.9012879559557797,0.09871204404422032,0.9012879559557797,False,0.4012879559557797
wow say good movie different boring remake see lately thing would liked see bit ending like jane left husband im guessing going serena cause fell not everything wish producer would actually show sort ending instead leaving imagination sort ending really hate aerial act looked like fun guess light muscly would like see movie like one maybe could sort sequel jane jane shoe would went girl attractive,positive,negative,0.6953656928669752,0.30463430713302475,0.6953656928669752,False,0.19536569286697525
yes barney nonsense kid made perfect gotten smarter enjoyed child mocked no one could say name changed ever since gone name tina barney could relate different culture barney huge part life name came cant dis show grew no matter stupid seems care get blocked nothing say make minimum line people much say ok done,positive,negative,0.6991284956305621,0.30087150436943794,0.6991284956305621,False,0.19912849563056212
spoiler understand really happened first warrior stay alive real war think analytically critically not linear otherwise come false conclusion dumb unstable person truth something completely different firm hardened veteran way could killed capt want kill way choose not man retire never first line ca understand intentionally prepare suicide first seduced mary jane intentionally acted dumb stageed argue shutting incident witness protect later done want come trial gave son bullet assure could load gun later came night loaded gun woke put gun hand acted attacking shot first time raised knife cried one kill shot died put knife like trying took back first shot also gave message last cry first kill everything change inside mind destroy life way die man yet killed somebody love choice prerogative war army not thought far grow finally save life till left military life end understand not die vain man helped prepare carry trial outcome trial sam doran help tim macy macy know really going outcome expected took photo mary jane order sam doran gave order asked refused leave army asked doran convinced prosecutor charge premeditated murder knew cant found quilty instead manslaughter possibility found quilty taken photo also suppress incident escalate prevent prosecutor doubt premeditated murder charge let revealed trial greatly influenced jury no doubt outcome trial doran way anything ask saved life battlefield mary jane choose go trial person integrity principle choose somebody deserving somebody honourable keeping secret really happened night also prove,positive,negative,0.5678829858921225,0.4321170141078775,0.5678829858921225,False,0.0678829858921225
certainly nomad best horse riding scene swordplay scrumptious landscape cinematography likely see make film good help story shine top thing nomad story stilted giving sense thrown together simply make cool movie look great not mention many main character not region story take place blatantly obvious name like lee hernandez movie maker want engross u culture like jugars kazak damn well better use look tribe prophecy brotherly love respect love interest separate hero touched little impact screen time viewer brush aside favor next battle sequence next action horse scene breathtaking beauty worth mentioning significant change made nomad filming specifically director cinematographer ivan passer director replaced sergei bodrov ueli steiger cinematographer replaced dan laustsen one respect laustsen seems better eye since vision land made final cut see definitely good thing however changing bodrov director may not wisest choice seeing focus battle not people sense come bodrov eye not passer true shameful aspect could really fantastic film character action focus unfortunately apparently decided action needed took cheap intellectually speaking way though ca give film positive rating worth watching simply amazing cinematography work,negative,positive,0.4291493637425329,0.5708506362574671,0.5708506362574671,False,0.07085063625746713
one enjoyable movie ever take seriously bit dated effect lame enjoyable giant crab attack girl oh crab sing japanese amazingly bad ending telegraphed throughout entire film hideously awesome predictable seeing final fight leave rolling seat even give film chance love susan george fun watch yes appear naked daughter quite worth putting get attacked giant crab size large cat love movie god entertainment give mention giant crab,negative,positive,0.3570440878971888,0.6429559121028112,0.6429559121028112,False,0.14295591210281122
ever came story one sick person rented slumber party sleepover six u got freaked cause acting class together know couple actor class besides everybody screaming whole freaky night freaky nightmare kept thinking oh god get go bathroom pee going stabbed middle wiping something could even go bathroom watched gruesome horror movie also thought girl topless movie boy unit make horror film killer girl chopping unit would watch call hard soft something stupid like giving movie freaked freak,positive,negative,0.8345859541150565,0.16541404588494346,0.8345859541150565,False,0.33458595411505654
ah another movie motorcycle hell angel posse steve car driver movie not rely story lot drinking pot smoking lot moronic act steve rendition dying cat love know serenade vomiting hour bike chick linda rrrr make everyone fat best acting since grunt make sound also dare try make banjo saying messin wit private stock scriptwriting liked ending better place climax lighthouse see detest jeter die,negative,positive,0.4835521389627231,0.5164478610372769,0.5164478610372769,False,0.016447861037276912
wealthy young man raised son god must confront chinese heritage living white premise upon film based almost certainly biological impossibility secret plot revealed movie conclusion make preceded faintly ludicrous story still serf decent entertainment good barthelmess title role oriental whose life terribly complicated look caucasian barthelmess keep tone performance serious throughout gazing intently middle distance mannerism developed silent day whenever character indecently misused make no attempt replicate classic performance griffith broken blossom credit beautiful constance bennett millionaire daughter make barthelmess miserable gorgeous always behavior not endear viewer terrible illness final reel kept mercifully frank albertson small role barthelmess improvident buddy serene alyn warren blustery anders randolf play leading star different father claude king distinguishes brief appearance english author befriends maven recognize little dickie moore uncredited playing barthelmess tiny original technicolor flashback sequence faded time ruddy tint shot purporting south france instead look suspiciously like avalon santa catalina island coast southern california,positive,negative,0.5554727331596079,0.4445272668403922,0.5554727331596079,False,0.05547273315960788
includes spoiler horror film fan many decade think seen great one another pop surprise never seen film treat beaten path not path swamp ferry boat either horror film made dared try something different pretty girl gulp fearless change save men including man love monster twist girl complete opposite woman film time no screaming shadow no fainting fright no tripping leaf run gal afraid live alone secluded hut far away rest villager not place foggy swamp rumored haunted heck even take nap swamp grass outdoors like regular version ripley no snake gator ghostly strangler would dare bother gal book early feminist film sure include overlooked fan like wonderfully atmospheric classic horror film made sure wear cast iron turtle neck protection,positive,negative,0.5371709913948481,0.4628290086051519,0.5371709913948481,False,0.03717099139484814
obviously low budget film show every scene nice see made lot film shot columbia ca sierra nevada mountain near sonora ca film also shot jamestown ca near columbia railroad museum jamestown used old train picture high noon also shot jamestown back future iii,negative,positive,0.49255854657584297,0.507441453424157,0.507441453424157,False,0.00744145342415703
four teenage girlfriend drive fort laurdale spring get flat tire medley georgia one girl witness brutal murder deep local sheriff behind crime nightmare begin shallow grave pleasant cast likable enough direction steady violence particularly nasty second murder pretty murderous sheriff couple scene seems feel remorse subplot involving two boy meet diner go nowhere stalking scene wood tense,positive,negative,0.5442008412473507,0.45579915875264937,0.5442008412473507,False,0.044200841247350686
not say movie disappointment read review watching not well thought would bar not set high fact expectation met not saying good city new york live city like recognize certain place understand city supposed setting rather one main character genuinely tender moment humorous conversation plot twist left right keep thing bad first thing thought leaving theater wanted not positive leave wanting fashion certainly good outweigh bad lot skit fall within category many fact ultimately brings movie also new york city diversity though hinted though many distant pan city mentioned conversation throughout movie never really realized analyzed point city justice example many skit involve well middle aged white mean know city home many said demographic come paris plot character diversity make new york city look like lancaster pa someplace really white disappointing see city shortchanged heritage like even said would recommend giving new york love view know maybe disagree opinion maybe wo never know see review not meant deter anyone watching movie everyone opinion art differs giving vague head expect,positive,negative,0.6292765942996192,0.3707234057003808,0.6292765942996192,False,0.12927659429961924
first must say really enjoy watching movie way follow different people time work perfectly one movie really make fact girl kill one notice fact made wonder abit since thats commits suicide movie director impressed making movie show plot audience also deliver message not lot people would seen coming people might start talking no one anything stop no one noticed like no one watched movie either know not guess would committed suicide regard jan,positive,negative,0.5988352519141634,0.4011647480858366,0.5988352519141634,False,0.09883525191416342
saw film international film festival brussels also met director film heard ed wood wrote story year sure thought would masterpiece take film seriously like wood really one worst film ever see cool big joke woke early day died even try decent make film good script filled nihilism anarchism lot black humour billy zane role absolutely excellent see either high art low rubbish,positive,negative,0.7527375997424377,0.24726240025756224,0.7527375997424377,False,0.2527375997424377
aftermath september new york drama american firefighter conceived salute tribute professionalism story told series flashback firefighter jack morrison joaquin phoenix crashed floor burning building communicating captain mike kennedy john travolta via radio flashback basically show jack grows recruit seeing kennedy father figure firehouse legend course present day jack fellow firefighter trying reach late end let leave forward funeral praised one best firefighter known also starring jacinda barrett linda morrison terminator robert patrick lenny richter morris chestnut tommy drake billy burke dennis gauquin balthazar getty ray gauquin tim guinee tony corrigan blaze film ultimately could pay attention enjoy seeing character tackle rest bit chatty liking adequate,negative,positive,0.1896408183924495,0.8103591816075505,0.8103591816075505,False,0.3103591816075505
seen twenty year oj bus driver arte johnson tour guide lorenzo lorenzo looked much home villain natural think watched back oj seen towering inferno cassandra crossing also see arte little bored johnson yes shifted plot reading post remember plot going kidnap rich girl priceless stamp business turned going stamp came late movie would probably record check would nostalgic not yet better movie seventy like check,negative,positive,0.43615795503016075,0.5638420449698393,0.5638420449698393,False,0.06384204496983925
fred olen ray lousy director even far b movie director go haunting fear probably one better film yes butcher great poe story premature burial yes badly paced uneven throughout also pretty entertaining scream queen brinke stevens better usual pretty fragile housewife whose worthless husband jay richardson plotting away need money pay gangster played robert quarry delia sheppard veteran many early movie actually give best performance film slutty mistress also enjoy small role played karen black psychic robert clarke doctor michael berryman nice cameo one better scene ending make much sense,negative,positive,0.2676175594255815,0.7323824405744185,0.7323824405744185,False,0.23238244057441848
man man try hard good movie heart right place aspires epic message no doubt everybody appreciate lie also problem picture strives hard good get message across sometimes viewer must feel unchallenged adequate image used picture simplistic man man let viewer decide think right hammering message head joseph fiennes exemplifies role best look concerned genuinely moved emotion express single one facial expression repertoire offer add movie overlong loses speed towards end would easily led conclusion man man not worth watching enough point defend entertaining humorous scene kristin scott thomas course not compare humanistic masterpiece like elephant man david lynch leaving theatre satisfied try grab heart even brain think obvious succeeds time,negative,positive,0.17961904964055064,0.8203809503594494,0.8203809503594494,False,0.32038095035944936
prior comment way generous movie waste electricity plastic hand great deal fun giving friend watch describing beforehand beyond belief no word express feel movie move expected friend took nondescript comment enthusiastic endorsement wrong sadistic pleasure foisting people well worth paid movie hand one former friend say owe minute life back particularly enjoyed gun eye view part movie truly awesome absurdity,negative,positive,0.3439858684185185,0.6560141315814815,0.6560141315814815,False,0.15601413158148147
film stink limburger cheese find garage sale leave love sandra bullock yet hate movie although ashamed copy studio changed cover play fact sandra bullock play sandra bullock movie small part whole movie best young not learned talent yet well everyone start somewhere,negative,positive,0.3999920308659448,0.6000079691340552,0.6000079691340552,False,0.10000796913405519
movie passage manhood one gay man must deal everyone mother depressed younger sister pain older sister somewhat accepting relationship look good leaf family try life first guy unfortunately new guy screw around say really mean anything young gay man go bonkers end looney bin eventually leaf dumping new lover starting left starting viewing not participating happiness maybe thing go better future ending kind downer whole movie entirely realistic let real ending slip bye high rating,positive,negative,0.541611618935721,0.45838838106427904,0.541611618935721,False,0.04161161893572096
story troubled kid turning boxing anger management hardly new thing story given fresh twist protagonist girl instead trouble school ca stay away fighting home father constantly putting brother train boxing gym one day pick decides also want would easy call movie rocky girl guess not story actually benefit much main character girl rather boy way deal problem first problem not accepted not come boxing gym girl also story purpose change someone life positive thing make grow want sound pretentious movie feel pretentious saying michelle rodriguez good lead shame really become stuck tough girl typecasting really not part girlfight sure female boxer rather sensitive moment really make maybe basically average underdog story twist lifted way crowd rodriguez performance rate,positive,negative,0.6231978634365583,0.3768021365634418,0.6231978634365583,False,0.12319786343655825
bette davis brings full trunk tic miserable flop another variation hilariously mismatched lover theme sadly cagney davis truly mismatched acting style mix not simply unpalatable distasteful distinction film come eugene pallette literally phone usual part deb misunderstood dad jack carson performance described act mayhem audience,negative,positive,0.3451411134681396,0.6548588865318604,0.6548588865318604,False,0.15485888653186042
forsee many student signing student exchange barcelona disappointed quite exciting movie enjoyable course always pleasure see audrey strong issue part movie lesbian roommate tell xavier woman like physically dominated take issue show sort move guaranteed get woman xavier try butt grab shy married friend start saying no no married married somehow succumbs butt grab sudden moaning yes yes going bench parc guell found really really offensive furthermore stereotyped often seen scene woman say no obviously mean no mean no grabbing domination going make right totally supported stereotypical rape even sure read next scene gloat lesbian worked next time going demand suck slut something like really think forcing onto woman no respect feeling way go section really ruined movie,positive,negative,0.7218685634900801,0.2781314365099199,0.7218685634900801,False,0.2218685634900801
tedious mixture puerile effort humour romantic relationship melodrama fails provide weakly made film flavour reality action open reno buckley enters apartment discovering girlfriend flagrante delicto roommate gloatingly tell reno well least someone know resulting reno decision never another roommate decision told viewer mean soon abandoned storyline proceeds ten month find reno indeed true word concerning avoidance roommate although appears beg question due garnering lover holly holly field generated marital plan plot briefly shift sleazy hollywood strip club wherein reno uncle charley enamoured dancer find eminently desirable keel dead atop club bar seeing unadorned charm displayed object affection apparent charley aware flawed condition heart created video tape commentary bequeaths large mortgaged residence hollywood reno see latter deciding contrary vow interview applicant two roommate tenant holly sharing selection process organized manner following inane sequence involving bizarre renter candidate reno holly unsurprisingly find unsuitable living along house unknown select renter opposite sex lover manifestly cool toward choice partner newcomer chad nicole would seem little discernible point existence highly aural fornication broad range partner not long jealousy mar harmonic relationship reno holly reno bent upon patenting merchandising type sporting travel bag given engagement ring holly potential success entrepreneurial adventure great financial significance intends advance marital plan unfortunately rapacious team chad nicole whose every action ostensibly laced lust likely disrupt future wedding intention reno direction slack plainly far fulfilling basic need player although erratically composed script provides scant material actor may work ad libbing fall embarrassingly flat result performance undistinguished not aided spotty editing manner change abruptly often firefly tail light filmed low budget location modicum skill required designing process larger measure value might placed upon tasteless background soundtrack generally blaring nearly always invasive good deal discussion stimulated movie final sequence apparently not expected viewer based upon come reality comprise probably thoughtful portion poorly cobbled screenplay bid fair make work almost watchable despite shabby quality production whole,negative,positive,0.48280987306164014,0.5171901269383599,0.5171901269383599,False,0.017190126938359862
amazed movie others average star lower crappy movie averaging star imdb fanboy mentality strike movie came everyone slammed even said movie questionable year later sat watch movie found enjoying even laughing quite bit replacement killer movie people labeling director antoine fuqua black michael bay see since fuqua movie smarter anything michael bay came rate story alvin sander jamie foxx former convict used treasury agent edgar david morse pawn catch killer named bristol doug hutchinson alvin every move tracked bug implanted jaw accident agent bristol bristol gold brick taken heist gone foxx funny well great alvin sander alvin lot smarter let doug hutchinson okay bristol sometimes john malkovitchesque demeanor better looney bin jim punisher war zone david morse good hard edged treasury agent even mike epps funny alvin brother stevie jamie funny moment flaw movie attempt thriller fall flat scenario horse race track way could look away director went get point plus bomb scene treasury agent tied chair detonator rest door pretty bait not bad movie long shot never boring always funny checking watch every minute count something bait one underrated movie reviewer claimed movie violent long living rock pretty sure seen die hard series every movie quentin tarantino movie violent right weirdo,positive,negative,0.5496816513408647,0.4503183486591353,0.5496816513408647,False,0.04968165134086466
agree comment regarding downward spin last view show little better surely writer need direction think character still interesting although sometimes spin white trash thing little much subtlety nuance go long way show like office would think target audience somewhat similar night lineup one would think karma whole eastern religion thing big enough topic bring different interesting show scratch surface subject opinion show contempt many people hollywood level intelligence mass handle heady content proved many show,negative,positive,0.4945556160641489,0.5054443839358511,0.5054443839358511,False,0.005444383935851116
ok admit often seems like pairing exactly plot sylvester try get tweety repeatedly fails always get maimed process often help bulldog guess sort like wile coyote chasing road runner word mammal never go bird plot set train way best part cartoon seeing sort scheme sylvester come try go tweety know going fail miserably also funny watch tweety turn seen really early cartoon see not cute fact cruel streak one mainly work way pas way thought saw mean taut taw sylvester pas piece baggage name friz freleng,positive,negative,0.5565645806979274,0.44343541930207264,0.5565645806979274,False,0.05656458069792736
film made world war around movie industry decided capitalize fact spy film fun watch due fabulous dancing eleanor powell late miss powell certainly great hoofer every sense word paired young looking red skelton two also starred dood moroni olsen year later superb interrogating police officer mildred pierce appears officer asking powell deliver item trouble olsen rogue really japanese lahr usual brilliant self get ample support virginia,negative,positive,0.12646178900533644,0.8735382109946636,0.8735382109946636,False,0.37353821099466356
ed kel mitchell teenager life job good burger small friendly neighborhood hamburger stand buddy dexter kennan thompson also work lack ed devotion job accidentally destroyed car teacher wheat sinbad raise money pay damage mondo burger mammoth chain open across street look like good burger history ed formulates secret sauce brings hundred new customer door however monomaniacal manager mondo burger kurt jan schweiterman determined get hand sauce put good burger business meanwhile ed dexter must rescue otis abe vigoda world oldest fast food employee demented hill asylum ed might find love monique shar jackson could take mind burger long enough pay attention good burger comedy directed kid decent story acting overall pretty harmless kid movie,negative,positive,0.39268596555961865,0.6073140344403813,0.6073140344403813,False,0.10731403444038135
good evening entertainment plot unconvincing garrison affair first lady unreal passionless president cardboard real villain anyway nothing developed explained sufficiently still know wanted kill president mole got involved villain nameless undeveloped never felt involved plot michael douglas kiefer sutherland best inject reality story chase confrontation good kim basinger eva longoria unbelievable role basinger totally lacked character no way could longoria secret service agent could good film somehow missed way many unanswered question disappointing whole despite good scene use west wing set white house scene kept expecting cj charlie appear,positive,negative,0.790846407575939,0.20915359242406098,0.790846407575939,False,0.29084640757593905
according board guess either love hate usually go movie no need get testy others though giving opinion rented movie last night want come throw opinion mix surprised many people thrashing though difference movie fan horror movie fan horror movie fan plain olé movie fan like horror movie many low budget cam corder looking movie coming day hard keep make tough stay movie bad wanted come write review hood living dead pretty damn good compared rest junk nothing special horror film maker try serious end making horrible horror film really liked one telling no effort one one thing bet huge dvd collection proud nothing major motion picture right nothing wrong know appreciate independent knew getting watched movie not going upset thought going million dollar movie might need stick watching matrix stop trying compare everything matrix explains everything good movie folk check,positive,negative,0.6906017342033987,0.30939826579660135,0.6906017342033987,False,0.19060173420339865
movie fantastic great movie scary hell mean freaked much pulse omen etc great movie come crap ending right right movie ending pathetic stuff mean ghost turned back time chick house think done mean call itll right time cause think right wrong as care ghost satan happen movie yes evil movie praised movie like meant make sense showed u said people think anything someone please tell noticed pathetic part movie ended hospital check number much kick as,negative,positive,0.49882021768527895,0.501179782314721,0.501179782314721,False,0.0011797823147210451
although heard film little dry watch whatever scott bakula start film high hope classic cheesy enjoyable ending minute end going great plot twist crazy unexpected clever kept finger crossed would work would horrible misunderstanding right credit rolled realised not going happy contented ending unfortunately left regretting watched hurriedly putting quantum leap restore faith goodness great scott,negative,positive,0.46344547624869037,0.5365545237513096,0.5365545237513096,False,0.03655452375130963
disliked movie apart sheer ugliness actor someone might actually believe second coming christ end word jesus christ come judgement day not come human form come full glory god shall judged not sin also consequence action everyone secondly seen eternal gay pride illustrated movie unquestionable read bible last night not written anywhere well moses cite different occasion men make love men woman make love man wife killed never inherit kingdom god foul truly u follow bible word word would execution would think misinforming people harm would old lot lunatic psychiatric ward think son god make movie truly make think many idiot make movie,negative,positive,0.47213035491043964,0.5278696450895604,0.5278696450895604,False,0.027869645089560358
could keep commenting reading short not bad commentary movie much better not bad acting stellar even child cast play cute anything else act like son friend movie smart expects audience well double back flash story line imaginative contribute story rather act time filler watched movie kid watched day later kid sick death movie inspire diabetic coma syrupy sweetness check hole enjoyed much husband enjoyed much two many movie say,positive,negative,0.591648465570213,0.408351534429787,0.591648465570213,False,0.091648465570213
word fail whenever want describe feeling movie sequel flaw sure starting subspecies not executed well enough special glorify movie herd movie care quantity quality cheap fun depth crap like blade even deserve capital letter underworld dracula dracula good movie munch popcorn drink couple coke make subspecies superior effort anyone claiming vampire fanatic hand obvious vampire romanian story set transylvania scene filmed location convincing atmosphere not based chase expensive orchestral source atmosphere vampire look like behave add breathtakingly gloomy castle dark passageway situated romania include typical vampiric element movement shadow wall vampire take flight work art short like fascinated vampire feel appearance well setting sinister dark no better place look subspecies movie vampire journal brilliant spin former,positive,negative,0.6439882647449644,0.3560117352550356,0.6439882647449644,False,0.1439882647449644
saw movie sneak preview reading comment know subjective love techno trance club house music like movie deal carl whose brother jason whatever name died accident fell rooftop drunk carl meet brother girlfriend sunny two quite unmotivated kind private investigation jason death carl get involved jason filled club drug movie seen artistic point view nothing big pile plot predictable character extremely cliched stupid boy small town young innocent girl big bad drug king list endless acting plot not credible matthew rhys performance stupid boy coming big london sudden taking drug people not even know not seem credible unlike female counterpart sunny performed sienna guillory whose behaviour seems realistic spectator nothing joke tim curry performance drug king damian phony caricature eeeevil ridiculous like club music club scene selected track simply brilliant enjoy simple lovestory sweet girl like sunny yes confess lost heart make comment even subjective guess predictable twist turn definetely enjoy else objective view personal view also final vote,positive,negative,0.5831604003368535,0.41683959966314654,0.5831604003368535,False,0.08316040033685346
first first saw thought obvious loathsome rip office uk would thus awarded zero star lo behold came long ricky gervais hard watch show similar dynamic including american office without comparison even close give credit original ahead time also say office larry sander actual satire uk office something grander transcendent populated real people event felt like actually happened however unlike shrill christopher guest mockumentaries really satire newsroom definitely may newsroom still funny aloof cast crew not nearly smart talented enough heft good weighty comedy carried weak shoulder commendable ultimately not lack anamorphic dvd know shot anamorphic widescreen saw pilot episode one hd channel cbc get programme,negative,positive,0.3771375674052566,0.6228624325947434,0.6228624325947434,False,0.12286243259474339
seriously thinking course year columbo series tried new thing diverted away usual successful formula movie really overdoes movie basically different columbo movie difference not good thing course make movie different columbo movie fact no murder committed entire premise movie totally different place columbo character totally different environment situation also overall totally different alan levi columbo movie past much sticked usual formula also make odd choice got picked direct columbo character also feel quite different perhaps reason get placed totally different environment situation help nephew bride disappeared right wedding absence good relieving trademark columbo humor also exactly make good enjoyable honesty movie begin bad movie start become ridicule story progress stupid written story start become unlikely also make movie unwatchable little interesting columbo entry also really know entertain viewer also help much supporting actor talented one around despite fact character put totally different situation movie shot completely different style peter falk still hold well presence still somewhat save movie imaging movie would without would extremely bad ridicule cheap movie tell odd columbo entry could described failed experiment divert usual,negative,positive,0.428000840726516,0.571999159273484,0.571999159273484,False,0.07199915927348399
happy day produced broadcast early seems get ridiculous age time broadcast viewer grew middle age family scene mel diner probably brought artificial nostalgia fonz course coolest cool although actor henry wrinkler day never learned ride motorcycle richie cunningham kid would probably elected student body president potsie richie best friend star show best friend guess ralph malph bumbling sidekick fonz not entire group loved fonz would beat poor ralph malph mel lug ran mel diner course could forget appearance mork really ironically film produced rebel without cause wild one gotten better age portray period honestly show produced year period tv show happy day not league rebel without cause american graffitti matter happy day may captured aspect burger diner juke box cool car tacky plaid shirt nostalgic idealism done strictly laugh rather honest portrayal american graffitti something say young american whereas happy day seemed people wished like result kind watered fabrication really nothing happy day best artificial culture backdrop pointed another reviewer kid richie cunningham would probably chastised befriending like like fonzie mel would probably forbid fonzie entering quick history happy day originally pilot called love happy day rejected broadcast comedy pilot theme concerning sex romance not make pilot airing sometimes appeared infrequently broadcast show love american style often aired place baseball game rained unexpected programming cancellation alteration short love american style show contained comedy pilot never made slotted debut love happy day appear love american style show sometime early time tv executive could not foresee show young people would popular particularly comedy show centering around people mary tyler moore show subsequent rhoda bob newhart show family thing changed since tv sitcom young people industry avoids show people like plague subsequently one young star love happy day child actor andy griffith show named ron howard got chance star film young people taking place called american graffitti directed relatively unknown george lucas whose previous thx bombed miserably box office even premiered movie executive studio could not see movie young people could become popular fit popular past although realize much audience young everyone know movie huge hit studio executive recognized completely misjudged audience somewhere theatrical run american graffitti tv executive realized comedy pilot vault lot like american graffitti brought back original cast plus henry wrinkler fonz happy day rest tv history became one popular show happy day seems ridiculous character flat cardboard never less superficially issue deal trivial reaction appear mindless even silly nowadays character fonz seems caricature well fonz idea kind parody marlon brando character wild one looking show fresh eye feel producer really missed great opportunity present depth realism still could fun entertaining instead producer decided cheap laugh quick buck definitely show not withstood test time american graffitti many outward appearance happy day edge honesty character issue happy day took look american graffitti failed take heart,negative,positive,0.3316519814273987,0.6683480185726013,0.6683480185726013,False,0.1683480185726013
fine cast not uplift routine tale secretary murdered married paramour fact question answer tale romance murder since provided prosecution side none question answered type fare appeal woman man hater club america presented tale innocent woman happens caught romance married attorney possible not two timing boy friend affair married man whole nasty murderous sordid incident could avoided watch worry going fridge wo miss anything,negative,positive,0.4232930765534674,0.5767069234465326,0.5767069234465326,False,0.07670692344653263
problem tv today people spoiled lite tv viewing type television show equivalent elevator music easy listening jazz typical viewer idea continuity remembering got voted island last week wondering next go show program like surface firefly anything plot arc three episode well flip back sheep watching tv want rack brain want excuse not think want make sure boob tube life name want show try go route surface many show lasted far longer gotten viewer want story moral philosophy anything third grade vocabulary level want people eating earthworm real life series no thing not observe something without changing nature observe hormonal show involving group people tryst bragging television nothing wasteland diamond pick dust tossed no one even know diamond anymore surface one diamond,positive,negative,0.5652745881997583,0.4347254118002417,0.5652745881997583,False,0.06527458819975829
convinced actually another film version novel somewhere saw film year teaching novel find change film annoying no appearance little boy novel ending changed kill film whole point haunted event eel marsh house many year remarry eventually put event behind bentley far sympathetic character novel scene film kipps set fire office plain daft constant appearance toy soldier signify presence child genuinely creepy pointless kipps haunted woman seeking revenge not child sure seen film better closer novel actually scarier imagined,positive,negative,0.5819461282141221,0.4180538717858779,0.5819461282141221,False,0.08194612821412206
first time saw film cute girl attracted lot fun laughing generally making fun impression terrible watchable cheeseyness value part anniversary watched together video turn movie terrible unwatchable amazing cute girl change way world look,negative,positive,0.36083496238203716,0.6391650376179628,0.6391650376179628,False,0.13916503761796284
show awesome enjoying thoroughly set alaska agree homosexual content tonight show feel pushing hard bring new york alaska one thing new yorker struggling alaska wild try turn alaska town new york nice show dainty woman true alaska men bring sex couple mix throwing balance way alaska portrayed man new york woman think first show perfect balance ca nice show without imbalance nature,negative,positive,0.10460890847234372,0.8953910915276563,0.8953910915276563,False,0.3953910915276563
day gore sex took real horror film made castle blood estimation one finest although reviewer given mixed rating odd sort way reminds recent others theater couple year antonio margheriti remade picture titling time web spider aka nella stretta morsa del ragno not understand although remake starred anthony franciosa klaus kinski good right perhaps saw good story wished tailor american audience not really know interesting original black white remake blood excellent italian gothic la danza macabra said unpublished work edgar allen poe appears film poe lord blackwood owner haunted castle bet american writer alan foster george riviere not spend soul night said castle survive foster eagerly accepts bet soon regret witness series murder committed ghost seems ghost come back life every year doomed crime committed life lord blackwood conveniently forgot tell foster blood needed resurrect next soul night not take foster beautiful elisabeth blackwood portrayed incomparable barbara steele long fall love even though romance doomed elisabeth one ghost not give ending away say castle blood every bit romantic tragedy horror story comment film greatly atmospheric even excellent standard italian personal opinion true horror better anybody somewhat dim black white filming enhances fairness web spider fine right even color greater brightness loved lingering shot something modern day director not patience indeed alan first enters doomed castle treated several minute nothing roaming around room room dread ands unease building face mannerism time first ghost appears audience thoroughly primed ready wonderful dialogue alan ghost something else not often done standard ghost story also memorable scene visual type film elisabeth murder dance scene reminds somewhat similar dance ghoul carnival soul particularly general interest viewer ever hear much less see film shame one cut rest got copy sinister cinema not certain purchased anywhere else person interested genre must see,negative,positive,0.3003087666761006,0.6996912333238994,0.6996912333238994,False,0.19969123332389938
performance fishbourne appears strangely funny somehow short featured ed harris remarkable unlike connery appear find sense role end motorial behaviour old man fact screenplay make sense imagine min happy plus sudden turn appendix without argumental structure respect character accident screenplay may good examination purpose school remind detail stronger impression get capital punishment not issue although subject beginning sort fade away without comment environment could good,negative,positive,0.48285880320997177,0.5171411967900282,0.5171411967900282,False,0.017141196790028235
movie like thousand cat mouse movie preceded following may look like spoiler really describes large class movie passionate wise main character goofy sidekick attempt humorous comment soon softened gorgeous lady trigger inevitable unlikely love story loved one taken hostage course careless evil adversary brutal minion everybody seen ton movie already national treasure like one slightly modified wrapping every turn story easily predicted assure not sharpest tool shed quite tired feeling tricked money exiting theater hollywood movie ever felt way heed warning stay mile away movie,negative,positive,0.3930430110599953,0.6069569889400047,0.6069569889400047,False,0.10695698894000472
flight back london watched man apparently air canada crap movie policy perhaps not best way start review movie amanda bynes play girl love soccer much pretend twin brother get team boarding school across town even check mind door hour flight story implausible ridiculous moment humor mostly comedian david cross principle intricate love polygon really inspire emotion although cleverly mixed caveat mindless plausibility ending ridiculously mindless rest guess girl might really enjoyed one,negative,positive,0.39343482905684557,0.6065651709431544,0.6065651709431544,False,0.10656517094315443
movie great movie need something sit laugh stupidity geologist movie get important fact wrong us actor young even considered top field interesting show spurting lava massive cavern earth surface also funny seismically active area shown massive destruction magnitude earthquake seem forget building standard area would higher needing bigger quake much damage also funny much make coast line washington state also oregon look though nice beach southern california jelly donut analogy entertaining even way used wrong director good job adding comic relief supossed phd,negative,positive,0.3873060701570742,0.6126939298429258,0.6126939298429258,False,0.11269392984292581
ken harrison young sculptor early thirty seriously injured road accident end story end story sense end physical action not sense end film ken life saved paralysed neck discovers unlikely ever regain use limb decides want die asks doctor end medical treatment keeping alive rest film essentially one long debate right wrong euthanasia right main antagonist debate doctor michael emerson although case euthanasia often presented religious term presented purely secular one dr emerson deep religious conviction never expressed film belief passionately however death enemy duty doctor fight allow patient effectively take life would represent surrender enemy dereliction duty ken therefore find situation must able show sane rational enough make decision end life emerson however considers wish die evidence insanity irrationality ken dilemma solved hiring lawyer sue dreyfus ken john cassavetes dr emerson put across respective point view skilfully sincerity not hide fact whose life anyway simply not work film one time filmed version stage play done similar way theatrical production seventy eighty often seen unsatisfactory difference two medium play filmed therefore general tendency open filming location well studio set taking liberty playwright text often making significant change plot even introducing extra never seen brian clarke play suspect story would work better theatre cinema little physical action action consists lengthy discussion around hospital bed main character lie paralysed plot not lend opening device resulting film static dominated talk expense action although well written good acting surprised film ever made uncinematic subject,negative,positive,0.18237215009615548,0.8176278499038445,0.8176278499038445,False,0.3176278499038445
gingerbread man first thriller ever done robert altman charles laughton directed night hunter spooky slice southern gothic robert mitchum play scary serial killer one film famous sequence consists two kid escaping mitchum rowboat kid frantically paddling whilst mitchum wade like monster seven year later mitchum played equally spooky killer cape fear another film set american south film featured local attorney trying protect family likewise ended mitchum terrorising folk boat martin scorsese trying branch tackle something mainstream remade cape fear boat scene robert altman gingerbread man another slice small town southern gothic altman say consulted night hunter inspiration tackled mainstream film purely wanted spread wing try popcorn picture secretly attempting deconstruct canonical film southern gothic instead showdown small boat get showdown giant ship instead two kid kidnapped get two kid safely returned police instead money hidden money readily given via last testament instead righteous attorney film deplorable attorney remake get rather lawyer kenneth branagh instead monster chasing family get hero chasing bad guy instead monster breaking family house boat hero hunting monster board monster house ship similarly instead murderous serial killer get innocent weirdo played robert duvall etc go reversing everything little slightly pulling edge thing touch apparent film first film existing uneasy space conventional movie storytelling altman fondness overlapping dialogue casual narrative prowling camera movement way character much introduced simply part going despite altman best intention film never rise mediocrity altman bound convention thriller format much damage style lethargic generate tension film simply not radical enough counterpoint canonical film genre gingerbread man thus mainstream work pure altman film altman work mainstream film not complete waste though robert downey junior kenneth branagh usually intolerable daryl hannah turn juicy performance film also nice atmosphere set approaching hurricane final act contains interesting twist turn not complete disaster scorsese cape fear film still never amount anything late altman made successive film set american south kansa city gingerbread man cookie fortune unlike gingerbread man kansa city cookie fortune tackle genre broader looser canvas altman comfortable kansa city important two film hierarchy class politics crime desire break radically away typical gangster genre framework would prove influential serious century film crime writer see example wire said cookie fortune much slighter tale perhaps better altman claim first thriller directed image art house thriller one viewing,positive,negative,0.5051033173056627,0.4948966826943373,0.5051033173056627,False,0.0051033173056627135
rip scream especially know last summer entertainment little scary needed entertainment score overall,negative,positive,0.2172333648873883,0.7827666351126117,0.7827666351126117,False,0.2827666351126117
thought seen movie twice fact read review quite match man three young student two girl boy go town study alleged bigfoot sighting still feel pretty confident movie saw despite discrepancy review therefore putting review back like occasional b movie return boggy creek movie whether setting sleep timer nodding favorite hanging friend boggy creek mute button got fun night improv look legend true think might find along cast equipment malfunction particularly key moment film blonde manly young hero chest hair exceptionally technicolor last entire film watch find,negative,positive,0.30069850876097726,0.6993014912390227,0.6993014912390227,False,0.19930149123902274
woody allen seems completely devoid inspiration recycling mock documentary like zelig structure film series anecdote radio day broadway danny rose set zelig purple rose bullet broadway deconstructing harry belief genius absolves jerk ditto given film deconstructing harry one wonder allen justification action mia farrow adopted daughter yes jerk genius got ta love allen produced two good movie past ten year fine overpraised bullet broadway excellent largely ignored manhattan murder mystery effort range trifle new york story mighty aphrodite edgy yet experimental husband wife pure drek alice scene mall shadow fog celebrity deconstructing harry film no longer even try narrative arc humor seems aim wryly amusing not funny deconstructing harry stopped seeing film theater sweet lowdown may stop renting well,negative,positive,0.3802556585757131,0.6197443414242869,0.6197443414242869,False,0.11974434142428692
saw film minute long thought trouble condensing gigantic somerset maugham novel movie clock hour half seemed like disaster waiting happen know movie not half bad even manages retain much make book resonate much heard many film buff complain leslie howard wet noodle actor ca think anyone suited play role philip carey wet noodle certainly carey howard play well mean want shake slap upside head repeatedly finally take buy bette girl carey obsessed brings world crashing around know earth appeal mildred book movie stay true detail played davis become fascinating character story nasty unlikable least dynamic person screen given time davis performance credited changing course screen acting much brando would nearly year later screamed stella tennesee williams play not hard see davis intense point scary make no effort wring sympathy audience allows look ugly unglamorous appearance carey walk late film find dead nearly dead unnamed disease though not much care taken hide fact std shocking course help movie squeaked production code went effect made year later bet thing would bit much novel many interesting part left cutting room floor story really become carey mildred not much else found least interesting tedious part maugham novel part give novel title seems part reader still drawn strike wise decision part film maker chose adapt novel way,positive,negative,0.7328483559533593,0.2671516440466407,0.7328483559533593,False,0.2328483559533593
impossible make film based book brother karamzov brook great director film low worst part film ending well let think book end guilty dimitrij karamazov afterwards sent siberia end famous epilogue dostojevsky friend family making plan save nd film take two step show u illusion ending escape dimitry gruschenka think moral point sure dostojevsky would finish book open end one one hand not guilty smerdjakov real murderer free man hand go father kill decided commit crime moral dilemma following point open end well real not full shatner aljoscha karamazov sorry no others character playing good performance expect great actor front course superb performance yul breynner dimitrij think not many actor play part better said beginning book unadaptable never film two hour impossible think longer film maybe could right thing keep opinion book ca point point great director richard brook point superb performance yul brynnerfinally point one greatest writer time dostojevsky,negative,positive,0.4172013907675265,0.5827986092324735,0.5827986092324735,False,0.08279860923247351
looking mob movie female lead right place pfieffer acted much better see matured beyond first picked movie expected pfeiffer poorly miscast however play mob wife role hilt not bad performance baldwin pay attention hair might enjoy movie take seriously,positive,negative,0.7529783693085008,0.24702163069149918,0.7529783693085008,False,0.2529783693085008
young woman come home town husband passed away accident barely settle small town shortly loses little son kidnapping hope could lead kind following plot normal movie find new partner happy finally depressed enough struggle finally kill try kill not series severe fight god trust god find god seems forgive everyone even killer well careful god movie mean thing god way movie deal issue quite interesting not woman point view god perspective way would lot grass growing cloud flying view suppose rather third party eye movie let u perceive explain movie would interesting woman man everywhere around woman obviously love way funny guy like clown say shamelessly hang around heroine combination two woman full tension cry throwing always man smiling talking stupidly end good balance emotion nothing absurdly wrong recommend,positive,negative,0.7802021014796539,0.2197978985203461,0.7802021014796539,False,0.28020210147965385
glandular secretion please ask detail young virgin keep rapidly deteriorating body mind crazed old amateur horticulturalist wife fresh youthful since like people except taking part medical trial virgin seldom give secretion willingly lorenz bela lugosi arranges abducted preserved extracting great cheese ball premise low budget horror movie corpse vanishes turn not havarti horror plain limburger leaf interesting aftertaste sure acting almost awful except actor fortunate enough playing crazed dwarf angelo rossitto later played master mad max beyond thunderdome crazed brute brother angel frank moran grunt lot fetish virgin hair crazed mother two minerva urecal crazed wife elizabeth russell sleep plush coffin course crazed doctor lugosi enterprising young reporter patricia hunter luana walter track doctor strange orchid peculiarly sweet odor worn victim doctor wife invite pat stay night raging storm immediately break clue tell u raging violence erupt inside since well known hollywood time unmarried young woman virgin pat may unpleasant surprise deal include dark passage crusty laboratory near dead virgin stored basement mausoleum later direct threat patricia glandular secretion survives story give editor sample moist slice moldy velveeta not superior judge bela lugosi company keep huge impact dracula favorite movie black cat vitas werdegast sad ironic man protective two young friend finally take scalpel hjalmar poelzig boris karloff begin flay man alive ah well great scene,negative,positive,0.4091668689635827,0.5908331310364173,0.5908331310364173,False,0.09083313103641732
child watch show everyday great program younger child however need stop showing actual show get rid rooney deedee yellow teeth moe doodle bop clean white pearlie teeth child notice thing ask ever brush teeth show ever make way united state find schedule one thing might able add moe need stop hiding much sometimes pop no scare younger child whats pulling rope signify getting wet time need add newer thing show instead ole ole kid loose interest way,negative,positive,0.49595740836377755,0.5040425916362224,0.5040425916362224,False,0.004042591636222448
supposed kid past future movie lot problem ghost strong kid man piece crap still confused also supposed abortion strange strange movie mess mind not scary confusing oh care milo worth score,positive,negative,0.8486610876110374,0.15133891238896255,0.8486610876110374,False,0.3486610876110374
yep edward give u retro view criminal defense world first overzealous prosecutor sends wrong man chair played passionately albeit briefly deforrest kelly filled remorse solace bottle throw jaded romance genuinely rapid descent penury no qualm defends next thing know shazam black leg lawyer god love phrase see light time save jaded beloved chair really courtroom action pure melodrama see punch witness see drink poison see argue passionately clutch bullet hole breast prepared hoot film though jayne russell curve defying law gravity iq approached absolute zero something see even sings bit,negative,positive,0.38877617395528896,0.611223826044711,0.611223826044711,False,0.11122382604471104
two way turn tv series first common least successful basically make tv see disaster steptoe son movie second something something quite different à la monty creator cult tv series gone second option come something unique clever could feel less like tv get head around writer playing confronted royston vasey played course told continue writing series otherwise apocalypse befall contrived easy screw yes somehow managed pull not every taste perhaps ending drag fan delighted might even win uninitiated,positive,negative,0.529397484969145,0.470602515030855,0.529397484969145,False,0.02939748496914496
ending made heart jump throat proceeded leave movie theater little jittery nearly midnight movie better expected know last long theater make much money anticipated definitely would recommend,negative,positive,0.344771741682776,0.655228258317224,0.655228258317224,False,0.15522825831722398
movie get score dared different feature cast acting hear thought desire truly weird film experience wo forget problem experiment though way interesting generally quite dull unengaging fact amazing norma shearer clark gable film could dull film based eugene play really seem quite stagy fact would best keep stage production translate big movie recommended cinemaniacs love gable film much see film,negative,positive,0.4143037287962896,0.5856962712037104,0.5856962712037104,False,0.08569627120371037
school nerd marty simon scuddamore sexually humiliated bunch classmate lab explosion set also face scarred acid year later jerk get invited back high school since closed reunion know marty inviting back kill storm start locked school marty start take silly murder inventive gory creepy atmospheric shot deserted school humiliation inflicted scuddamore cruel stripped head dunked toilet get burnt uncomfortable watch considering scuddamore committed suicide shortly released make almost impossible view also movie go way nudity full frontal scuddamore surprising movie one girl decides take bath alone know killer wandering around couple sex type film killer seems know everybody going teleport end twist groaning rolling eye another twist wanting throw something heavy tv acting bearable not good bearable caroline munro beautiful woman not much get effectively gory murder atmosphere otherwise run mill forgettable scuddamore tragic suicide given film attention deserves,negative,positive,0.4930251003546161,0.5069748996453839,0.5069748996453839,False,0.006974899645383892
story start slow nothing funny happens action end wo laugh movie funny story funniest part harvey not paranoia keitel really loses judge start massacre oscar guy,negative,positive,0.42968877666217997,0.57031122333782,0.57031122333782,False,0.07031122333782003
kind sh power ranger v freddy watchable good first film beginning part protagonist get super power dream started become childish sh rated pg rather expected see mature stuff film rest little kid plus focused much christianity know freddy demon many religion different way fight demon always christianity total orientalism filled white superiority watch show little kid love power ranger,negative,positive,0.4067816905788596,0.5932183094211404,0.5932183094211404,False,0.0932183094211404
damp telling american farmer tom dobb al pacino son arrive new york harbor immediately conscripted street urchin annie lennox annie lennox contribute war getting chopped bit fired british cannon tom son promptly chastised continental army sympathizer daisy nastassja kinski not standing ground following kodak moment series digressive chapter take place including tom participation foxhunt must carry model poor old georgie washington stuffed effigy running lace english captain manning redwood barbecue group iroquois indian plan best way sneak back fighting al ingrate kid kick crap british officer donald sutherland hugh hudson present unique style atmosphere thick proverbial london fog scriptwriter painting redcoat evil monster reveals hollywood patented hatred berkoff appears enlisted american soldier,negative,positive,0.3682039379164863,0.6317960620835137,0.6317960620835137,False,0.1317960620835137
ca believe game get much better unfortunately rent dreamcast play even though beat ca wait buy series game must even beaten many time hope never stop making type game even series must come end,positive,negative,0.5111815744961956,0.48881842550380444,0.5111815744961956,False,0.011181574496195612
interesting film actual event took place civil war vermont kept attention end regret viewing ever read raid incident curious see rebel pulled enjoy historical film major complaint confederate uniform look good acting little stiff time like old man eating mashed potato teeth wounded soldier playing fetch hound little strange overall descent film,negative,positive,0.20612695600996966,0.7938730439900303,0.7938730439900303,False,0.29387304399003034
film deft camera work reminiscent martin scorcese oliver stone tight acting heat explosive action jerry bruckheimer movie witty dialogue tarantino script epic feel say judge reinhold character display fiery temperememt yet also show real emotional depth intensity performance reminds robert de niro portrayal jake la motta raging action scene truly breathtaking not since bullit movie depicted high octane yet stylish car scene special effect push boundries technology filmmaking limit independance day set standard movie clearly matched greatly great acting list cast like oscar night party invitation list classy location gripping action tight script,negative,positive,0.1997166368288975,0.8002833631711025,0.8002833631711025,False,0.3002833631711025
may go film like assuredly not college professor david norwell suddenly get yen adoption pretty much take first child offered bad choice named adam turn adam oar water almost immediately cause untold stress turmoil norwell sob story drolly played one problem another centered around adam inability seizure norwell wanted complicate life unknown factor like adoptive child never explained along way good doctor managed attract wifey share hell little one dishing personally think one beer short sixpack bypass yawner,negative,positive,0.40941770441217484,0.5905822955878252,0.5905822955878252,False,0.09058229558782516
film heaven gate good view although still tedious hour film took great license usual hollywood james averill chris christopherson elle actually married real life main contribution johnson county war start hanged well starting mean came beginning not end real scenario james averill ellen watson secretly married one homestead could given family filing single individual could get two homestead chose homesites crazy woman creek actually controlling water land held powerful member cattleman association offered buy repeatedly characterized real life owner brothel cattle kate prostitute also film no real evidence true known bought many head sick cattle nursed back life later accused cattleman association receiving cattle trade lewd act end accused rustling act almost certainly untrue much part myth american west myth spanning time period one hundred real life jim averill surprised one day several member cattleman association taken hand promptly hanged perpetrating injustice never brought trial first link led murder nate champion start johnson county different hollywood version show shot end think main problem film editor could made action faster pace skillful editing,negative,positive,0.22810410033685258,0.7718958996631474,0.7718958996631474,False,0.2718958996631474
agree majority comment seen written grew watching seseme street lot people written comment even born born seseme street introduced television show taught number count spelling muppet life liked old character big bird oscar grover cookie monster quite understand change understand everything change way make cookie monster veggie monster promote healthy eating show introduced new character monster since inception not make separate veggie monster benefit eating varied diet cookie monster back point grew watching beginning seseme street daughter grew watching s along side discussed hooper dying although died prior born well topic show saw episode older child still remember well portrayed event much like real life sure hit cast extremely hard death loss effect family saw show allowed parent child discus difficult event show talked traditional family adoptive family combined family one show actually discusses scenario daughter really watch s tried watch show couple time really not used elmo hr noodle absolutely ridiculous like many people said teach anything geared less month old maybe even funny always prided watching s child teen adult child second really hard time watching s topic discussed death marriage family new neighborhood moving away related child adult manner easy year old understand relate no concept taught minimal counting occasional mention alphabet not s original watcher show please producer show read comment return show foundation new concept never problem s used better way incorporate show,negative,positive,0.30259956173786895,0.697400438262131,0.697400438262131,False,0.19740043826213105
first anyone think sequel william friedkin french connection superior definitely completely insane moronic problem reviewing film sequel brilliant movie always make watching objectively difficult b directed john frankenhimer one best american director ever wanted like william friendkin perfect person direct film drug traffic decaying new york city approach action story frankenhimer hand one stylish director ever manchurian candidate second french connection feel like someone trying gritty not true understanding pull fact frankenhimer chosen direct sequel gene hackman really tell lot hackman understanding original film well known hackman hated friedkin set vowed never work also known envisioned character one dimensional loosing weight trying play like straight character show hackman despite great actor no idea make movie story great plot point doyle becoming addict interesting warrant rest film unfortunate low point frankenhimer filmography,negative,positive,0.44250871623648924,0.5574912837635108,0.5574912837635108,False,0.05749128376351076
b movie yes diy yes first movie yes aestheically movie definitely bad etc problem however movie many positive thing first annoying character dy first second made b rated horror movie comment killer make victim left friend rolling around floor problem lot people try take every independent movie expect masterpiece take bunch kid right high school made first movie really good,positive,negative,0.654675278886149,0.3453247211138511,0.654675278886149,False,0.15467527888614896
one movie filmed coronado high school scottsdale az late well one guy bill ted excellent adventure perfect segmented movie played mickey mouse club movie definitely kid previous comment pretty right coronado gone overhaul past couple year many building seen film gone field playing catch adjacent football field one area still internal scene near locker believe old playing late night disney channel may hard find flick ever made sequel beyond,negative,positive,0.07895329886720315,0.9210467011327969,0.9210467011327969,False,0.42104670113279685
topic easy take cheap shot know guy hairy leg trying look like marilyn monroe not adrian pasdar superb job making gerald real person someone care deeply result feel plight trying live gerald geraldine not geraldine look hot chemistry julie walter electric two character feel love one another come even simply look breakfast table even potentially cheesy line corporate takeover believable find cheering end least,positive,negative,0.5968303558184633,0.4031696441815366,0.5968303558184633,False,0.09683035581846333
could best game ever game maker screwed assassination ending combination prince persia gta age empire ii saladin four game mentioned considered one greatest game ever combine four get game good aspect four game like acrobatic skill stealth assassination open world history first assassination feel game greatest third thing seem get repetitive hope game played pc pc version horrible glitch stupid side mission advice good game get either get game came creator prince persia surely producer hot game not hot not better four game mentioned,negative,positive,0.3109307422754386,0.6890692577245614,0.6890692577245614,False,0.1890692577245614
wondering place link someone send post watch show seems missing show looking year oz girl help save really good found good oz type thing web cant find seem remember lot due year thinking one maybe reading sound good maybe missing show really liked please someone help thanks much please anyone help give link would helpful thank much anyone oz based good video please post well,negative,positive,0.3819592023433426,0.6180407976566574,0.6180407976566574,False,0.11804079765665743
loved movie almost first cabin lake instead killing woman kill men also scene much interesting favorite scene firstly stanley allison dance club describing kimberly last moment thrown water secondly stanley visiting allison basement right head set kiss scene intense riveting gave movie rating not movie bad filming bad mean time notice nothing wrong like shot way film usually shot would see live camera shooting little would notice filming mistake went wrong,positive,negative,0.6156685283748877,0.3843314716251122,0.6156685283748877,False,0.11566852837488772
make mind personally found much fun receiving spinal tap stevie wonder no offense wonder maybe comedy found stupid not exactly first two choice babysit kid wheeler seann william scott danny paul rudd two energy drink salesman avert jail time court ordered mentor two kid development center run gayle sweeny jane lynch one misfit ronnie thompson fifth grader augie christopher bashful young man roll play fantasy medieval world wheeler danny desperately try give charge invaluable inside view life love heavy metal lynch hilarious dry wit analogy supporting elizabeth bank ken jeongg kerri amanda righetti david wain,negative,positive,0.40465991947544666,0.5953400805245533,0.5953400805245533,False,0.09534008052455334
absolutely no doubt version tarzan closest burroughs vision gladly collected royalty film produced lifetime frequently made clear little bastard child tale film studio ludicrous obsession casting olympic swimmer tarzan beyond laughable guess consider lucky not set sight prior film faithful adaptation comic strip comic book fine wait seven decade filmmaker integrity respect character created,positive,negative,0.5763824267265316,0.42361757327346844,0.5763824267265316,False,0.07638242672653162
better choose paul verhoeven even watched,negative,positive,0.4767825972927293,0.5232174027072707,0.5232174027072707,False,0.023217402707270685
old got really tired watching care bear time rooney great dancer care gay guy must cheerleader barney cant get song head must stop singing doodlebops song line text must continue say canadian stuff like ooout aboooot whacky canadian jazmine rhyming much must knock dee dee super hottiebus driver bob not dance take lesson rooney,positive,negative,0.6263979020488235,0.3736020979511765,0.6263979020488235,False,0.1263979020488235
strange film bit horror certainly film noir fifth columnist meet mysteriously start dying japanese dagger hand monsieur colomb bela lugosi show lone ranger arrives person fbi agent richard dick martin clayton moore martin ineffective finding killer interested niece joan barclay missing doctor part last man dy doctor horribly disfigured strange serum true story group come get interesting weird wo spill marvelous skulking killer,negative,positive,0.43533763331820985,0.5646623666817902,0.5646623666817902,False,0.06466236668179015
would not recommend movie even though rated g clearly kid quite lot swearing including dreaded f word kind language offend particularly kid film come also quite bit implied sexual content one early adolescent male character willing adult woman came along including prostitute acting good get genre film story line cheesy even four year old remarked elizabeth shue film definitely not worth checking seen,negative,positive,0.40847032231029534,0.5915296776897047,0.5915296776897047,False,0.09152967768970466
civil war many case divided loyalty obviously many occurred border state north met south happenstance geography border young father owen moore go join union army shortly confederate soldier henry walthall separated regimen wanders onto enemy property desperate water find supply unionist young daughter gladys egan sits yankee soldier track little gladys innocently help confederate hide later return kill father little girl kindness remembered sweet small story director griffith location footage humanity lovingly displayed border state griffith henry walthall owen moore gladys egan,negative,positive,0.34517032081746546,0.6548296791825345,0.6548296791825345,False,0.15482967918253454
ditzy girl yes ditzy complex character get wo take no answer quirky thing get husband back believable flimsy character going motion not enough fascinating way say john malkovich end,negative,positive,0.4850360436657609,0.5149639563342391,0.5149639563342391,False,0.014963956334239081
start watching quickly notice european production although european sadly integrated clichés would normally find american production kind missing one overwhelming evil unlikely hero vanquish another one group business money greedy run away heat somehow give better nature movie would better without movie based upon four year movie unlike movie cartoon not computer animation first thought computer would kill charm character plot quickliy convinced whoever animation knew stuff although character obviously fictional still even look real seem alive sentient audience following quest making character normal standard could considered deformed could never carry giant body let alone make jump alive lovable highlight creation world another masterpiece not much look inventiveness world hero travel not solid like made many piece land varying shape size seem floating mid air person step smaller fragment ground nod little bit feathering weight case no longer apply hero still manage get foothold somewhere although world floating island completely surreal movie absolutely believable short time seem weirder running car somewhere new wrote look world breathtaking idea true might mind quality world character attention detail staggering although face character relatively attribute emotion read clearly sean connery dustin hoffman face world around character wonderfully colourful no two setting alike background always motion something always going make world seem even alive stop movie look background surprised many detail existence hector actually put cherry top hector furry little thing possibly equivalent dog world totally lovable extremely funny although really important main plot would missed like scrat would ice age really cool thing hector need speak gibberish understand movie great give star well plot rather thin two hunter sent rescue world really bad dragon want swallow world really original would much problem missed background information kind dragon look way love mythical story get thin seem written movie finished feeble attempt give whole thing thing like zoé although little girl like could considered adorable somewhat pain movie seemed pretty resistant type learning reality kept dreaming hero story book basically slowed others would ok developed little little earlier movie less girly start idea girl twist story little backfired really good movie age,positive,negative,0.5152346556042184,0.4847653443957816,0.5152346556042184,False,0.015234655604218439
night hunter start young jack cutter chris aguilar unexpectedly handed family tradition becoming vampire hunter fellow vampire hunter sid sid haim betrays family hand vampire aid jack quest given book contains name every vampire alive dead whichever way look jump june los angeles adult cutter dragon wilson also credited four name left book including argento vince murdocco carmella sophia crawford together last american vampire dine restaurant cutter crash party kill job done right wrong king vampire bruno fischer nicholas guest call last four remaining vampire around world french tournier maria ford asian hashimoto ron yuan ulmer david shark fralick sangster vincent klyn track cutter kill meanwhile detective hooper marcus aurelius browning cash casey clue nosey reporter named raimy baker melanie smith becomes involved battle cutter vampire fate earth rest directed rick jacobson thought night hunter quite fun way pas odd minute script william martell mix martial art horror fair degree success move along nice pace least never boring thankfully seem take seriously character name reference horror film little tacky though may surprised closely night hunter resembles blade yet made couple year prior lone moody long coat wearing vampire hunter happens expert martial art scene set nightclub innocent woman drawn world vampire night hunter really stick traditional vampire film law instance sunlight irritates eye breed solar eclipse stake heart garlic no good way kill vampire night hunter break neck could done bit horror bit blood lean towards martial art side thing dialogue suitably cheesy character likable enough silly jacobson best ruin film action scene ok lack certain something bizarre reason whenever action sequence take place shake camera constantly like camera placed upon washing machine full cycle hey rick mate not clever stylish irritating annoying gore disappointing gory gunshot wound splash blood breaking vampire neck involve much blood budget probably amount much night hunter competently made throughout acting bad time dragon thing dragon wilson name legally changed name sign cheque dragon wilson get mail addressed name think might something like want known paul killer klown andrew night hunter one crap film transcends limitation awfulness become pure golden entertainment like film fun night hunter might looking thrill similar vein vampire vein blood get blade sequel would probably better choice hell liked sue,positive,negative,0.7035686202557478,0.2964313797442522,0.7035686202557478,False,0.20356862025574785
relieved later review turned sour reading positive feedback starting worry understanding movie life completely different everyone else world everything movie rang false character dialogue manipulative soundtrack corny narration scene unfolded kept thinking people act like relentlessly maudlin way think movie bully liking pretending like serious real people confronts issue man really not work,negative,positive,0.4992129150495106,0.5007870849504894,0.5007870849504894,False,0.0007870849504894029
many bad reviewer made wonder people thinking watching simple flick made quite bad director expected flawless movie no way already see raj kumar kohli love movie earlier work no one flawless take first jaani dushman instance many flaw still good fun anyways sticking movie movie jaani dushman hindi fantasy film snake take form armaan munish kohli take revenge suicide lover manisha koirala people caused quite good great think could much much better instance take script ca say flawless example take age yr old still study university many many wo list dozen solid good one,negative,positive,0.37235172217555235,0.6276482778244477,0.6276482778244477,False,0.12764827782444765
thesis father brown good dose roman catholicism solve life problem little proselytizing mind get bit ridiculous fine actor played father brown year kenneth barnard hughes two good example alec guinness play film right see great demand future father brown suppose committed roman catholic make perfectly good sense far important catch thief convert religion see brought justice asked accept fact preliminary story main action film guinness clerical garb caught trying put back stolen article one parishioner sidney james heisted story give local cop course something james confided ca break confessional bigger game master thief flambeau played peter finch stolen cross entrusted father brown said belong augustine back day father brown interested getting flambeau go back faith seeing brought justice misleads cop accomplish sorry whole thing much swallow father brown hate say guilty obstruction ought arrested no obligation not reveal anything knew flambeau man not come penitent seeking absolution spiritual chesterton noted catholic lay person day find reasonable carried logical conclusion replace police force army borrows reverend ascoyne kind heart coronet barry fitzgerald going way create father brown granted though brown lot shrewder two also bit colonel nicholson portrayal bridge river kwai guinness also playing character rather weird interpretation rule caused lose sight important situation nicholson father brown entertaining fellow solving mystery making authority look foolish enjoyed brother cadfael medieval setting american audience liked father dowling played tom bosley year back film stuck entertaining,negative,positive,0.1145283187649404,0.8854716812350596,0.8854716812350596,False,0.3854716812350596
heaven mary saint young man got super sperm miracle bejesus call pope lady desperate get preggers line side door drop mark spark finest risible retro ealing comedy type comedy trying bring bit auld irish charm effect like placing two finger throat voamitus maximus one ten,negative,positive,0.40594297847832916,0.5940570215216708,0.5940570215216708,False,0.09405702152167084
devil plaything second attempt joseph sarno production although say far enjoyable painfully dull unerotic swedish wildcat still little slow one center around group vampire girl live castle want resurrect previously murdered leader order girl dance around naked kiss chant weird stuff course drink blood doctor brother car break stop castle lodging provide ideal bloodbank horny vampire may not helpless seem devil plaything pretty good example early exploit sleaze lot nudity including sleazy undertone including incest course scene still pretty tame today standard pretty hot woman one would benefited explicit sex guess ya ca also would benefited heavier vampire film think purpose devil plaything showcase skin not blood still little slow acting part absolutely wooden expected something era budget worth look exploit fan others may find little dull liking,positive,negative,0.5438004567171049,0.4561995432828951,0.5438004567171049,False,0.04380045671710486
saw night demon first saw night demon unfortunately old blockbuster thought good idea sequel no first one looney huh think horror fan need movie like mcdonald know bad rather cheesecake facotory whatever pricier restaurant prefer ca help wanting cheap demon innocent sexy go rule token black guy surprisingly get killed slutty girl slutty guy dark girl guy goof ball cheesy setting haunted house bad acting lot unnecessary nudity stuff great mean know deep heart movie pretty bad good bad horror movie horror fan enjoy dig,positive,negative,0.8375009499412892,0.16249905005871076,0.8375009499412892,False,0.3375009499412892
extremely rare see movie love noir jds dig robert aldrich director done plenty excellent work cast fine performance belt went wrong used work independent film world used talk something called actor movie actor movie movie unwatchable anyone actor actor like actor movie get see acting say completely melodrama actor love given chance totally let loose give got get great satisfaction watching actor many interview actor say great director never interfered way actually opposite good directing whole point director set keep actor making fool given chance always robert aldrich forgot project maybe maybe thought no hope saving script first place heck whatever case example movie best forgotten character gesticulate pontificate generally ham way one thing say realistic set hollywood everyone act like petty problem important thing world make fun watch realistic realistic producer desperate keep star contract going go way antagonize almost every conceivable way including requiring engage illegal activity plot contradiction merely carry along melodrama increasing opportunity shouted accusation manage get end film make no worse book test endurance much else available rent,negative,positive,0.4527716502421626,0.5472283497578374,0.5472283497578374,False,0.04722834975783741
resistible ultimately harmless film version child literary classic incorporates animated portion style mary poppins bedknobs broomstick human cast distinguished james mason billie whitelaw david tomlinson joan greenwood bernard cribbins role range miscast mason thieving inconsequential greenwood befuddled aristocrat bizarre whitelaw play several exotic character including circus performer old hag maid fairy no apparent reason animated segment film handled group animator hardly inspired mildly enjoyable usual type thing assortment song one put one particular reprised far often good film directed noted character actor jeffries previously directed far successfully child film namely railway child amazing blunden yet watch released time ago dvd anchor bay uk,negative,positive,0.4211716745920362,0.5788283254079638,0.5788283254079638,False,0.0788283254079638
originally caught back one week run movie theatre impressed feeling much infamous edward wood covering life movie interview people worked knew include vampira dolores fuller bela lugosi loretta king gregory walcott paul marco interview mixed clip movie bizarre recreation interesting somewhat really needed seen wood film terrible wood ambition not bit talent carry would say worst director ever really need docu mediocre film maker like fact try make wood sort saint interviewed especially lugosi pretty much hated man come loud clear also totally ignore film adult film industry still interest wood fan best interview vampira tear wood apart dolores fuller long time girlfriend,positive,negative,0.7039392551532051,0.2960607448467949,0.7039392551532051,False,0.2039392551532051
accurate review nuremburg must consider door history inadvertently opened movie valkyrie tom cruise valkyrie long last tell world german resistance world war two professionally organised bureaucrat military general soldier civilian tried throw nazi political regime install new chancellor obtain peace close concentration camp however unknown absolute hero received no help ally helped french resistance next door history writer used institutionalised agenda ever since conceal allied evil cost many ten million life everyone conditioned believe deception german people completely supported nazi consequently deserved hour bombing genocide unconditional surrender imposed german german enigma code broken english scientist much german known german developed new jet fighter jet bomber company including arado heinkel messerschmitt however even nazi eliminated german resistance succeeded ally would allow democracy world jet fighter jet bomber high speed submarine ballistic missile radio guided missile without usa first institutionalised agenda relevant consequently german resistance got no help ally although always crucial intelligence eliminate adolf hitler july coup proof significant effort german obtain peace instead german got ultimatum unconditional surrender hour saturation bombing agenda avoid peace ally wanted steal world greatest technology scientist german contain complete ownership unconditional surrender premeditated allied agenda allow war perpetuate keep nazi power justify hour bombing took one year allied army advanced germany steal world greatest technology scientist barrel gun however ten million people died since ally abandoned german resistance greed ally imposed unconditional surrender german pretext complete ownership control german property government done without using german resistance throw nazi ally wanted steal world greatest technology scientist german achieve world technological supremacy consequently everything else took second place evil allied agenda killed million german people hour bombing concentration camp stayed open war prolonged led cold war weapon based german industrial achievement technology scientist taken german world war nuremburg war crime trial public relation deception mass murder perpetrated ally retrospective justice nazi smoke screen hide evil greedy allied agenda world technological supremacy rather help german resistance overthrow nazi political million people died ally abandoned german resistance agenda inflicted retribution german chief staff anyway paid life nuremburg war crime not although ally perpetrated genocide achieve world technological supremacy,negative,positive,0.42743761043120865,0.5725623895687914,0.5725623895687914,False,0.07256238956879135
attractive husband wife writing team robert wagner joel gregory kate jackson donna gregory arrive spooky mansion actress lorna love actually silent film star harold lloyd house wagner jackson contracted write silent movie star biography wagner personal interest project since father famed star lover mysterious event unfold jackson must fight save husband spirit beautiful blonde perfectly preserved crypt estate moreover evil woman seems bent possessing husband murdering jackson much night dark shadow variation genuine dark shadow alumnus kate jackson know play part well robert wagner lack david selby intensity sylvia sidney joseph sidestep grayson hall marianna hill not match lara parker diana millay bill macy oscar payne good part would played john karlen dan curtis production smooth cameo joan blondell john carradine dorothy lamour lamour delivery resembles joan bennett begs question producer aaron spelling get original dark shadow regular director swackhamer bridget hanley husband worked blondell come bride jackson rookie death love house arguably tighter storyline night dark shadow film differs movie star angle father eternal fire ending closely resembles tvseries laura phoenix storyline death love house swackhamer robert wagner kate jackson sylvia sidney,negative,positive,0.44892301717886707,0.5510769828211329,0.5510769828211329,False,0.05107698282113293
watched bbc channel not jane austen best novel mean film reasonable interpretation suspect assembly room bath would rather crowded shown perhaps could afford extra also everyone shut dancing couple audible conversation never heard anything anyone ever said dancing suspect would century not believe review completely miss ironic element film throughout gothic scene quite cleverly presented need read properly sure jane would mildly amused review propos nothing anyone else think peter firth get look like colin baker former doctor older get,positive,negative,0.622281840735703,0.37771815926429697,0.622281840735703,False,0.12228184073570303
plot film contains hole could drive massive truck reckon always top priority horror two elderly sister rural england keep brother cellar since year escaped started killing spree focusing military homed nearby thought best keep repeating strangely army officer love woman doubt sincerity even though men died know whether find revelation near end suspenseful tedious way film reminded arsenic old lace classic two sibling mother goofy younger brother well yet killing old lady beast cellar no mean less crazy though horror early film amateurish cheap neat attempt build tension many talk good ol day though rarely something seek horror film appealing title flora robson may recognized classic film buff play one sister gave image queen england legendary errol flynn swashbuckler film sea hawk,negative,positive,0.3160866605762954,0.6839133394237046,0.6839133394237046,False,0.18391333942370458
late great grade z exploitation filmmaker par excellence al adamson really outdoes gloriously ghastly musical comedy atrocity plumb deliciously dismal dopey depth sheer celluloid silliness stupidity grim totalitarian future sex deemed illegal act big impotent bumbling idiot controller amusingly goofy erwin fuller however cinderella radiant blonde cutie pie catherine erhardt remains determined change thing better help effeminate fairy godfather flamboyantly campy jay larson cinderella attends grand gala ball specific plan seducing handsome stud tom prince dorky vaughn armstrong teaching everyone making love positive pleasurable wholly acceptable directs ridiculous yarn customary incompetence staging incredibly song dance sequence totally sidesplitting lack skill flair uproariously abysmal need love number people absurd animal costume awkwardly prancing forest hilariously horrendous marvel ditto equally abominable mechnical man routine featuring bunch clumsily cavorting robot louis horvarth crude static cinematography tacky plastic miniature sparky sugerman groovy throbbing disco score copious gratuitous nudity ravishing brunette hottie sherri coyle warrant special praise particular department puerile attempt leering lowbrow humor roscoe robot law enforcer especially irritating uniformly terrible performance renee harmon outrageously hammy portrayal cinderella wicked overbearing stepmother cop big booby prize enhance strikingly abundant cheesiness savored delectably dreadful doozy,positive,negative,0.7097298919835953,0.2902701080164047,0.7097298919835953,False,0.20972989198359526
one educational short film made learn unknown people fact life time target audience preteen girl fact life menstruation animated film created walt disney picture apparently sponsoring start explaining hormone make grow develop help animation female narrator show u body especially ovary uterus vagina work lead menstruation almost amazing becoming comic note subject sex avoided even word never mentioned although furtilized pas really know saw since one rare short film could give impression innocent time might want give try,negative,positive,0.18801082147674908,0.8119891785232509,0.8119891785232509,False,0.3119891785232509
japanese probably sadistic movie around world one strongest running time hour contains enough sexual violence gore disgust every single sane person earth even hunting type movie men woman making porn normally shot pixelated girl tied madman cut food arm make hole abdomen man sexual intercourse knocked unconscious penis cut special effect good obviously low budget production tong cut scene look fake ca talk acting direction hearing lot film happy finally found first part pretty boring second one totally f k mind torture killing scene extreme disturbing ever gore hound satisfied tumbling doll flesh unknowing viewer even read synopsis,positive,negative,0.7816222382386422,0.21837776176135776,0.7816222382386422,False,0.2816222382386422
movie one rolling floor laughing movie ever seen danny de vito play owen perfectly momma excellently portrayed one highlight beginning movie start differently would expect larry trying write book trouble larry teach writing class owen tagged larry trying get read story owen eventually asks larry kill mother return owen would kill larry whole movie really favorite part movie end owen writes throw momma train larry get furious wrote book similar plot turn owen wrote child would really recommend movie gave,positive,negative,0.5860458280805809,0.4139541719194191,0.5860458280805809,False,0.08604582808058092
personally liked prophecy lot christopher walken always great even though film flawless creepy highly original film entertained immensely inferior sequel still worth watching mainly due walken walken one greatest actor around opinion outstanding role fallen archangel gabriel play second time war fallen loyal angel brought earth gabriel return order prevent birth child namely child angel danyael russel wong human woman valerie jennifer beals child could determining factor celestial war said christopher walken excellent gabriel besides gabriel however prophecy ii sadly also includes bunch terribly annoying character character valerie annoying enough danayel annoyed even biggest pain as however character izzy played brittany murphy suicidal girl would shut still walken performance redeeming quality film entire film quite dreary dark color contributes lot atmosphere gabriel resurrection scene beginning furthermore quite impressive one coolest moment prophecy film prophecy ii nevertheless weakest three prophecy film walken definitely christopher walken entertaining nothing beyond,negative,positive,0.4666175638444784,0.5333824361555216,0.5333824361555216,False,0.03338243615552161
pick stereotype stereotype whether racial sexual cultural etc bet find wassup rocker think hispanic teenage boy stupid hairy inarticulate dirty troublemaker hispanic girl easy slut black people want start fight carry gun gay people throw themed party pink drink ask young boy model white teenage girl rich princess bored white teenage boy looking something little dangerous answered yes previous question friend bigot love wassup larry clark like shock audience year old first time saw kid think still virgin wassup rocker shocking bad try edgy realistic minimal dialog character story completely put wassup rocker teenage boy fantasy boy want skater get trouble crash party drink told hot rich white girl uncircumcised penis look dangerous besides demographic really know going enjoy film,negative,positive,0.43191294083657095,0.568087059163429,0.568087059163429,False,0.06808705916342905
finally rented video searching many month initially wanted see neil pearson fan patrick boyfriend isobel lead however movie stand well without neil although handle well movie overshadowed three main female character eerie intense movie sort brit well definitely chick flick house isolated setting giving movie almost wuthering height aura movie full tension ending shocking yet somehow inevitable glad watched worth wait,negative,positive,0.25530241714099466,0.7446975828590053,0.7446975828590053,False,0.24469758285900534
lovely little b picture usual joe lewis touch people ripping pillow aura lurking fear also ala ending come nowhere apparently auteur lost interest movie perhaps b picture fit slot,positive,negative,0.5688195367499186,0.4311804632500814,0.5688195367499186,False,0.06881953674991859
bad movie course expecting movie called beach babe beyond babe bikini movie no pretension otherwise given not room view schindler list wanted film like room view would not looking beach babe beyond looking good babe bikini movie almost no plot one flick delivers promise pure adolescent lot babe bikini movie quite funny great watch beautiful woman ever seen home high school kid watch least one bad movie like actually one memorable movie ever seen unashamedly say going watch one babe bikini movie,positive,negative,0.7362752079222943,0.2637247920777057,0.7362752079222943,False,0.23627520792229428
although seen gymkata theater way back could remember anything plot except vague image kurt thomas running fighting backdrop stone wall disappointment regarding reading review picked copy newly released dvd enter world turn one film produced would go directly video today film star champion gymnast kurt thomas jonathan cabot recruited blue infiltrate nation parmistan enter hopefully win game suicidal bloodsport sponsored khan encourages people yelling sound like yak power goal mission involves star war defense system jonathan trained martial art princess rubali never speaks leaf house trained try blend local wearing bright red sweater dash blue white needless say cabot find running fighting life along stone street parmistan way date destiny kurt thomas ill served director robert clouse look like never set called script side incompetent see review many howler throughout town crazy good moment ultimately ruined bad editing ending meh still germ good action adventure hong kong version visceral action faster pace might even pretty good,negative,positive,0.3279440353586338,0.6720559646413662,0.6720559646413662,False,0.1720559646413662
firmly believe best oscar ceremony recent year two reason host steve martin wittiest saw teamster help michael moore trunk limo better not mention gay mafia case wake poodle head bed surprise winner no one adrien brody best actor genuine applause roman polanski best director genuine jeer boo last year award ceremony bad little way surprise happy see return king sweep award even best trilogy fellowship much better let bbc coverage jonathan ross getting sycophantic mate round pretending hilarious anything heard sky coverage british tv expecting barry norman mark kermode link instead ended jamie theakston sharon osbourne oh gawd british tv desperate film critic obviously sure bob moo theo robertson happily fly la give honest opinion winner loser chris rock bad no steve martin location seemed resemble sport hall seat put not much glitzy arena opinion main problem ceremony format minor oscar handed winner sitting seat no thing minor oscar award best animated short best costume design well deserved best picture best director winner allowed march podium bunch arrogant snob academy becoming quite agree comment format disgraceful surprise could possibly worst ceremony history award best supporting actress cate blanchett no great surprise competitive category best supporting actor morgan freeman no real complaint since freeman one america greatest living character actor best actor jamie foxx predictable award night yawn best actress hilary swank major surprise since everyone thought annette benning going win simply academy politics swank deserve gave best speech night best director clint eastwood major surprise since everyone thought scorsese going get award simply never one actually glad deserve taxi driver raging bull goodfellas deserve aviator best film million dollar baby another major surprise since everyone thought academy would split award best director best picture thought hollywood friendly plot aviator would made dead cert best picture mdb controversial subject matter would turned lot voter award perhaps illustrate year voter decided ignore oscar politics genuinely give award people deserve something done past mean beautiful mind beating fellowship ring gawd sake long may academy vote head instead heart,negative,positive,0.3138070533198192,0.6861929466801808,0.6861929466801808,False,0.18619294668018083
poor bela lugosi another day work group saboteur attempting disrupt american war effort inside pretty hard figure first know guy something method operation clear wo spoil ending pretty amazing series murder perpetrated hero police force know going coincidence victim seem come go house comment like true patriot would obvious suspicion abounds world would know spy subversive jumped bit also surprised see clayton moore lone ranger romantic role never realized ever anything sit horse course smugness criminal think immune killer guest list anyway bela sort good guy bad guy rolled one best scene movie end wo spoil curiosity period piece may fun watch people,negative,positive,0.3424330871474992,0.6575669128525008,0.6575669128525008,False,0.1575669128525008
movie terribly hard find unique low budget little gore flick doctor seeking perfect companion really humourous low budget feel gore suprisingly good appears budget director claimed master gore would go far maybe time overall gore chart,negative,positive,0.3748873928781751,0.6251126071218249,0.6251126071218249,False,0.12511260712182493
realize living western plain wyoming brutal fact probably still brutal today monumental enough transform seemingly movie also woman right still budding nation time find independent woman determined start fresh harsh territory still show realism era would make good viewing honestly know thought film past two day still ca seem muster strength say horrible film yet truthfully tell greatest ever seen several hodgepodge style acting two mismatched actor playing devoid emotion character gruesome pg rated scene ever come late cinema hard fully get good grasp heartland good bad may view decide moment enjoyed desperately hated film continues struggle mind interesting scene scene sure director direction headed somehow still seemed work well whole thought story whole interesting historical tale not know much living wyoming especially early film captured image mind thought cold winter no neighbor mile upon mile view untouched corporate america refreshing witness sheer breathtaking experience though television scene really stood mind like scene pig slaughtering scene saddening homesteader survive journey brought true sense realism story director richard pearce great job bringing view wyoming viewer not sure brought decent player accompany constantly compliment scenery film trouble coping actor seemingly walked set read line card side rip torn seemed place role clyde stewart loner somehow find connection conchata ferrell elinore randall two actor no chemistry scene share together pointless honestly void emotion pregnancy scene nearly stitch way two veteran actor portrayed brave elinore get child clyde give approving nod done love supposed love know think stronger character would seen stronger bond torn ferrell felt like two actor playing part scene seemed struggle mind one like frozen horse knock door food shelter constantly fading growing compassion clyde elinore daughter believe lack true winter struggle entire land scene land scene especially needed explanation elinore clyde would build house married simple event taken time explore would made stronger go middle road feature definitely element explored deeper relationship two stranger ultimate homesteading goal elinore countered beautiful scene nation panoramic scene span year change vast mountain enormous skyscraper brilliant scene realism starring cattle pig felt needed depth key element lacking film overshadowed marginal acting diminishing story pearce could dove deeper untapped world instead left open loophole clichéd western character ferrell carried torn completely miscast decent viewing not picked,negative,positive,0.16995962311857093,0.8300403768814291,0.8300403768814291,False,0.33004037688142907
ok would judge movie day would fit watched fi stage everything pretty cheese agree movie like gilligan wonderwoman aso people born early mid earlier cult status evertime plane approach tattoo would run tower ring bell accent would yell da plane bos da plane would wonder everybody wish would born mid later would understand hippe watched harry potter jurassic park computer animation stage probably could even almost see wire attached guy wish able u time fantasy island,positive,negative,0.6544297937910758,0.3455702062089242,0.6544297937910758,False,0.1544297937910758
despite perhaps part clever use music underscore motivation ideology major character stereotype verisimilitude characterization cinematic get sense john singleton dabbling literary theory flavor day higher learning tendentious result low point movie peace rally symbol free love movement reappropriated much closely resembles take back night rally live stridently musical act tow perhaps prim revisionism director trying assert identity politics new vietnam ooh adrienne rich remy firing crowd nice touch rich sort political wish could give movie negative star recommend interested history time radical feminist brought academic trinity race class gender popular culture declared viable honorable political option camille paglia need,negative,positive,0.47677946588484144,0.5232205341151586,0.5232205341151586,False,0.023220534115158564
saw trailer afro promo collection movie trailer movie featuring looked like highly tendentious wacky comedy uptight black man realizes son gay would seem redd foxx rf wife left brother work store back phoenix taken bus visit son norman los rf arrives norman wearing nothing bikini short get waterbed answer door trying buy time making elderly father take stair appears floor norman try wake lover steadfastly refuse budge point wrote wo wake suddenly friend jaw dropped first many time presented first glimpse garson norman white lover faaaaaabulous dream garson flaming queen type imagined emerging dress purse big clunky jewelry seems modeled look persona carol brady brady order lover find somewhere else stay father visit garson go stay waylon flower madam answer phone norman call rf attempt reach wife mexico phone garson come pack dress rf confronts burst soul music meant evoke dawning revelation sounding like hear special track emotion realizes son first impulse kill kill rf go long walk wherein cycle thought confused parent might maybe toilet trained soon thought triggered something see walk instance burly truck driver appearing contemplating make real man surprisingly go bookstore buy eight book homosexuality must said eight book homosexuality parent bought go straight park bench read rf hire audrey amazon prostitute amazing fur thing played tamara dobson cleopatra jones hired norman try heterosexuality piss norman storm go stay friend garson come offer take rf night commiserates loss rf wife tell tale mother harbor irrational prejudice pilippinos molested luau attend long featured performance wayon madam culminates madam violently bashing head piano hair come loose mouth seems would ya know rf garson wonderful evening together see staid traditional older black men see crappy entertainment order come around gay world offer really simple still not prevent rf yelling rape garson wake bad dream end less predictably much basis norman garson relationship seem rapport norman no qualm whatsoever kicking garson even come around stand never defends garson talk relationship kind sweetly quaint touch like rf going buy book sitting right park bench read like idea parent would actually try find something homosexuality rather run get drunk commiserate kind seems like little relic bygone era era gay people thought uptight straight people sat watched drag marionette performance could learn love understand one another whole naiveté thing extreme stereotype dialogue come charmingly outdated provide great deal grist discussion thing changed gay past year guess thing seems offensive idea gay female friend desperately love willing get drunk order sleep extension convert hey check cinema de merde website bad cheesy movie good movie thrown find url email address,positive,negative,0.6211584819986197,0.37884151800138033,0.6211584819986197,False,0.12115848199861967
full disclosure cynic like ending sad hanky dry cry bambi mother shot smith new film happiness look like desperate plea oscar basically born without artistic soul earth like item less maybe double espresso downed show likely maybe even hardboiled movie fan could use occasional shot sweetness sweet moment meet scarlet event far nora ephron meet cute view taken intimate journey two stranger learning care life headed aided beautifully phedon papamichael cinema verity style camera work main argument film far fetched film far fetched know tell yet meet adrian brody market however not lack trying enjoy considering adventure might occur momentous event take place darn straight review item less fall short fail take account even cynic fantasy heck sometimes worth price admission vicariously live minute time,positive,negative,0.5274788186369346,0.4725211813630654,0.5274788186369346,False,0.027478818636934577
really liked summerslam due look arena curtain look overall interesting reason anyways could one best summerslam ever wwf lex luger main event yokozuna time ok huge fat man v strong man glad time changed terrible main event like every match luger terrible match card razor ramon v ted dibiase steiner brother v heavenly body shawn michael v curt hening event shawn named big monster body guard diesel irs v kid bret hart first take doink take jerry lawler stuff hart lawler always interesting ludvig borga destroyed marty jannetty undertaker took giant gonzalez another terrible match smoking gunns tatanka took bam bam bigelow headshrinkers yokozuna defended world title lex luger match boring terrible ending however deserves,positive,negative,0.5085923045110097,0.4914076954889903,0.5085923045110097,False,0.008592304511009674
great historical movie not allow viewer leave begin watch view presented differently displayed school book subject fault movie photographed black white wished color wow,positive,negative,0.5414843239325683,0.4585156760674317,0.5414843239325683,False,0.04148432393256829
came rendition list flaw mile long overall impression pretty decent movie definitely film whose sum better part include cast big name star not one giving memorable performance omar metwally relative unknown one remember serviceable undistinguished direction screenplay complicated simplistic time metwally american citizen get kidnapped government rendition program otherwise known process america torture suspected terrorist confessing information whether not remotely true reese witherspoon play pregnant wife call favor old college friend peter saarsgard work senator alan arkin help track husband meryl streep play head rendition program jake gyllenhaal young agent assigned interrogation whose conscience get way meanwhile whole parallel storyline follows daughter top egyptian official allied american rendition program boyfriend training become suicide lot plot pack movie wash hand whole thing especially egyptian romeo juliet subplot felt like nothing distraction near film finale twist chronology brings plot strand together way make want reassess everything thought knew motivation various character make rendition much interesting movie seems like going gyllenhaal sarsgaard look like high school student playing adult twenty year older actually gyllenhaal particular usually fine actor look bored wonder going muster energy deliver line screenwriter arrested actress good meryl streep disposal giving nothing work dragon lady movie course strives relevancy instead addressing tangled web argument surrounding national security issue charge right middle debate predictable fashion moment think maybe film veer interesting direction witherspoon actually begin doubt husband past instance metwally actually contact terrorist interrogator accuse no movie take path least like said upfront recommend movie know done nothing list bunch fault got head right place entertaining least entertaining movie torture interrogation,positive,negative,0.5616281441467632,0.43837185585323685,0.5616281441467632,False,0.06162814414676321
thought flagship work open source community something would stand scream world medium take notice not stuck marketing trap option producing fine work open source tool basic version download die hard fan modem eventually got hit first snag medium player mplayer classic winamp failed open xp box totem xine kaffeine failed open suse server mplayer managed run flawlessly going hard spread word normal user cant even open film beautiful soundtrack superb lighting masterful camera work flawless texturing everything looked real two main character moved spoke movie died everything apart lip syncing actual animation two main character except proog dancing scene looked fluid totally alive two main character animated poorly time wondering game market moment entail less realism frame movie fantastic frame thing great neither actor moving glad actually recommended anyone ruin final fantasy followable cunningly devised movie would get star tragedy sits right screen,negative,positive,0.40262437859492395,0.597375621405076,0.597375621405076,False,0.09737562140507605
start tear apart movie mark love scarlet pimpernel story one best romantic adventure ever written movie staring jane grey good musical broadway hottest thing thought heard film coming would great since bbc surprise weak totally stupid story utterly failed capturing gorgeous no exciting escape daring disguise no deep love made heart flutter percy left room marguerite sighed husband leaving confusing plot lot sex horrible movie,negative,positive,0.41987471690962874,0.5801252830903713,0.5801252830903713,False,0.08012528309037126
good intention made film great film might one greatest film ever made film great actor master director significant theme least significant theme undertone fifty existential aerial scene ought thrilled sens imagination character one might deeply care patriotism patriotism healthy quite ten year film knew air force officer taught class university intellectual thought deeply work sens humor one crew member first plane drop hydrogen bomb wondered one died vietnam imagine flew mission film fails movie lack visual interest drama expression feeling celebration patriotism underline narrative no actress worse used june allison movie susan holland woman one would flee not embrace james stewart colonel make good stab role col later dutch holland interesting thing role bite sandwich not kidding stewart good biting sandwich spirit saint louis one might think ted williams watch steward role think william holden harry brubaker bridge comparison not good stewart seems wasted shot look like outtake commercial airline though beautiful aerial shot mundane time might impressed viewer crash greenland involves unexciting modeling expect outcome undertone subtext film voice tedium air force flight crew must felt long mission banality air force used make business well business like business one imago la nouvelle vague director might explore theme one begin think someone imagination might filmed movie little moment crew returned long mission member crew got shot scotch massage debriefing mission showing might image air force wanted mann accommodated brass maybe sense film work not mourn watch movie think u director actor crew viewer member armed service might enjoyed giving getting much get think movie strangelove presage potential never realized yet enjoy watching think airman long mission ground crew isolated place certain sense honor celebrated celebrate honor certainly understand people praise movie place appreciate no intentional fallacy would get,negative,positive,0.4453207510371364,0.5546792489628636,0.5546792489628636,False,0.05467924896286358
seen branaghs hamlet branagh old speaks frequently high pitched voice unwillingly funny not convincing hamlet director quality poor see also much ado nothing branagh funny part dialogue mostly cut not speaking director mistake dialogue cut seen hamlet think scenario interesting idea lousy actor orson welles hamlet ok bbc hamlet best derec jacobi convincing seems bit lunatic suitable patric stewart wonderful claire bloom attractive queen believe actor saying think best compliment,positive,negative,0.7105191052737069,0.2894808947262931,0.7105191052737069,False,0.21051910527370687
second half movie hard follow got first part spanish inquistion film skipped many year forward french ruling spain movie little fill happened remember much movie get confusing movie begin ines daughter rich merchant accused judiasm church specifically father lorenzo put question forced confess even family wealth not buy prison father force lorenzo sign confession saying offspring chimp hope getting ines released give reason church condemn lorenzo run movie skip many year french revolution full force ines released prison good make work make natalie portman look tore find family dead seek goya help tell child prison goya set meeting lorenzo french power father goya see daughter tell lorenzo decides best send america no one find plan get carried british join spainish spain reclaims power persecuted part not well told film like film show happen verdict movie good skip many year time inquistion movie expects understand going got confusing,negative,positive,0.4625704399951168,0.5374295600048832,0.5374295600048832,False,0.03742956000488318
series cbs network answer success big valley minute western like abc program answer not stuff make past season problem really became reality got lost show one episode johnny get eye poked stick amazingly end show johnny healed entirely along story no near strong big show would not want dvd frankly hope never released think since cbs running lot many familiar setting one last western series cbs produced western not real popular,negative,positive,0.33553954658936747,0.6644604534106325,0.6644604534106325,False,0.16446045341063253
remember first saw movie sixth grade happened saw listened original broadway recording really loved saw like heck movie missing lot song musical cry loud decided really huge fan gene kelly movie probably worst musical ever movie looked like hollywood set beautiful highland scotland heck decided cut meg song movie willing bet saw movie lerner lowe probably wondering world decided masterpiece well right say probably mad fact hollywood turned great musical rather blank acting wise kelly passed audition flying color movie missing lot short want good movie based musical frederick lowe alan jay lerner one,negative,positive,0.45741370671682036,0.5425862932831796,0.5425862932831796,False,0.042586293283179644
visiting old friend dinner talking expressed reservation daughter boy friend beautiful smart athletic young man also excellent family nice also athletic not smart told might feeling normal fatherly concern however minute later young man arrived dvd flick apparently anxious time share others folk bona fide home theater screen something excess foot two young folk preceded view young swain proceeded extol virtue almost saw enough moment fascination awfulness endorse critical comment seen scanning told friend would go far disqualify young suitor solely basis liking opus certainly seems warrant bearing close flick classic plan outer space opinion wonderfully awful bruce people work ca stop music however one remains firmly simply awful banana even best tim conway knotts everybody seinfeld great difficulty carrying later starring series film great supporting character original eddie character really level prior griswald movie never added whole lot opinion randy quaid capable actor delivered good performance contribution prior vacation pic average best cast member many done good work past accomplished nothing effort except derive year house payment ira whole presentation story performance lead support could worse,negative,positive,0.26134029673265213,0.7386597032673479,0.7386597032673479,False,0.23865970326734787
today wrote review anger uwe boll produced movie based one darkest day nation changed everything changed perception security changed understanding evil man humanity importantly devastatingly changed ca not stress utterly repulsed disillusioned angry careless blatant ignorance hollywood seeking make lucrative profit death destruction film like bound cause controversy amid among moviegoer critic alike surely echoed mainstream press hollywood sunk new low even lower bastard perpetrated barbaric act savagery unrelenting cruelty behind uwe boll angry movie dare disrespect memory family lost dare mock life brave men woman risked life save trapped doomed tower fateful day infamy dare try satirize time capitalize national tragedy mist mourning weary world dare gall even think seeing morally appalling travesty say heavy heart strength remember think back day ask whether not sane moral person think back day ask whether not film disgrace dishonor life lost day think back day outcry family loved one think back day life lost two plane think back carnage caused following remember respect memory life lost not seeing film,negative,positive,0.30924750264444145,0.6907524973555585,0.6907524973555585,False,0.19075249735555855
best film battle san antonio texas march john wayne epic alamo one shot job director producer temporarily financially strapped wayne demonstrated talented movie making outside acting ability personifying commented film review night pointed wayne james edward grant screenwriter tackled point barely mentioned earlier film battle bring issue slavery also finally discussed contribution local mexican land owner juan seguin important leader war independence par crockett bowie travis austin houston one weakness though well hidden film wayne worked hard cast properly thinking many people lead role not properly handle leader enemy force general antonio de santa anna role played obscure actor ruben padilla board thread show three credit listed padilla not spoken dialog even spanish one last shot film shown silent tyrant observing burning body american several poor choice casting television movie alamo thirteen day clory best film showing man leading bogeyman american policy maker raul julia wonderful stage actor fortunate see production late arm man manhattan sergius never boring usually first rate see egotistical monster worst nothing acceptable not fit santa anna wish activity failure orderly army bring item requested fast enough temerity foreign brigand saw american not knuckling napoleon west anna president mexico five six time claimed first got involved overthrowing president president not live country constitution power kept going year year sad commentary leading mexican historical figure two decade no political figure military figure would rise override benito juarez late initially claimed great liberal ideal admitted people mexico child needed guidance one hundred year could rule thus sound like gilbert roland crisis talking people helped lead jose ferrer amazing thing managed keep coming back policy disaster know attack texas put revolt also tried expand guatamala probably saw controlling much central america win alamo great cost life massacre fannin men goliad inexcusable one might make case destruction defender alamo fighting last fannin surrendered came disaster san jacinto army wiped failed take adequate precaution watch american troop captured humiliated forced sign surrender texas houston kind troop wanted string losing leg battle french managed not get wounded war repudiated forced surrender texas could not militarily undue instead would lead mexico defeat war american leading mexican session decent enough pay mexico southwest mexico lost half territory would president last time time give franklin pierce horrendously bad administration one moment glory santa anna sold border arizona new mexico gadsden purchase no mexican president not even porfirio diaz ever cost country much diaz sell foreign business interest built mexico economic muscle exiled settled staten island managed creative work introduced chicle became chewing gum achievement julia santa anna younger practiced cynic schemer became america best land purchase agent not going stand opposition jump furious tantrum moment notice time chief aide black david ogden stiers british born officer hold tongue not wish front firing squad could stiers secretly less enchanted bos end alone newly widowed wife dead alamo defender stiers suggests tell world santa anna really like,positive,negative,0.5935955910677251,0.40640440893227486,0.5935955910677251,False,0.09359559106772508
ahh yes blockbuster take concept stuff script load every single freakin special effect wizard hollyweird conjure round usual suspect hot stick em ensemble role various size front unforgiving eye camera hope gawd old remember bishop box office apply concept horror film last case thriller sentinel novelist jeffrey konvitz decided try ira levin rosemary baby scenario creepy ultimately satanic neighbor new york brownstone result controversial claimed bordered plagiaristic equally controversial vehicle directed death wish michael winner many unsettlingly different raines nashville play successful model alison parker pretty much stressed wo add overpaid mean model would redundant not schedule also insistent boyfriend michael chris sarandon dog day afternoon classic movie lipstick one way decides try get away move place big beautiful brownstone manhattan able get big red flag cheap real estate new york mysteriously accommodating broker miss logan golden age screen vet ava gardner fresh storm drain earthquake thing seem fine first ah yes come noise loud pounding apartment upstairs night really strange neighbor like gerde sylvia mile sandra early beverly nice single friend read lesbian living together kindly old charles chazen nicely creepy burgess meredith seems maybe little concerned alison welfare not mention assorted squirrelly cohabitants never hear phrase black white cat black white cake without wanting laugh milk nose possibly vomit simultaneously especially old blind priest living penthouse thing really start go downhill nightmare alison morphs grisly murder one movie scare alison michael assistance alison bff jennifer deborah raffin begin piece together puzzle reveals brownstone dark origin well murderous agenda inhabitant not mention alison connection turn anything nothing controversial overstuffed cast seems feature every actor diverse genre looking work time arthur kennedy jose ferrer martin balsam eli wallach john carradine even early appearance christopher walken jeff goldblum nana visitor winner company went back bombastic basic pulled tod browning enlisting actor appear sentinel climactic sequence guess ballsy director would finding unable access linda blair case soup definitely leave arctic finger playing spinal cord like zither knowing juicy little tidbit info watch feature technique filmmaker begun return recently live makeup special effect involve cgi pretty much back sentinel kitschy cheese factor manage distinguish time time moment like one mentioned not mention queasy feeling dread horror writer find easy play upon isolation thing go night person lain bed dark listened intently sound hope building settling konvitz followed sentinel inevitable sequel guardian not confused william friedkin supernatural thriller namesake never adapted screen,positive,negative,0.5160479258355264,0.48395207416447367,0.5160479258355264,False,0.01604792583552639
film suffers horrendously direction julian grant incompetent lead steve guttenberg putting solid effort win bruce willis contest writing reckless hollywood action thriller sean bean whose one favorite david fraser kim coates give decent performance film definitely average wonder hollywood studio thought actually giving go ahead weak director grant say sean bean thinking even considering participating film like great film like goldeneye ronin patriot game,negative,positive,0.4517894671191527,0.5482105328808473,0.5482105328808473,False,0.04821053288084731
miniseries reasonable sequel original gone wind one view merit not immediately following original come pretty good sure viewer question performance scarlett rhett seems unlikely anyone else could done better many character new storyline comparison case rhett mother uncle henry hamilton benteen not problem no one every vivien leigh clark best part whole production beautiful scenery springtime charleston ireland watch alone obviously high budget tv miniseries follows book totally new plot scarlett go acting credible nothing special kind way feel roger moore following sean connery james bond,positive,negative,0.619603978657624,0.380396021342376,0.619603978657624,False,0.11960397865762395
funny movie not lot ok plot bit disturbing original teen trying get even dad around almost sending jail lie impress older boy could not funny plus not typical movie featuring teen first remake seen better original problem gerard depardieu another actor would perfect play roll way suck another problem woman melting not remotely believable not attractive rubber troll better looking come,positive,negative,0.8575729219846231,0.14242707801537688,0.8575729219846231,False,0.3575729219846231
valentine dogkiller dussaut joe judge kern join force clean mean street geneva thrill put kibosh international heroin smuggler polish fugitive peeping tom philandering girlfriend renegade dog litterbug lazy bin recyclables fooled deceptive miramax ad campaign paint pretentious art house flick movie action,positive,negative,0.7018085987049942,0.2981914012950058,0.7018085987049942,False,0.20180859870499424
saw movie actually pretty good trailer left impression either yet another dujardin à la de expensive stupid french comedy surprisingly neither secret agent os stupid least sort know whereas always found james bond stupid acted like smart arse dialogue witty lot humour one would expect british rather french movie woman music beautiful refreshing trip past bad guy soviet brute car shiny france colony,positive,negative,0.6604359223210969,0.3395640776789031,0.6604359223210969,False,0.16043592232109694
delighted find tcm showing love version josie lawrence jim broadbent joan plowright film luminous ann harding wonderful performance frank morgan others acting made film farce wonderful unfolding later film reginald owen arbuthnot painful watch ca understand wife adores found watching film based stage play film based book original film also felt like snippet larger piece felt incomplete bad,negative,positive,0.4923840474913459,0.5076159525086541,0.5076159525086541,False,0.0076159525086541
not weapon expert even see difference army riffle wwi wwii movie see private armed garand invented year not authentic springfield aka silent death private use wwii difference load time ammunition time fire rate semi automatic springfield requires reloading every shot little difference german army uniform borrowed year especially helmet german helmet end wwi significant pike top not see even one movie make little additional search archive much truthful true story surprised much truthful film director pursuit cheap propagation,negative,positive,0.4110579426083525,0.5889420573916475,0.5889420573916475,False,0.08894205739164751
talk ending film talk plot dude named gerald break engagement kitty run craven castle scotland several month kitty aunt venture scottland arriving craven castle kitty find gerald aged grown meaner gerald certain rule castle rule year gerald not want stay kitty insist staying making excuse one night aunt catch glimpse monster running across hall scare much faint another excuse must stay longer kitty becomes worried gerald try go maze gerald catch even meaner kitty sends reinforcement call doctor actually friend wide make thing not look suspicious invite couple friend really anything blah blah blah kitty aunt end maze suspense story somehow get separated try find aunt stumble upon creature moment waiting creature lurking shadow giant frog omg better seeing aunt frog literally go crazy run oops mean hop stair top castle frog leap open window go shot ground see frog gall towards u oh yeah movie want know funny frog fall window actually toy size frog take leap revealed evolution fault blah blah kitty gerald get married last shot masterpiece grave frog maze place ever really happy,positive,negative,0.5300124099279666,0.4699875900720334,0.5300124099279666,False,0.03001240992796661
pale shadow great musical movie suffers fact director richard attenborough completely miss point musical needlessly open muddies thrust play show group dancer auditioning job musical examines drive desire work demanding line work attenborough give u cast hopeful assuming trying get big break show business rather presenting grittier mix character created stage group working gypsy living show show along couple newcomer film one advantage play opening scene showing size original audition true scale shrinkage line depending count cassie stupidly kept line movie anyone catch local civic light opera production play much richer experience seeing film,negative,positive,0.4913442192781433,0.5086557807218567,0.5086557807218567,False,0.008655780721856687
movie set new orleans turn laughably bad laughably inaccurate examble remember savage bee make exception tightrope almost got right one inevitably get wrong accent not bad yes yat accent way brooklynese southern city shown way without obligatory tourist shot understand good drama without trying make everyone quirky southerner one film justice city good film boot,positive,negative,0.570481919676548,0.4295180803234519,0.570481919676548,False,0.07048191967654804
fan carpenter long time read biography watched special saw karen carpenter story movie really show real karen carpenter movie seems shy pretty much loner except one girl friend real karen carpenter much different outgoing friendly lot friend especially olive movie even show karen attempt solo album meeting phil ramone wife itchy karen itchy knew real karen carpenter new york karen new york see psychologist voluntary day would leave go hotel room also karen taking pill increase thyroid could loss weight stop taking psychologist recommended not also karen husband movie named bob knight real life named tom burris also karen divorced tom separated karen sign divorce paper day died also agnes found karen naked closet unciousness unlike movie dressed white music good thing would recommend seeing,negative,positive,0.3110631486160951,0.6889368513839049,0.6889368513839049,False,0.18893685138390492
actually admit political junkie resonated erratic nature green yes know ending copout totally inconsistent film ca barry l crew left u wondering going let u debate oh not worthy bullshit ending show chip better leave table instead doubling stop disney ending putting bow life easy courage give main character listen rhetoric entire movie turned sniveling stupid inane behavior green crap system made ridiculous near end movie icing cake,positive,negative,0.8761276102754417,0.12387238972455825,0.8761276102754417,False,0.3761276102754417
saw film true movie automatically made sceptical actually good not amazing plot twist breathtaking dialogue little actually despite people say thought film accurate depiction teenager dealing not dawson creek not graceful cool witty character breeze sexuality effortless knowledge kid act like kid would blunt awkward annoyingly confused everything yes could accident could bad actor think dermot mulroney give not trying cool believable performance loved patricia arquette whiny annoying pregnant teenager combination two exactly lavender pillow plot predictable believed stress inability cope brave yet slightly misguided attempt bring closer together think character acted anyone else would indeed annoying unbelievable reflects surreality situation sitting class walk campus baby felt angry felt angry child blaming felt end loved would recommend scene dermot mulroney run disastrous counselling session career performance,positive,negative,0.6011904086756115,0.39880959132438853,0.6011904086756115,False,0.10119040867561147
fantastic fox comedy based classic roald dahl book wes anderson directs respectably take short book name big screen full length film respect anderson incredibly talented man film seemed gotten lost clever spirit anderson seems left story behind knowing talented man happened bad film would first bad film like go school first bad day anderson first bad day film making going let easy admit cleverness nice spirit animation nice film get progressively harder get leaving story behind random shot random thing happening character good also jason schwartzman voice fox george clooney smart as son ash especially engaging film not quite make level terribleness certainly get closer closer go along sure wes anderson get back track another amazing film decides make another film sorry wes anderson film big disappointment,negative,positive,0.4576712489417516,0.5423287510582484,0.5423287510582484,False,0.042328751058248404
disturbing expertly crafted scripted intelligently directed good eye color detail mary beth hurt sandy dennis especially randy quaid unusually good story center around young boy bryan madorsky wondering leftover eat every night come parent hurt quaid strange behavior cause school psychiatrist dennis get involved gruesome cannibal movie not bad like hannibal love like parent stay away film giving advice cannibal lover r strong adult theme graphic violence,negative,positive,0.49725401709089767,0.5027459829091023,0.5027459829091023,False,0.002745982909102329
film sensational politics depiction free love sexual liberation reduced time mere curiosity seems absurd mostly boring little film banned seized government many country given socialistic sweden eventually became radicalism politics controversial appear naive almost mainstream four decade later sex scene one time subject sensational obscenity trial look pretty tame modern context nevertheless film accompanying documentary detailing many controversy influence remains marginally watchable early reliquary youth rebellion one part film still hold respect fourth wall every filmmaker film making film satiric playfulness still elicits chuckle,negative,positive,0.4521230425763959,0.5478769574236041,0.5478769574236041,False,0.047876957423604094
found film dvd discount rack worth camera work dialog look sound done film student sandra performance somewhat credible film predictable action spotty thing give however unlike action film people film actually ran ammo scavanged dead body new weapon ammunition,negative,positive,0.48267695583437087,0.5173230441656291,0.5173230441656291,False,0.01732304416562913
okay admit kid never would seen film would never see considering rotten kid movie seen spy kid babe pig city significant improvement enough totally bored skull contemplated suicide something repeatedly two movie sure performance pretty broad plot kinda silly kid film compared film genre definitely better average frankie muniz amanda bine actually appear talent probably continue career puberty least infomercial looking film see kid certainly could lot worse,positive,negative,0.8122921996986413,0.18770780030135867,0.8122921996986413,False,0.3122921996986413
stale saga attempt surreal foreign subtitle vulgar flatulence gag end mix many different kind humor none followed successfully barbara bach bond girl spy loved two three brief scene waste,negative,positive,0.4861417999187526,0.5138582000812474,0.5138582000812474,False,0.013858200081247385
greyfriars bobby not westie bobby skye terrier highlight childhood day trip edinburgh go monument bobby grew story valiant loyal little dog every child generation remember lining mum outside cinema many many dundee child mum see wonderful disney film could movie based wonderful story made using westie heaven sake like making movie life robert burn instance portraying englishman say give bobby back breed,negative,positive,0.36726227058277783,0.6327377294172222,0.6327377294172222,False,0.13273772941722217
surprisingly not terrible well animated one disney straight video throw away sequel like previous sequel lion king glad disney brought back original voice actor make big difference kept good level traditional animation plot wanders around distracted unending string joke ranging hilarious dull break detached plot joke gave u silly musical sequence much like joke range entertaining quick trip fridge part moment bland full untapped potential really add whole lot movie act vehicle flashback new character least likable old character thing ca fault overall movie not bad make nice frivolous filler serious lion king title,positive,negative,0.8008064877394117,0.19919351226058837,0.8008064877394117,False,0.30080648773941165
story jewish dysfunctional family parent divorced mom remains back east house father murray abromowitz move child california move around beverly hill child get best education really become funny marisa tomei murray niece come life film deal various adventure family complicated drug scene affluent walter costars woman want murray move since want reiner rita moreno come towards end play murray brother respectively also parent tomei front child reiner let loose reminding murray paying bill film end sour note embarrassed family move fancy dig take riding around beverly hill car guess film promoting independence good old,negative,positive,0.4111095207405371,0.5888904792594629,0.5888904792594629,False,0.08889047925946292
definitely one weirder movie notable kicking decade bigfoot hysteria also notable little touch insanity throughout movie especially dark moody first half replaced musical interlude thing another user pointed one song dedicated character travis crabtree paddle around canoe leaf never seen although painfully dated still fun scary movie show kid anyone enjoys either bigfoot lore hillbilly culture bound get kick favorite part guy get scared jump headfirst door narrator explains went unconscious shock uh say breaking door head likely went unconscious star like bad americana,negative,positive,0.3516363472104236,0.6483636527895764,0.6483636527895764,False,0.14836365278957642
reason commenting finally figured cox bald although probably realized time week cox bald showed episode different order filmed latest episode favorite grumpy nurse robert dy cox shave head must showed order odd reason forgot slipped continuity shame scrub made mistake like remember elliot trying date scott foley hair wet second water hit try not notice thing favorite show need step,negative,positive,0.37417007026740623,0.6258299297325938,0.6258299297325938,False,0.12582992973259377
typical lanza flick limited audience appeal weak story line put together simply justify lanza mgm contract reported member lastliberal grayson could not stand lanza obscene advance towards sometimes camera addition gutter mannerism continual smell alcohol face scene together intolerable second last film together toast new orleans normally quiet grayson stormed louie mayer office told no uncertain word would never work lanza period mayer felt grayson much valuable mgm lanza grayson statement stuck grayson went star number widely received far profitable musical howard keel others later life asked compare lanza keel reply no comparison keel great work much appeal real people audience,negative,positive,0.3986361290866983,0.6013638709133017,0.6013638709133017,False,0.10136387091330168
movie first started thought cheesy first ten minute really boring slow beginning soap opera antic started liking plot different anything ever seen horror not really classied horror producer put money movie make scary creature short time assume money good side movie entertaining held interest start make wonder creature another obvious first time movie director couple highlight end hooked bad hollywood put money behind,positive,negative,0.9248377380263089,0.07516226197369119,0.9248377380263089,False,0.42483773802630886
fluffer may strong element porn industry truth make fact pretty shabbily directed acted mediocre grade start exceedingly drawn would embarassing think general public offered piece example state art gay film limited life gay film festival circuit allowed die natural death film open queer film weekend brisbane april think success strongly influenced amount alcohol consumed preceding cocktail party gon na need,negative,positive,0.496570631928254,0.503429368071746,0.503429368071746,False,0.0034293680717459862
saimin usa hypnotist hypnosis aspect ratio format dolby stereo srfollowing series bizarre apparently unrelated suicide experienced tokyo detective ken utsui enlists help young psychoanalyst goro inagaki belief victim acting suggestion subsequent investigation reveal even darker force work linked young girl miho kanno whose life blighted sadistic abuse based novel keisuke matsuoka mystery take inspiration variety source italian gialli traditional japanese ghost story etc though image climactic showdown reveal immediate influence recent commercial success hideo nakata ring ambition however saimin routine potboiler stumble badly powerhouse opening suicide particularly impressive despite feeble cgi effect though director masayuki ochiai script yasushi fukuda rally proceeding extended finale narrative startling secret finally revealed ochiai best known film adaptation parasite eve also starred leading man inagaki member japanese pop group smap saimin echo movie strong visual sense fall short drama character mere cipher undermining storyline emotional shame final half hour galvanized series dynamic notably concert hall sequence dvorak new world symphony transformed instrument murder ochiai excellent production team however lured promise gory carnage may disappointed film long atmospherics short varied due script limitation kanno tomie outstanding young woman suffering multiple personality disorder subtitle print review assures u recognized viable medical condition japan fall prey sleazy tv hypnotist takeshi masu prime suspect murder inagaki bland role constantly upstaged utsui veteran performer whose career stretch back sûpâ jaiantsu series japanese dialogue,negative,positive,0.498934318914664,0.501065681085336,0.501065681085336,False,0.001065681085336001
alexander lou star classic super ninja mafia v ninja headline entertaining martial art plot involves evil abbott white boast humongous frankly somewhat scary looking white eyebrow enlisting aid ninja clan order overthrow shaolin goal achieves furthermore wipe member although needless say one two manage survive rather predictably go exact eventual revenge upon miscreant abbott ok plot exactly pushing envelope term creativity anyone watching film title like wu tang v ninja aka ninja hunter really care much inconsequential factor plot course not fight matter film gum get money worth superbly choreographed martial art display everyone involved rarely minute seems go without fight breaking martial art movie must see,positive,negative,0.5410521185388106,0.4589478814611893,0.5410521185388106,False,0.041052118538810634
truly disappointed film high hope seems rushed take advantage success screwball comedy time including mgm libeled lady featured two star success william powell myrna loy three year pairing still attractive watch filled fire scene together weak screenplay rushed premise destroys chance great followup previous year libeled lady two thin man movie done prior double wedding tell story clothing store manufacturer myrna loy intent dominating life sister florence rice future john beal servant include sidney toler mary gordon independent spirited william powell come life distracted rice beal loy constant control loy meet match sound good far right yeah interesting premise fall short sad say loy character one dimensional hard even like let alone see powell fall love know soon happen another attempt put career minded woman place changing view kind life leading something hollywood often golden age loy say time run business man life powell jessie ralph board salty wealthy older woman helped loy start business acquaintance powell see immediately loy cool claim loathes rice beal boring couple whole premise powell getting senseless powell show really necessary late point story final wedding scene crowd people try get powell tiny trailer weak attempt bring farce funny though powell keep getting hit item meant loy hit edgar kennedy chuckle welcome since others powell loy would better two later screwball comedy love love crazy sophisticated witty fun film attempt three end sophisticated bore,negative,positive,0.4803296476664113,0.5196703523335887,0.5196703523335887,False,0.019670352333588714
wow movie not fan contemporary italian director usually like drama not smith super fan even thinking good actor movie great movie original script good direction well acting wow stunning movie captured attention minute minute even not like pursuit happiness maybe also not like acting son bad actor child usually seems natural born actor saw also last night day earth stood still confirmed sensation jaden ca act want write spoiler talk story say movie talk love death feeling like watch movie movie super great movie minimum heart regret watching,positive,negative,0.583775746047748,0.41622425395225204,0.583775746047748,False,0.08377574604774796
not watch much television came across show reality show sure hope not real man nag married someone snotty would ground divorce think set bad example person treat person love one thing wrong world many people bad relationship selfish not know meaning truly love another self sacrificing not something merritt not give one good feeling watch private counseling personality show real deserves someone much better would show real true love care appreciate show reality made rating really would like know sincerely gb,negative,positive,0.462100361195419,0.537899638804581,0.537899638804581,False,0.037899638804581026
give movie sheer camp dietrich daughter maria riva wrote book mother one see garden allah context high camp amusing laughed delight overwrought score astoundingly ridiculously fantastically melodramatic dialogue viewer read account boyer toupee kept coming unstuck heat snicker every time make boyer rarely look giving line instead gaze dreamily distance presumably face photographed best angle advantageous light starring turkey might well look good dietrich costume world riva note book dietrich managed steal paramount travis banton design divine gown chiffon beige dress heartily agree reviewer rave technicolor really hard believe film done color short watch garden allah lenient attitude embrace silliness ca help enjoy,positive,negative,0.5357302458344633,0.46426975416553673,0.5357302458344633,False,0.03573024583446327
movie lengthy unfortunately pretty different novel want see movie read novel first shock however cinematography ok person love adventure genre explores africa go acting performance adequate however many important event present novel omitted novel sir henry curtis search missing brother rather lady search father gagool cunning killed cave whereas shown good person preferred stay new king,negative,positive,0.46929182589695306,0.5307081741030469,0.5307081741030469,False,0.030708174103046937
oliver gruner totally unknown friend showed film seen gruner called pretty good film nemesis watched found fastforwarding b drama part get unbelievable action sequence gruner love kick kick kick kick hahagruner character graduate student forced stay ghetto close one grew find watching boy life really want join mexican gang keep tormenting family instead joining gruner tell boy fight back gang crazy gruner play typical van damme character kill everyone maims pretty bad work rid block plot cheesy easy think gruner probably not well known movie anything compare possible choice ghetto pure hell enjoyed seeing motley crew character go chance gruner character music typical action music thumping piano timpani swelling guitar actually bad make sound director really needed keep action going instead taking break every minute tense family gave really tried average action film oliver gruner star overall feel film leaf wanting closure saw,negative,positive,0.4838908921855122,0.5161091078144878,0.5161091078144878,False,0.016109107814487822
aussie shakespeare blood blood good dose nudity not every one may level violent cheap done low budget try best work macbeth seem lacking not compelling although good acting part get head especially mecbeths best performance came gary sweet strangest mick molly shakespeare see like cheese mature love not bad film not good either sam peckenpah would loved filmed western expecting lot loved romper stomper vacant effort,negative,positive,0.3613286151113705,0.6386713848886295,0.6386713848886295,False,0.1386713848886295
sea watching made original akira kurosawa script indeed lush warm film watching pleasure kei kumai director certainly no equal old everlasting master particularly mass scene beginning film terrible acting overall mood scenery enjoyable another thing missed kurosawa always managed let character much actually showing magic set shooting maybe script not fully par miss eye one lovely sweet film no kurosawa expect might well silly,positive,negative,0.5725867559716802,0.42741324402831976,0.5725867559716802,False,0.07258675597168018
think great many viewer missed entirely fact obviously parody western not bad movie clever tongue cheek take western believe film taking seriously make film even unique fact centered around strong beautiful woman two black one asian usual western woman tough draw fast shoot tough even bartender shaking pours plot move story along typical western vein shot brother gon na get western woman sister shot vengeance gang go round old crony bank robbing maria not really interested avenging rachel sister motived fact gold jewelry hidden town couple scene quite make sense not interfere much ignored wondered film could use little tightening well made film failed find audience recognized disappointment lesbian film villain heroine one obviously straight others sexual orientation never star,positive,negative,0.6542165037122242,0.3457834962877758,0.6542165037122242,False,0.15421650371222417
mike judge idiocracy interesting film one fan undoubtedly track start review would preface saying get chance see definitely worth watching easiest film world track start premise luke wilson private joe bauers army librarian deemed absolutely no outstanding attribute glaring flaw making totally average every way along fact no living relative make standout candidate experimental cryogenics procedure also frozen joe prostitute named rita pimped project upgrayedd abusive pimp unfortunately day frozen top secret project abandoned forgotten wake find dumbing society following trend recent time everyone earth slightly intelligent chimp way everyman joe bauers talk seen faggy much someone speaking like shakespeare would ridiculed former professional wrestler president united state actually one probably outrageous really best show tv called ow ball admittedly sound pretty good not everything spelled wrong sign seem run space wording leaving bunched funny premise film problem aside initial premise not much movie truly funny mean idea come mind read premise film probably funny film obviously not terrible probably could winner script starbucks offering happy ending people placing blind faith universally misunderstood electrolyte far unless going laugh hysterically every time one idiot future slur profanity laden sentence little no logic intelligence laugh might pretty well unfair everyone comparing office space different film film regardless came idiocracy funny concept probably laughing lot opening minute rest give enjoyable enough raise middle road,positive,negative,0.636379940045112,0.36362005995488805,0.636379940045112,False,0.136379940045112
course going one would expect typical stupid flick really fairly well thought humorous moment given era made obvious exploitation aspect still one better b comedy watching movie see quite obviously inspiration many scene revenge nerd numerous film genre acting horrible way top exactly expect movie like lack way acting ability make camp value complete disregard anything amazing thing movie obviously money went film like made today style turn brain turn sense humor hour half enjoy flick dare anyone not find least something movie think funny not hilarious,positive,negative,0.5618242032487277,0.4381757967512723,0.5618242032487277,False,0.06182420324872773
cheer film fill subject matter gap world cinema watching trailer water lily expected like film thought stumbled something unique movie honestly portrays teen lesbian love sort female version beautiful thing main character young french woman year old marie slender reticent pretty tomboyish way floriane outgoing athletic beautiful anne loyal pudgy behaviorally immature erotic interrelationship marie floriane always simmering movie not surface water lily however not dawning lesbian love upon two teen sexual frustration suffering ennui teen working least two instance joyless mechanical sex also prof screenwriter mar creation become extra feature lord fly dvd director peter brook say french cynicism start arousal sex meaning french regard child angel regard adolescent adult pervasive cynicism part downfall film celine sciamma gulped mighty dose cynicism joy asked watching film yes first love painful frustrating also joyful triumphantly erotic fresh way positive aspect missing movie no movie want poignant celebration first love sciamma impressed cynicism cleverness ruin film first point showing plump girl nude know established tradition tasteful teen nudity european cinema evidenced film like slingshot rascal devil probably little thief murmur heart friend beau pere europa europa instance petty authorial intrusion see audience make film show unattractive person nude either no nudity evenly distributed nudity would honest way scene club floriane marie dancing follows next not floriane cynically manipulating marie sciamma cynically manipulating biggest betrayal authenticity organic honesty take place floriane warns marie request something not normal marie understandably asks care normal sciamma play false audience hurtling momentum movie floriane request phony derivative substitute question not authentic heartfelt question movie marie character viewer invested time deserve also two moment clank falsely viewer nerve since french people take bath wearing bathing suit turtle boot teen nationality would chomp apple core thrown garbage order get taste beloved mouth three main actress promising find better vehicle talent may become excellent actor louise blachere anne best actress term technique could successful career supporting role adele haenel floriane could become leading lady bombshell pauline acquart marie possesses intensity magnetism unmistakable future could play everything emotionally crippled librarian mysteriously sensual seductress reluctant politician riding meteoric rise water lily disappointing honest please make authentic movie two young woman falling love no not necessarily sake guy young lesbian girl something quality watch identify yes fill subject matter gap world cinema,negative,positive,0.3085063801494694,0.6914936198505306,0.6914936198505306,False,0.1914936198505306
no doubt rampling gorgeous classic beauty young manages appear simultaneously sophisticated poignant two male foil act well seen flic enjoyed view actor nature movie boring pretentious trying opposite,negative,positive,0.4058620832399462,0.5941379167600538,0.5941379167600538,False,0.09413791676005379
show echoed bubbling sound effect used put sleep soothing show think might slept part danger peril also heard set shot show sponge diver shot tarpon spring florida would assume lloyd bridge never dove remember show rerun although never exciting would make underwater episode lake grandmother house imagining echoed bubbling sound narrating adventure head thought flipper better undersea action course advantage natural environment,negative,positive,0.46243903636237615,0.5375609636376238,0.5375609636376238,False,0.037560963637623845
real challenge make movie baby devoured wild canine mother wrongly accused murder funny odds one succeeds meryl streep give performance life melodramatic overwrought comic genius keep laughing even mother struggle ultimate comedy infant eaten dog not cup tea might uncomfortable watching yes odd choice topic farce really little movie anything focus giving streep showcase aussie accent facial contortion throwing slam medium bias sensationalism disregard either truth ethic give movie chance make daring point thing bad,negative,positive,0.37233425988984115,0.6276657401101589,0.6276657401101589,False,0.12766574011015885
ordered one web back finally got around watching gross cheezy pretty dumb also lot fun mean fun watching movie like since city walking dead age ago like old theater could tell guy made movie liked horrible dubbed zombie movie one cliche trick film rolled one neat suppose like cheeze factor high gore flow laugh roll effect go sloppy good one guy get torn half one guy get heart shoved chest excellent acting go terrible actually pretty good not much plot lot lot gore one patterned zombie movie italy spain think linger gross scene forever like movie like troma movie cheezy stuff no wrong watching one nice way waste friday night,positive,negative,0.764195530321708,0.23580446967829205,0.764195530321708,False,0.26419553032170795
ok adaptation not good tv version actor generally alright found jeremy northam rather wet mr knightley particularly compared mark strong tv version gwyneth paltrow ok english accent pretty good preferred kate beckinsale emma excellent support performance toni collette juliet stephenson sophy script often played much laugh book comedy many gag also frank churchill subplot almost completely biggest criticism scenery far lush england never like look like chocolate box american would make like criticism enjoyed film would recommend tv adaptation,positive,negative,0.5329334562769819,0.46706654372301815,0.5329334562769819,False,0.032933456276981854
seeing movie imdb bottom simply rent suprise no regret seeing movie fact really enjoyed level camp movie put cult classic shame stupid yes jim wynorski prof stupid not necessarily bad laugh seems unintended actually meant funny wynorski genius hope directs next ninja turtle movie,positive,negative,0.7648927722962047,0.23510722770379527,0.7648927722962047,False,0.26489277229620467
clearly film made newer generation may may not inkling charles bukowski work autobiographical henry chinaski character bukowski story brilliantly portrayed perfection mickey rourke barfly also starring faye dunaway anyone seen factotum certainly see barfly get better look bukowski wrote character factotum lack greasy seediness bukowski screenplay fearless hopelessness loner hero inadvertent humor bubble dark desperation chinaski misadventure work dillon admirably overweight filthy rourke rourke character make pain pleasure previous night misbehavior yet another grueling ugly day life drunken misanthropic unknown writer dillon character miss mark favor strutting handsome relatively writer scarcely pass moment chinaski story dunaway sleazy heroine wanda perfect complement henry woman factotum ca hold candle dunaway distressed goddess use profane sexual subject matter factotum prof crude distraction tip hat bukowski raw unapologetic portrayal dysfunctional relationship stunned many exact scene used factotum marisa tomei buying stuff charging old man exact barfly want see best bukowski story film see barfly love dog hell also go title crazy love,negative,positive,0.22384098875104197,0.776159011248958,0.776159011248958,False,0.27615901124895803
never heard film first came must sunk immediately saw cable sick hospital hardly enough energy watch let alone turn channel better choice style channel filmed location travelogue travel channel plot recycled ship board farce thirty forty cast seems recycled fifty donald star musical edward mulhare card shark main cast walter matthau still playing part guy doll one orphan girl wiseacre irresponsible gambler rounder take man age jack lemmon play part straight hardly dip glide dancing mentioned dyan cannon outstandingly attractive another swindler sailing mother think walter rich think rich elaine stritch play dyan mother another retread fifty fun running feud brent spiner domineering snotty cruise director immediately spot walter poor dancer spends time trying get dismissed pay free passage end though receives comeuppance meanwhile jack mope meet attractive woman mutual attraction affair broken walter lie jack doctor actually retired department store buyer finally two men take sea rubber boat intercept seaplane well not seem principal player age fifty,negative,positive,0.48837416609072015,0.5116258339092798,0.5116258339092798,False,0.011625833909279848
triumph love proof not every author us disguised courtship like shakespeare worth seeing maybe something lost translation adaptation marivaux commedia dell playwright brittannica say nuanced feeling clever wordplay became known marivaudage mira sorvino fun dangling three romance pant role even cherubino marriage figaro editing annoying seems indicate lot take needed long fiona shaw fooled spinster well glimpse audience see closing curtain call wink artifice really help originally written,negative,positive,0.4588573666975482,0.5411426333024518,0.5411426333024518,False,0.041142633302451825
birthday small boy tell mother not son want go home real way comedy de feel like come different time perhaps certainly reminded losey secret ceremony richard loncraine full circle deal loss grief relationship parent lost child curiously film star mia farrow three film populated unsympathetic character behave strange unexplained way three film chilly feel emotionally literally three film focus relationship ultimately three film pose question real imagined beautiful flawed offer no easy answer leaf much hanging unexplained strange,negative,positive,0.3214786172121076,0.6785213827878924,0.6785213827878924,False,0.17852138278789242
david morse andre braugher talented actor trying hard support program unfortunately irrational plot poor writing making difficult hoping show get serious overhaul actor find new project worthy,positive,negative,0.8962145582119306,0.10378544178806932,0.8962145582119306,False,0.39621455821193063
film worth seeing since classic sense first full length film released process three demention not good acting story plot great movie quiz question historical standpoint seen process polarized lens,negative,positive,0.1475150354863245,0.8524849645136755,0.8524849645136755,False,0.3524849645136755
fact film dvd guarantee quality good fact film quality threadbare mean buy review actually applies film paired single plot film little consequence interest people collect holmes film anybody merely want better offering would well purchase made jeremy brett pinch basil rathbone good holmes film featuring good actor basis seven per cent solution private life sherlock holmes event film considerably less pair film featuring best actor holmes even result tend toward disappointing appears disc film although deadly necklace appears version disc sherlock holmes deadly necklace date although neither look nor sound seen may surprised learn produce hammer studio not hammer turned really schlock stuff christopher lee concerned usually better job print direct transfer rather worn copy white quality color suggests original may color snipped end film aspect suggest may originally film set early century not improbable since holmes still working actually die however script not adapted actual doyle story involves egyptian necklace professor moriarty show archaeologist well prince crime plot melodramatic biggest defect film whatever unfathomable reason hammer filmed germany nonetheless filmed english dubbed german english hear lee nor original actor bunch unknown not outside lee doubt anyone would know actor bad since lee see hound baskervilles make quite decent holmes voice double condescending plain bread pudding no raisin nor music film primarily jazzy possible attempt period bad nobody thought ragtime music relate happening screen often odds film sherlock holmes speckled band starring young raymond massey quality picture sound fully effort fact bit better massey make quite respectable holmes although certainly rôle way rathbone brett thespian take part production unlikely interest modern reader acting true many film period owes lot stage silent noted deadly necklace available dvd speckled band available former little else said film setting seem odd combination carriage electronic device primitive dictaphone taken altogether interesting curio sufficient inducement buy dvd pairing rather dvd deadly necklace,negative,positive,0.4692739921469079,0.5307260078530921,0.5307260078530921,False,0.030726007853092097
another cult strike spoiler real ending come research folk brought infomercial ramtha school need hide behind screen deceit walk away thank ramtha watched borrowed copy movie recommendation friend wasted precious resource lobotomizer would tragic hope truly believe walk water enough take guidance logical conclusion word walk drown shut movie deserves strong entertainment value especially creating dislikable character film history photographer roommate eeeeeek must see film borrow one brainwashed folk recommended,negative,positive,0.20170322230671345,0.7982967776932866,0.7982967776932866,False,0.29829677769328655
guess film magic need fluid seamless skip background information go fast place slow others etc magic film scene library many minor flaw stanley iris yet detract overall positive impact watching people help area life seem incomprehensible hardest fix character smart yet stanley ca understand enough function ca read ca read much adventure childhood iris although enough adventure ca understand move past life took fault strength character compliment may bit stretch accept iris would wind working year year factory stanley never hid illiteracy enough work construction job mystery explained course story unfolding seems somewhat contrived assume no one took time rethink script even good imagine de niro fonda plimpton would done screen someone,positive,negative,0.561425212960887,0.43857478703911296,0.561425212960887,False,0.06142521296088699
disgusted movie no graphic sex scene ruined image artemisia gentileschi movie not hold much truth art show one piece art work judith beheading holofernese show entered testimony rape trial not paint first judith year know understood movie probably not tassi not noble character raped artemisia not love rape not claim accept false charge rape stop suffering tortured according rape transcript continued claim never carnally knew artemisia aka sex state true encourage people go find real artemisia see really base knowledge fictional movie encourage research artemisia really interesting story behind amazing art see movie find true story artemisia,negative,positive,0.45645679722001686,0.5435432027799831,0.5435432027799831,False,0.04354320277998314
one funniest movie ever seen rented joke expecting get giggle first scene let say never laughed hard life first scene ninja randomly pop air start huge ridiculous fire fight one incredibly funny stupid action movie moment life not dinosaur movie movie make fun mean action genre see first two judging complexity plot think much missed wan na see movie go great six pack herbal remedy insist rent movie sit back watch year advancement cinema get thrown trash get shat carnosours,negative,positive,0.481128309520632,0.518871690479368,0.518871690479368,False,0.018871690479367986
dvd version consists episode parricide caesar juncture addition language spanish without subtitle hence hard review depth movie understand historic icon part difficult found newcomer leonor varela play fine also supportive tender soul mate thimothy dalton caesar perfect romance main thing first episode not really documentary nor peplum great love parricide new lover come flavor gone remember always first love found second episode dull tragic fate told production luxurious set big tastefully decorated moroccan live location exotic wardrobe splendid producer lot money sure spend nothing special effect poor blue screen ship sphinx would like much hear french english make definitive opinion two movie,negative,positive,0.2614451040227723,0.7385548959772277,0.7385548959772277,False,0.23855489597722768
earth happened rgv many thing wrong movie one need stop decide first worst music every scene accompanied pretentious background music telling mood quite pathetically might add secondly lighting really need dark scene wondering projector still working finally going indianise godfather godfather please realize lot u seen nayakan ripoff better done entertaining seen similarity company sarkar rgv ab tak brilliant two movie leave something desired people not impressed corrupt politician lot maybe rgv see maqbool good enough rgv,negative,positive,0.48508151166297053,0.5149184883370295,0.5149184883370295,False,0.014918488337029467
friend rented one night ago must say single best movie ever seen mean woah dude better get brew joint close dude linda not wearin bra poetry woah wonderfuly original movie mean usually find slasher film every single murder exactly mean exactly originality almost transition scene great psycho er scrub cool acting wonderful dad brilliant must studied real dad filming many movie find make sense not many one gem mean cool one guy waited outside like six hour pull prank friend inside really cool overall say single greatest film genre nay world,negative,positive,0.16486905034179367,0.8351309496582063,0.8351309496582063,False,0.33513094965820633
kissing bandit third final film frank sinatra kathryn grayson mgm first two anchor aweigh happened brooklyn sinatra wooed lost grayson guess third time romance maybe definitely not screen image sinatra forty film play nice little schnook time toreador pant poaching tyrone power territory laid mark zorro sinatra play son man hotel owner day kissing bandit night gone left california education come back ready take dad place hotel business learn hotel business course dad former gang member grown little old paunchy led carrol naish want lead gang frank not cut outlaw life make good impression governor daughter kathryn must sinatra mgm cast bad review got miracle bell frank part suitable red skelton since musical guess brain trust mgm figured kathryn grayson singing fact best number film love find also ricardo montalban ann miller cyd charisse dance specialty nice frank song nice nothing later year sinatra would wince mention kissing bandit good reason,negative,positive,0.2738802572200616,0.7261197427799384,0.7261197427799384,False,0.2261197427799384
despite overwhelming cult following sad documentary must admit cordially loathed film struck party far distressing exploitation piece usefully informative said seeing magnificent stage musical drawn one appreciate film might surer hand one suspect many u actively suffered film may campy delight crueler fan enjoyed destroyed uncomfortable suspicion many u know misstep two away deplorable plight two mad woman depicted live contribute squalor seem incapable controlling film leaf viewer desperately wondering person could slid level degradation unlike musical offer no cautionary clue explanation horror show unredeemed humor insight soul crushing flatness film make achievement stage version hopefully filmed ultimately cable remarkable act ii faithful almost every detail film discussion strangely setting sad inmate plight music raise human tragedy art even important act preceded fine act meet woman decent mutually enabled madness offered hint isolated purgatory came short everything film filmmaker credit successor excellent criterion dvd release includes bonus material partially redeem main film behind scene photograph interview commentary filling blank spot original editing consciously decided omit drive unadulterated horror depression ca make amateurish film satisfying least make bit comprehensible ultimately though remarkable stage piece inspired drawn book writer doug wright composer scott frankel lyricist michael korie raise rating original grey garden single generous star,negative,positive,0.2668330101186195,0.7331669898813805,0.7331669898813805,False,0.23316698988138052
one better series involves character development really tensionate moment reasonable episode script one commentator said looked mini series not full blown series filler episode low problem show short godzilla series started big incredible monster fantastic science boiled local american stuff show ended soon since olympics coming hey show show half naked athletic people running around aimlessly much important episode instead expected audience small people really caught end suit trust marketing plan destroy anything look remotely original show good special effect stuff like huge monster killing people destroying boat going genetic engineering transforming people human clone end world tsunami also filler scene aggressive redneck annoying people killed stupidity episode prepare something huge show end no real ending no closure bitter taste cloth one mouth swallowed piece suit,positive,negative,0.5769525160658459,0.42304748393415414,0.5769525160658459,False,0.07695251606584586
despite huge fan fred astaire ginger rogers movie year ago first saw follow fleet knew song old record yes vinyl knew nothing song catchy ginger rogers character sweet funny ca like bake baker trying make longtime partner continually sabotage career character usual humour elan film astaire watching song great solo tap routine ginger rogers,negative,positive,0.4171020239562049,0.5828979760437951,0.5828979760437951,False,0.08289797604379512
first saw movie titled terror train back half double feature glenn ford armament expert called defuse hidden bomb train loaded high explosive tension slow steady black white film run hour twelve minute year later tv tension drama lost impact still good movie far early standard ford anne vernon maurice denham played victor maddern,negative,positive,0.32511328188500743,0.6748867181149926,0.6748867181149926,False,0.17488671811499257
missed full four hour version originally released theater played one week settle seeing shorter two half hour version year later left stunned saw left theater thinking witnessed masterpiece wondering full version full version mostly good sequence incredibly dull whole movie pulled almost sink beneath problem entirely editing labeled final word excess time thing go nothing happens shot people city go much long no purpose narrative get beautiful vista vision beauty bring tear eye used frequently place holder instead punctuation set place much longer version seems screen simply looked attempted actually sit watch heaven gate resorting fast forward button somewhere along way find ca stand wish mgm would take pity u release shorter version dvd well huge dinosaur perhaps two pack could see better version whether cimino mad not include rumored johnson county war edit ran minute supposedly united artist tinkered cut hope getting money back whether ever done still exists air would interesting see,positive,negative,0.7285762751686518,0.2714237248313483,0.7285762751686518,False,0.22857627516865175
one movie erotic without pornographic despite rudimentary plot not much live sound dialogue instead actor describing experience participated totally understand nobody else ever tried something like already something like nb producer right distribute dvd version also never seen sold anywhere one may email boerner order copy vhs,positive,negative,0.5627355444232471,0.43726445557675286,0.5627355444232471,False,0.06273554442324714
finally watched episode continually go back verify actually produced absolutely scary made spot fun would future either parker stone lived texas witnessed idiocy gov bush weird eerie people pay attention thing boo scary bush frat bros invading white house dressed arab wielding rifle bush accidentally executing someone no wait sort gov may seemed failure sitcom time must considered brilliant spooky prescience,positive,negative,0.5694539708809023,0.43054602911909773,0.5694539708809023,False,0.06945397088090233
generally love charlie chan type movie no exception however something seems bad movie late attempt switch cerebral moto movie centered around plot contrivance salad bar spoilt comedy relief relieving sore foot typecast buffoon appears nowhere impersonating clumsy englishman play detective even character seem entangled providing comedy relief plot may seem odd bare excuse u today back possibility epochal archaeological discovery not real commonplace occurrence,positive,negative,0.8498394744481593,0.1501605255518407,0.8498394744481593,False,0.3498394744481593
wwe last ppv proved hit fan one reason ladder match scheduled paul london brian kendrick william regal dave taylor recent crap ppv december dismember wwe knew something get fan talking proved useful introduced mnm hardy boyz mix announced match going ladder match brutal one best ladder match ever seen joey mercury face total mess johnny nitro even check partner carried like nothing happened taylor regal nothing match except hit people ladder shot end london kendrick retained show kane defeated mvp decent inferno match set mvp stupid costume fire chris benoit downed chavo guerrero decent match gregory helm defeated jimmy wang yang retain wwe cruiserweight title solid main event total mess king booker teamed finlay take john cena batista action shoddy no one cared batista picked result kane defeated mvp inferno london brian kendrick retained wwe tag team title hardy boyz mnm david taylor william regal ladder benoit defeated chavo guerrero retain u title decent helm defeated jimmy wang yang retain cruiserweight boogeyman beat miz terrible undertaker defeated mr kennedy last ride cena batista defeated king booker finlay abysmal grade b,positive,negative,0.6343961674257603,0.3656038325742396,0.6343961674257603,False,0.13439616742576033
scary place though effect leave something desired unless bad eyesight afraid dark however acting convincing effect well done thought creature looked bit much like man gorilla suit liking reminded original pink panther film,positive,negative,0.6973382750915144,0.30266172490848564,0.6973382750915144,False,0.19733827509151436
two sorcerer battle fourth dimension one brian thompson kabal trying destroy earth jeffrey comb anton mordrid trying save doctor mordrid enjoyable fantasy fare offer plenty plot pretty silly gore completely absent film short enough time kill give one,positive,negative,0.6964759051493532,0.3035240948506468,0.6964759051493532,False,0.1964759051493532
group teen decide take slumber party abandoned school year prior horrible massacre took place unfortunately person responsible slaughter still lurks hall derelict school not happy film not like modern teen slasher seen much darker much suspenseful no murderer liked reason not great acting average writing pretty bad quite full clichés containing randomly reference american horror film even make sense like seen scream girl asks yes nothing walking door old school no way relates film hey slasher flick part fun also underutilization character heavily exhibited film six main character not including security guard honest three four really used two character token black guy girl important enough get label barely spoke estimate five six line total also girl one formed well enough differentiate one another could replaced girl one another repeatedly throughout film would noticed difference pacing however work well horror begin right start rarely cease atmosphere utilized well direction reveals truly chilling moment although overall appearance bit due assume camera equipment operation ending though liked idea going fairly poorly done felt rushed without explanation enough make effective amount time spent running around looking nothing could spent little bit time conclusion make sure feel like random event thrown no good reason flaw many modern horror film afflicted however ignoring irksome issue trying focus first film rather ending actually rather good modern slasher checked especially fan spanish atmospheric slasher element good bit blood gore realistically done not bucket violence extremely well done not excess pretty brutal little bit hottest girl cool killer well security guard hardly considered cool guy pretty wicked creepy smile suspense tense well done also extremely creepy moment fused jump scare spooky mystery none awkward dance scene course couple guy female classic quote film one trophy final verdict may stretching fan session might want check simply similar tone,positive,negative,0.5274673887064202,0.4725326112935798,0.5274673887064202,False,0.02746738870642018
saw movie first came patty want separated sibling however juvenile justice system care patty looked case file judge sent juvenile detention facility claimed violated rule privacy looking private file wanted family together could blame parent not even fit parent one smaller child restroom father stopped let drove left child stranded service station patty take authority protect since oldest placed foster home good part social worker got back family head social worker kept telling butt not interfere power crazy one patty placed juvenile facility go father released prison abandonment yet child caught middle made feel insecure,positive,negative,0.5217159996405152,0.47828400035948476,0.5217159996405152,False,0.021715999640515182
like many tv show certain thrust limelight case miranda cosgrove built reputation previous especially nickelodeon dan schneider star show get sing soundtrack not write thus get even fame wonderful creates much imbalance popularity v especially nathan kress continually thrust minor roll episode except idont want fight cosgrove music would never met chart without show singing main theme song not written cover stay baby let not forget lip song live create vocalist nowadays back show cosgrove reveals physically acting scene bikini hawaiian hula type bra mentioned bra many time bra seen many case though not actress wedgie mentioned panty mentioned og let u not forget oh god come phrase christian granted show not meant kid surprised multitude mention female undergarment especially first episode phrase pointy boob mentioned not sure whether kid would thus refrain saying school afterwards not mentioning showing female undergarment girl wear show nickelodeon people charge realised kid would get exposure stuff doubt nickelodeon show content mentioned review laughter track extremely annoying unnecessary many part example character sam cry earth time laugh distracts people getting joke used almost every mentioned cosgrove made star show thus gain utmost fame support die hard fan even scolded hotel staff told keep noise level see http jennette mccurdy second star show face competition cosgrove music industry compare popularity new single v cosgrove cover noted third nathan kress least noted lot portrayed atypical boy suffers brunt bullying girl boy somehow wizard technology height early episode make cute actor unusual given character crush beyond kress breaking music industry cosgrove fame grows episode kress fall behind would bet least paid three content show course fictional also let one wonder fit comedy series certain time thus laughter track used also contains several continuity error father air force colonel submarine u special force branch air force use u submarine seal unique feature allowing viewer submit video shown episode video somehow not meet theme show riddled mention female undergarment exposure skin used laughter track series thrust teen actress far crowd excessive supported fan leaving co star behind,negative,positive,0.49855764050065265,0.5014423594993473,0.5014423594993473,False,0.0014423594993473454
except appearance talented austin power impersonator richard halpern pic run mill movie spoof dated movie reference not help audience may come across endeavor future watch groovy austin power hot tub hoot special effect overcome appearance numerous starlet skimpy outfit least keep one entertained thrill money would rent dvd classic spoof airplane lobster man mar,negative,positive,0.48806273963997127,0.5119372603600287,0.5119372603600287,False,0.011937260360028734
rocked moved away traditional diva whitney houston celine dion etc made show stale sadly move backfired show no mc keeping show together queen latifah fantastic show diva show kicked horrific rendition lady marmalade featuring patti labelle cyndi lauper jessica simpson okay studio control sound great however competing sound torturous jessica simpson bizarre facial expression sings ever witnessed cyndi lauper also performed girl wan na fun bad hardly impressive worst yet come cyndi patti labelle teamed perform cyndi hit time time acoustic fit rest show still could okay insisted squealing like mamed animal harry blondie always cool style although maybe ca compete vocally many diva although certainly sing well debbie came performed blondie hit rapture lovely vocal really hit note perfectly looked stunning rapper eve provided new sadly inferior rap good debbie next performance newcomer joss stone performed blondie hit one way another think joss misunderstood style song shouted debbie rather sad bit debbie tried failed match shouty style spoiled bit let joss get totally inappropriate warballing whole blondie performed track final track debbie performed blondie massive hit call pretty poor not debbie fault could hear sound atrocious way stone also performed song quite well done ashanti also showed perform two inexplicable cover version firstly diana ross coming chaka khan ai nobody not diva sing extent no presence whatsoever not get real singer chaka even interviewed show gladys knight showed medley good probably best bit show know much seasoned performer la vega experience class really shone patti labelle fitted another performance time hit new attitude finale okay little late one big dud better luck next time version saw heavily edited version shown uk best bit,negative,positive,0.38794086867860056,0.6120591313213994,0.6120591313213994,False,0.11205913132139944
ashley judd early role think first starring role show rebellious nature feminist soap opera wow vehicle political correctness extreme liberalism staunch feminist real life must cherished script no wonder left wing critic roger ebert loved movie right political alley reviewer glad judd elevated moronic fluff better role movie entertained not preached liberal agenda,negative,positive,0.4835506834426154,0.5164493165573846,0.5164493165573846,False,0.016449316557384575
ugh embarrassing episode last night either failed script abc afterschool special product earnest rookie writer college making homage classic pc homily gun fact hubby disappointed closing shot gun melted like movie no not nra shill producer intelligent nuanced series get head subjected didactic dramatization personal cause appreciate lecture least delivered via geez ok sociology lesson message delivered important episode aired let get back entertaining episode try respect intelligence,positive,negative,0.6858359664764266,0.31416403352357336,0.6858359664764266,False,0.18583596647642664
wicked little thing really separate zombie zombie movie exactly starting biting tearing flesh apart bare kill either pickax shovel eat ca zombie movie shoot zombie head kill simply wo biggest reason movie separate zombie die exactly become zombie working coal mine suddenly killed wander forest carrying pickax shovel waiting someone come kill eat also come make movie even fun would came violent gory mayhem movie wicked little thing great choice looking movie zombie expect anything great like dawn dead land dead expect lot gore violence make movie real zombie fan give scout rob zombie halloween big hand delivering great performance like one really need start starring horror movie,positive,negative,0.57796554179921,0.42203445820078994,0.57796554179921,False,0.07796554179921
sum story sentence teenage girl amy us hot body supposed virginity entice young troubled guy matt potential football scholarship provide full ride town come find quite reputation slept many football player past hoping would offer deal kid come troubled dysfunctional home matt mother alcoholic repeatedly embarrasses front friend amy mother bad reputation got pregnant amy young age matt fall love amy try straighten life predictable ending actress play amy actually year old trying play teenager,positive,negative,0.7737810121967519,0.22621898780324806,0.7737810121967519,False,0.2737810121967519
lady gentleman sad glad disgusting forensic count anathematize luck csi crime scene investigation csi miami csi ny ncis crossing jordan da vinci inquest even cosby mystery already enough late till late got almost sick series genius criminologist partner team go solve crime scrutiny autopsy nauseating mission sure lot lot repellent scene see clearly accurately awfully horrific shot history god great day good cop detective era columbo kojak magnum simon simon good old era like six million dollar man bionic woman knight rider oh boy got also hot sexy cover love boat baywatch even flop thunder unforgettable original good real good thought action woman till x file came beginning misfortune exact catastrophe x file undoubtedly one greatest slight disadvantage agent dana scully medical doctor fbi agent every episode autopsy course lap series succeed became part living room producer loved physical terror exciting hunt truth therefore tried repeat another not far classification forensic became ugly full deformation cruddy like bone plus unsexy present emily deschanel bleeder david boreanaz much better angel corps extent every time watched found self screaming aaaahhhhhh terrible gross cancel please canceled real good show lone gunman man called hawk bad one please little mercy enough drop dead nausea monotony,negative,positive,0.47785934734496716,0.5221406526550328,0.5221406526550328,False,0.022140652655032844
hard time sitting film unless really like hear people endlessly talking sexual exploit ca see could enjoy film geez main character behaved like rutting weasel bragging many infidelity grew tiresome element appreciated disgusting scene one character urinating blood splattering everywhere picked std surprise want good film watch sequel barbarian invasion despite general unlikable nature many character sequel involving realistic well worth time,negative,positive,0.4415716601329084,0.5584283398670916,0.5584283398670916,False,0.05842833986709162
kureishi exactly blessed movie justify quality writing recent adapted travesty like intimacy ruined great writing mother surpasses previous incarnation eclipsing even beautiful laundrette woman overcomes carnal relationship boyfriend daughter fact believe credit quality acting finite gift writing daniel craig strutting brash gruff denies audience ever question young stud would contemplate bedding sagging grandmother beautifully shot film fails weak depiction peripheral character study inconceivable lust winner,positive,negative,0.6320020720756634,0.3679979279243366,0.6320020720756634,False,0.1320020720756634
really good music performance kid creole coconut james white black dna tuxedo moon plastic melle mel vincent gallo lydia lunch etc aside much dialog especially narration saul williams actually pretty good performance pretty bland outright bad no matter many hipster thrown debbie harry jean micheal basquit latter leading role still enough cultural cred keep film novelty item go jack kerouac style roving spontaneity insight keep moving along band performance come guess pretty balanced regard great music bad acting enjoy expected though fairy tale ending,negative,positive,0.4059156360671129,0.5940843639328871,0.5940843639328871,False,0.0940843639328871
simply classic film human voice coming animal really thought know whether video copy scene missing never show dog got pit also show animal survival instinct tracking human position ant helicopter would original film improved remake first removed use animal work film kind using people would spice story turning murder proving animal interesting people,positive,negative,0.5061867722519373,0.4938132277480627,0.5061867722519373,False,0.006186772251937311
soon hit screen destroys intelligent life form around behalf producer must say fall known movie category deserves brand new denomination neurological drama saddens depresses every single neuron inside person closest thing one ever get stroke without actually suffering one drive speechless member go numb mouth fall open remains strange symptom get wishing go blind small feat sort movie word come mind finished ordeal outrage,negative,positive,0.3160015056907698,0.6839984943092302,0.6839984943092302,False,0.1839984943092302
better adaptation book one paltrow although liked one much beckinsale better good screenplay better davy master adapting austen filming production value good not quite glossy hollywood treatment close thought location costume actually worked better,positive,negative,0.5911605132133854,0.40883948678661464,0.5911605132133854,False,0.09116051321338536
romantic drama director martin ritt unbelievable come yet moment pleasure due mostly charisma star jane fonda robert de niro terrific widow ca move illiterate probably guess rest adaptation pat barker novel union street better title verge bland film editing mess still pleasant fantasy no overture serious issue even illiteracy angle ensuing love story no real firework though character intentionally bit colorless lead toned interesting degree finale pure fluff cynic find difficult swallow though two character deserve happy ending picture would really satisfying way,positive,negative,0.7145474171852425,0.2854525828147575,0.7145474171852425,False,0.2145474171852425
tv guide call movie mystery mystery possible culture produce intricate complex classical music brilliant mathematician not produce single film would rise despicable trash level film perfectly represents bollywood honestly not tell difference nauseatingly sweet kitschy clichés every level situation dialog music choreography put bluntly must retard enjoy watched satisfy cultural curiosity time walk away could not take redeeming quality movie exquisite beauty leading actress,negative,positive,0.4861455341216313,0.5138544658783687,0.5138544658783687,False,0.013854465878368694
brilliant australian comic genius barry humphries rare failure uneven occasionally distasteful comedy snatched back release day drunken lecherous australian diplomat sir le patterson accidentally set arab potentate fire un posted tiny country punishment arriving palace coup put new leader american soap star thaao penghlis throne sir le reluctant help dame edna everage played humphries almost accidentally foil scheme new leader release deadly disgusting virus western world joan river cameo female president united state desk plate reading president river extreme bad taste mingles slapstick humphries usual scathing satire film enjoyable many funny part taken together whole dame edna tv fan may puzzled presence different madge allsop sadly one lack emily perry wonderful drab comedy magic role film written humphries third wife diane millstead directed mad max man george miller humphries fan like essential others beware,negative,positive,0.16856800333641164,0.8314319966635884,0.8314319966635884,False,0.33143199666358836
time change awakening people social upheaval unrest commonplace people view racial tension politics vietnam war sexual promiscuity drug use part daily fabric daily news film attempted encapsulate historical aspect entertaining movie largely film two family followed one white one black first half film story follows family equal basis social family struggle unfortunately second half movie nearly dedicated white family admittedly character family story line intermingled equal consideration not given racial aspect whole acting well done historical footage mixed color black white original footage give documentary feel movie movie work fiction clip historical figure used set enjoyed movie situation predictable storyline,negative,positive,0.40407566237172865,0.5959243376282714,0.5959243376282714,False,0.09592433762827135
fred astaire reteamed rita hayworth one year big hit columbia never get rich movie put hayworth hollywood map yet performance wan romantic musical hardly give suggestion suddenly popular buenos aire way tyrannical hotel owner demand four daughter marry order age one may think film take place century no astaire go back dancing earn money getting mixed impersonating admirer hayworth society beauty fred gaze rita brotherly smile song like doll romantic spark quickly sputter dance together quite comfortably however jerome kern score unmemorable not bad,negative,positive,0.20703111254625717,0.7929688874537428,0.7929688874537428,False,0.29296888745374283
movie major bait switch rented rebecca james popular christian singer met wondered would ufo movie well think starred movie help friend friend friend first clue movie supposed witnessed special effect ufo encounter cheesy movie progressed noticed plastic actor funny almost everyone movie wore solid color exception verrryyy disappointing always found house show realistic facial expression one whose husband return fold ever leave house turn movie several time order finish hope rebecca believe message movie believe believe suffer go hell jesus spread message love hope message inspired others change love not fear,negative,positive,0.3863628025974216,0.6136371974025784,0.6136371974025784,False,0.11363719740257838
predictable parody failed impress throughout looooooong eight minute thing made worthwhile not colorize line end credit shame something entertaining put dvd like jonathan ross enjoyable profile romero incredible strange film show,negative,positive,0.4341171975442154,0.5658828024557846,0.5658828024557846,False,0.0658828024557846
clearly hilarious anger see poor rating given piece comic geniusplease look funny ridiculous enjoyable film laugh christ sake,positive,negative,0.5549053728929021,0.4450946271070979,0.5549053728929021,False,0.05490537289290209
look great see three version two vhs one dvd terribly cropped badly look building conversation film suffer badly pan scan one director robert parrish seems enamored widescreen process tended use side screen neglecting middle another user comment see entire inhabitant church massacred beginning not copy abrupt cut peasant firing rifle one mexican officer shot shaw landau celebrating never find shaw become priest really never find happens carlos savalas although suspect called home star kojak departure seems arbitrary strange flashback sequence michael craig mysterious island dancing around bowler hat bad suit great old english music hall tradition hit battle new orleans not sung johnny horton lyric never heard plus side location great huge old ruined fortress stair leading nowhere nice robert shaw good performance stevens landau lettieri telly savalas telly savalas really like film exactly seen seek widescreen version make decision,negative,positive,0.44939889847974557,0.5506011015202544,0.5506011015202544,False,0.05060110152025443
finished watching film honestly say work art surprised see overall rating guy bring together b list ish movie cast make glorious character given u movie fantastically diverse story line much left many people wanting movie plot understood handed plate yet film get poor review far film special get,positive,negative,0.5480953569306123,0.4519046430693877,0.5480953569306123,False,0.04809535693061229
film totally garbage imbecilic intellectual comforting making best claim superiority aristocrat working class nothing piece catharsis kind movie set u sure make big joke simply come side make masterpiece wonderful amusement certain western george maybe typical sequela kind joke would say like expressed film soviet intellectual thinking year maybe deserve misery claim gone no cause like many others read watched real masterpiece made real outstanding soviet intellectual example something also relevant dog white bim black ear gavriil troyepolsky book stanislav rostotsky movie real masterpiece real life real tragedy real sad real pride dignity one real best soviet era,negative,positive,0.4376320721874415,0.5623679278125585,0.5623679278125585,False,0.06236792781255851
brento wonder movie produced produced dragonball z tv series course hong kong real action movie based first episode japanese original cartoon also based comic book series really know produced license dragonball creator however story special power ancient tale known asia japan name boy tale songoku china sunwukong korea sonogong etc story dragonball much way said movie based first episode dragonball series followed dragonball z although think u version different airing order scene related sexuality also contained original cartoon series without much overacting much insistence comment may suppose completely removed american agree overacting film poor adaptation original cartoon maybe nobody forget watching,negative,positive,0.4292588829172119,0.5707411170827881,0.5707411170827881,False,0.07074111708278807
john carolyn private writer put together could really liked portia de rossi carolyn jacqueline bisset voice grated nerve used regular voice would preferred whole movie focus john carolyn instead rehashing stuff already know john,positive,negative,0.647961167407078,0.35203883259292207,0.647961167407078,False,0.147961167407078
sitting watching film tango cash led discussion great late movie ridiculous tunrer hooch connection came never seen still value life never joshua quote movie year wow wow utterly astonished movie exists much fact joshua like move disturbs core think joshua one interesting guy,negative,positive,0.4457251546236355,0.5542748453763645,0.5542748453763645,False,0.05427484537636451
one not greatest film time every thing movie great acting film true quality master p acting skill make actually believe italian cinematography excellent probably best ever movie great brain capacity earth worm,negative,positive,0.07061321443448076,0.9293867855655192,0.9293867855655192,False,0.42938678556551924
small bavarian village beset string mysterious death local magistrate demand answer sic attack police detective refuse believe nonsense vampire returning village local doctor treating victim begin suspect truth crime according dvd sleeve inappropriately titled dramatically unsatisfying vampire film second tier easily film lackluster star stoic lionel atwill otto von niemann skeptical melvyn douglas karl brettschneider pretty fay wray ruth bertin much enjoyable supporting cast includes dwight frye herman hypochondriac maude eburne aunt gussie schnappmann suspicious george stone kringen frye eburne stone outperform admirably another movie ending mad rush bathroom magnesium sulfate epsom salt laxative vampire bat frank strayer dwight frye melvyn douglas maude eburne,negative,positive,0.3270912066303121,0.6729087933696879,0.6729087933696879,False,0.1729087933696879
roy rogers roy sidekick raymond hatton rusty join teddy roosevelt rough rider soon get suspended order killer partner eddie acuff tommy along border discover creepy gold runner process notice even suspended rogers able get rough rider join not one better roy rogers western fighting scene look like choreographed dance rogers ridin trail one two relatively ordinary song moment overall rough rider joseph kane roy rogers raymond hatton lynne robert,negative,positive,0.4534373558095375,0.5465626441904625,0.5465626441904625,False,0.04656264419046252
never ending frenzy clever visual irony not necessarily create engaging film blonde wig half movie never took perhaps due much maker wong faye half featuring playful karen carpenter looking faye wong hold much appeal ingredient however story element take back seat artsy cleverness character development uneven emotion missing music lover wong faye mung jung yun cantonese version cranberry smash hit dream used effectively chungking express faye wong also recorded mandarin language version called zhen tuo cd although mung jung yun found official movie soundtrack cd,negative,positive,0.4815012836544629,0.5184987163455371,0.5184987163455371,False,0.018498716345537125
preston water bad summer besides birthday coming nothing else look share room brother going run business ca room enough space birthday party get token others get even one birthday card come early get check made bank learns need least start account leaving bank bully steal check pursuing kid nearly get run definately bike get ruined criminal named quigley played miguel ferrer quigley come bank giving owner give guy tomorrow quigley start write check damage succeeds writing name police car circle area afraid give preston check informs give dad finish evening though preston tell dad want new bike want room back better yet house father confines room rest evening moping room preston figure thing ca get worse realizes forgot check still shirt pocket computer careful consideration make next day trying cash bank taken owner think person supposed give not though real person named juice come moment three track preston preston fun buying sort stuff including house even going date disguised bank lady really fbi agent trying track bad guy make person named macintosh work even plan party eventually thing catch money run bad guy get pretty funny flick miguel ferrer play role good enjoyed another stakeout love sort wicked crazy ducommun stressed bos ghost machine play wonderful friendly chauffeur movie,positive,negative,0.524832148996639,0.475167851003361,0.524832148996639,False,0.024832148996638992
unusually actioner played cast filmed director obviously took material seriously imperfect expected film clearly shot tight budget drama involving one film get repeated ad nauseum cinemax max whatever call end watching minute block supposed going work along deathstalker chopping mall assault reminder wynorski much talented director many fellow brethern real ability pace genre film actually interested material bother watching shannon tweed flick title actor little recently mancuso ford even gary sandy chrissakes really put best role year grieco right look although acting bit clear character supposed throughout film grieco quite convey checked imdb see writer also wrote sorority house massacre dinosaur island director minor classic right obviously silly roger cinema one like better jonathan demme jonathan kaplan giving exploitation element offering involving drama time real step forward not citizen kane comic final moment bit disruptive actioner small achievement like not overlooked come along rare enough reminded tried sit albert pyun monstrosity called heatseeker night stuff easy look another story,positive,negative,0.5544605968179064,0.44553940318209356,0.5544605968179064,False,0.05446059681790638
would give show ten ten not fart joke people damn sensitive inane quick point racism show joke yet also quick say ridiculously sexist crap like well duh show joke much better least hot woman disgusting abortion joke great really take abortion seriously anyways least not bore son hear reba mcentire sarah silverman teaming movie sister taking road trip together talk movie year,positive,negative,0.6414538084083841,0.3585461915916159,0.6414538084083841,False,0.14145380840838406
obsession signifie signifiant not enough make good film pascal bonitzer remained memory brilliant film theorist back not necessary take camera result quite frustrating pity excellent leading actor,negative,positive,0.3519332366349691,0.6480667633650309,0.6480667633650309,False,0.14806676336503088
number goof episode higher first follow rule spirit destruction body make spirit dissolve one dropped second body body dean drop foot sam right sam flashlight go unlighted asylum night still see everything night light streaming window ghost died making cell phone call come no way sam could get psychiatrist see day make appointment doctor talk sam like first visit sam dean knew body asylum innocent spirit still lurking anything help seem like thing winchester boy would oh crawling around dirt filled mattress around nasty asylum girl makeup hair perfect not smudge white shirt implementation episode problem premise good time not creeped nervous dean sat reading elicots journal knew object intensely personal ghost would draw person violating sanctity elicot appear maybe fault important object place like elicot office draw spirit living touch enters separate want scream die always stay together watch others back listen elicot spirit special ability nice touch show wish horror elicot strapping one victim using anticipation torture creep u lighting goof gave sudden darkness flickering whole scene lighting flashlight flicker terrifying lighter coming flashlight reviving instantly spirit face shocking understand director want u see scene make mention obvious connection elicot touching electric socket light coming character respond fact asylum no power suddenly light one room blue white light flickering electric arc like elicot finger power seriously mcg could done better,negative,positive,0.4830792700023301,0.5169207299976699,0.5169207299976699,False,0.016920729997669914
sean know think absolutely greatest actor world ca commend comedy strong fault stuff hard understand alfred lynch decent job got ta wonder line came sean apologize,negative,positive,0.403962483988632,0.596037516011368,0.596037516011368,False,0.09603751601136801
although lead actress strikingly beautiful plot stand little chance acceptance many distracting detail face audience unfolding may believe school girl easily gave away virginity without thought marriage barely know doubt may believe young high school teen highly interact elder complex social situation experience often not teenager feel awkward act clumsy experiment adult may believe experienced medical doctor would not know pungent oder stroptomycin smelly fermenting byproduct busy earth microbe not detect lifeless bland powder fake think may believe troublemaker enter hang around inside public school rec hall school social make trouble think school social traditionally protected environment parent chaparones school staff would around prevent final nit throughout hey babu riba five teenage friend referred foursome probably explanation five foursome never detailed reference distracts movie not ring true,negative,positive,0.41024864647634385,0.5897513535236562,0.5897513535236562,False,0.08975135352365615
depressing film ever seen first saw child even thinking really upset know set time life hard know people poor crop vital yes get find hard take ca remember one single light moment entire film maybe true life know quite sure acting top notch direction quality filming etc etc wonderful know every film ca happy ending family film dire would recommend anyone want entertained film ca stress enough film affected child talking recently sad memory came flooding back think would heartless reaching prozac,negative,positive,0.3005330445364489,0.6994669554635511,0.6994669554635511,False,0.1994669554635511
okay film made much later history cinema would particularly worthwhile however film infancy almost rather dull no real story tell instead showing normal everyday folk everyday activity seen today almost hopelessly dull short often less one minute long light short clip movie pretty swell stuff might make laugh two guy miller chimney sweep bump falling throwing flour coal dust tussle film know,positive,negative,0.6978071093675405,0.30219289063245947,0.6978071093675405,False,0.19780710936754053
ca believe missed one made budget would probably allow make one indifferent episode tv soap minute sustained sharp knife film making find outline plot etc elsewhere though whole thing shot using single camera dialogue improvised none actor appeared front camera sound like recipe disaster instead get hippy v cop running around california desert evolves not fair person problem director keep making shift allegiance end minute still not sure one brilliant quite brilliant,positive,negative,0.8981608388141132,0.10183916118588678,0.8981608388141132,False,0.39816083881411324
algiers not classic perversion wonderful original pepe le moko directed duvivier starring much attractive charming pepe jean gabin want fully experience casbah character algiers recommend even watch movie see pepe le moko instead much elaborate beautifully filmed line not clichéd character adhere much reality furthermore ending dramatic key pepe character find algiers version intolerable although algiers almost excellent job mimicking scene acting fall short credibility character plus wardrobe truly scene particularly pepe last scene gaby time also boat frankly algiers cheap far imitation go,negative,positive,0.44510526704790254,0.5548947329520975,0.5548947329520975,False,0.05489473295209746
quite fan michael chabon novel wonder boy became fantastic movie curtis hanson masterful novel amazing adventure kavalier clay pulitzer prize year back hand script spider man arguably greatest comic book movie rawson marshall thurber also directed wonderful comedic piece dodgeball genius short film series terry tate office linebacker cast including peter saarsgard sienna miller nick nolte mena suvari seems like foster star art bechstein son mobster nolte recently graduated degree economics jon state arrested development work minimum wage job book barn vapid relationship phlox suvari amount little copious amount sex no plan chip away career zero night party introduces jon jane miller beautiful smart violinist later night go pie asks jon question begin shake catatonic state existence want tell something never told single soul make night indelible jon tell reoccurring dream wanders town looking face stranger passing yet none look eye imagine must death feel like next day jane wild boyfriend cleveland saarsgard kidnaps jon work take hulking abandoned steel mill soon jon cleveland jane spending every waking moment together going punk rock concert drug drinking lot alcohol sit well phlox push jon personal relationship namely letting meet new friend father film attempt take u jon journey shake shackle imposed father phlox job find freedom expression relationship cleveland problem u follow jon throughout film completely uninteresting no ambition passion goal walk life like invisible wraith described jane night met outset problem never get interesting completely passive character simply follows along bohemian cleveland jane never give u inkling care want film supporting character nowhere go little party sex get argument word much ado nothing shallow skin good movie without anything inside sweeping cinematography ponderous character staring distance lot sex scene straight gay big argument angry sex chase scene tragic death seem matter ironically one point jane confused number jon aimless action asks going jon yes jon tell audience dying know title mystery pittsburgh must refer character facade actual people film never let u never know make tick see lot thing know absence one worst thing movie,negative,positive,0.36217036670386515,0.6378296332961348,0.6378296332961348,False,0.13782963329613485
judging film strong man made year would not place harry langdon top list great silent screen comedian simply not enough perhaps way developing style sabotaged taking first big success seriously event trick reminiscent greater funny men lack acrobatic skill keaton prodigious ingenuity lloyd also undermines persona dressing walking like chaplin tramp character trademark childlike innocence timidity approach tendency calamity looking perplexed batting eye touching pursed lip tip forefinger comedy langdon film result fate throwing various obstacle path try overcome wimpy naïve way minimum physicality throwing rock approaching tornado drive away propping collapsing building dodging boulder lifting leg roll story son shoemaker join walking race publicize rival company footwear manages win sheer luck nothing done far better big three,negative,positive,0.4117460790935271,0.5882539209064729,0.5882539209064729,False,0.08825392090647288
cinderella story made adult live dreamland romance unrealistic fluttery lovey dovey perfect etc cinderella plot till end shahid kapoor reason star looking dreamy romance twist definitely movie rest u real world people highly recommend saving three hour watch time wake people four five people saw film would not recommend film great time bashing majority unrealistic scene maybe missing something ca believe movie like beat classic like hddcs,negative,positive,0.3442046515619781,0.6557953484380219,0.6557953484380219,False,0.1557953484380219
something sing produced grand national studio james cagney working contract dispute brother warner two film b studio neither rank high cagney great loss cinema fact jimmy cagney film utilized terrific dancing ability two come mind immediately yankee doodle dandy footlight parade two lesser film west point story never steal anything small cagney said never used watch anything musical retirement make well one wrong plot something sing concern hoofer front band discovered given movie contract usual complication conniving studio bos conniving press agent played respectively well gene lockhart william frawley contract call marriage clause cagney band girl singer lady evelyn daw marry secret get complication publicity driven studio romance screen leading lady mona barrie think figure disappointing thing something sing lack dance number cagney dance briefly beginning end film nothing middle evelyn daw nice singing voice charisma ham sandwich got musical number sure public paying ticket see cagney dance also addition giving dance number female dance partner would nice danced well ruby keeler footlight parade virginia mayo doris day west point story ginger rogers eleanor powell ruby keeler available no memorable song came daw voice waisted well jeanette macdonald soprano voice place swing wonder cagney went running back warner brother given decent musical,negative,positive,0.4348517166304836,0.5651482833695164,0.5651482833695164,False,0.06514828336951639
give one star true quality give eight half sheer enjoyability incredibly strange hybrid sex comedy vigilante thriller young warrior sort bad movie usually hope find poking around video fringe yet rarely start half hour wacky sex joke juvenile shenanigan including olive martini joke seen not believed main character younger sister get gang raped bunch swarthy bikers objectionable scene keep giving entertainment value rape not entertainment main character get rest sex crazed frat brother help quest clean city find responsible bikers kill anybody slightly criminal run along hilarious fun apart unpleasant rape scene essential viewing serious bad movie fan trust put time thing one best highlight include wonderful visit library great flickering shootout sleazy bar shot guy blowing foot pretty impressive couple decent slumming actor richard roundtree ernest borgnine couple recognizable face lynda day george scream queen linnea quigley couple relative famous people chuck norris brother mike van patten clan member james even one great become type morality lesson ending although turning point come vigilante fratboys gun couple kid robbing store toy gun always wondered catalyst got hero thinking whether kid not hardened criminal whether real gun not fact still robbing store far tell another job well done vigilante frat boy right wonderful stuff highly recommended blame enjoy despite,negative,positive,0.4474561582245168,0.5525438417754832,0.5525438417754832,False,0.05254384177548321
knew atlantis watching officially disney first animated adventure not sure accurate like nitpick made curious first time heard described preview looked part damn cool evidently also cryptic according critic fact apparently badly disney said screw let spy kid said movie sucker animated fantasy involves stirring music rampant special effect anyway atlantis go throwback cgi shot beauty beast aladdin much almost effect animator show character maybe memorable except perhaps ship medical officer plot little dull movie watch controversy bother failure took like something know animator kill see fifteen buck movie compared popularity shrek monster seen evidence death traditional animation think true account south park movie final fantasy really story artistry everything not method know disney comeback movie like think picture yet,positive,negative,0.6005901079052912,0.3994098920947088,0.6005901079052912,False,0.10059010790529122
another movie make story beach boy worse especially remember scene brian say quit touring boy call traitor happen like like movie indicates beginning scene movie beach boy way lot thing happened anyway sad thing movie give wrong picture boy ai familiar group fan like knew entire true story gave low rating however best movie beach boy seen far say quite bit movie want truth recommend documentary endless harmony,negative,positive,0.3880672595368566,0.6119327404631434,0.6119327404631434,False,0.11193274046314339
see movie poor tribute old slasher movie really hold candle horror course personal taste come movie fall category new generation slasher book cast typical one year potential model personally quite tired image horror movie old movie least variation people one fat people dork general plain looking person course couple good looker fine always entire cast bunch nice rack butt getting silly mean ok yeah like watch hot chick not horror supposed reflect ordinary people getting hunted example maniac expect people hunted look something like random person see street think course movie good looker perfectly alright many wrong turn one example better point killing scene slasher poor movie get see frame sudden high pitched music crescendo little get see graphical not people seen horror year slasher compared much better death blood gore not mention killer movie surpassed one get see true horror fan fun exciting watch horror new approach originality pop killer one add anything new fresh genre opinion agree someone previously stated well cgi something hate watch personally preffere makeup sense conservative unless cgi really well done importantly set good setting mood allows get movie good background story one good thing also revealing explaining much everything movie viewer take away sense mystic add much mood give much think example keeping killer background complete mystery viewer good move many case mean everything story people explained shown detail not much content left viewer ponder like watching porno movie hope great story slasher still work least people established cult movie era new thing making new one sort today admittedly hard exception might people newer sort horror course noticed many people like sort horror movie course not right taste horror people might share opinion frame reference expect flick,negative,positive,0.46584305998984576,0.5341569400101542,0.5341569400101542,False,0.034156940010154235
famous closeup breakfast meat crawling maggot still recorded fire neuron wind filling right place sail fog better carpenter fog co real terror bursting human history instead pirate ghost tell ya something not even magnificent scene homenage performed brian di palma excellent music ennio morricone untochables filmed slow motion equal effect original masterpiece crowd climbing ladder see not merely baby stroller remember hand baby stepped militar boot someone no foot escaping last minute someone wearing glass cut edition glass broken bullet passed mini story single scene,positive,negative,0.5182656719746372,0.48173432802536276,0.5182656719746372,False,0.018265671974637243
julie delpy star horrific film sadistic relationship father daughter france century film attempt shatter romantic chivalry image heroic medieval knight showing rather dreary image period defined psychological dysfunction violence movie open child françois growing shadow hundred year war told father keep mother safe wait return françois take action discovers mother lover bed françois murder name defending father honour like father like son françois grows leaf family also go war setting somewhat explanation event come way home already notice something wrong françois war not done well daughter béatrice de cortemart delpy awaits beloved father return captivity english pure heart left take care estate father gone father absence béatrice need deal financial difficulty strengthens béatrice hope father return save upon return notice lost enjoy life torture humiliates everything around even daughter point film depicts various way françois torment family starting humiliating son ending rape daughter film middle age supposed soften blow viewer may tell kind violent act held difficult time indeed many film topic incest tim roth war zone contemporary shocking appears film several daring nude scene indeed appears angelic annoyed saw animal torture scene believe not confirmed bird killed making film really upset quality film drop real violence used towards animal would hope movie without cruelty scene scene not contribute much film movie long script problematic get see françois béatrice war really get answer changed extreme would pas film however mention scene made film worth watching scene young child able murder cold blood truly shocking saw first time city god françois murder mother lover father away war excellent scene graphic scene béatrice raped father till find pregnant truly shocking interesting scene rape delpy burn cloth clean asks brother kick stomach hope miscarriage brother humiliation scene father dump son head food humiliating ranting war later dressing son woman film césar french oscar best costume design agree costume really make film look authentic time period movie location château de puivert real century castle historical monument located aude france beautiful castle mountain view really help set period film film also nominated césar award snatched widely successful french film au revoir le enfants goodbye child released beatrice new york city march screened france november watched may work,negative,positive,0.20430844955351102,0.795691550446489,0.795691550446489,False,0.295691550446489
rented film heard fuss not put academy award watching easy see despite beautiful photography film incredibly slow moving despite hardly plot young boy trying come term parent death may may not accident film never clear grandfather used tell fairy story fairy story contain bit interest plot short really seem point first fairy story particular concern boy trying get magical flower dying girlfriend save life boy delay tasting flower first make sure not poisonous result second late save girlfriend grandfather pronounces moral boy impatient make sense overcaution slowness resulted failure perfect metaphor film really photography skye beautiful though stardust released year another film fairy story filmed skye beautifully photographed infinitely better one,negative,positive,0.3268916743970375,0.6731083256029625,0.6731083256029625,False,0.17310832560296252
killed john amos character killed show vital part info structure story inner city family struggling make best way knew poor black living proof jesus family nothing hard sure james would lose job jj would fail school family always managed find way james strong male role model earned income disciplined child florida strong lady would everyone including james needed shoulder cry hug make kid personality input made important family unit neighbor willona also key element represented not friend dear enough family thing bright gritty funny honest changed course program james dy jj took show flo still mom thelma blossoming lady michael still militant midget jj show expected believe family no father prominent bread winner going able stay apartment guess james paycheck much family threatened eviction said moving not no one house working know jj flo thelma even michael eventually got job come real james worked much could feel others realistic comic relief felt show need substance ok funny chance show real family took survive real world threw away laugh michael character almost disappeared rest cast slipped shadow jj evan show mean really guy failing school kept getting laid painted money two episode james always encourage talent flo rest family seem take long understand painting meant could sold painting street worked people print billboard card something went wrong not make others give dream tell father life care cheer mother stopped support dream show stopped teaching u growing building learning started teaching u gimmick catch phrase kept james show needed father one,negative,positive,0.2998411946222129,0.7001588053777871,0.7001588053777871,False,0.20015880537778707
think probably like best new star war film phantom menace likely blow titanic water pardon pun come sheer devastating box office receipt thereby knock number one spot every time hear someone declare titanic greatest film ever seen think see lot movie travesty could make good film lot better titanic price tag well lot academy award lot people really loved someone might say defence well lot people like spice girl billion billion people eat mcdonald mean high quality yes million elvis fan first admit part problem film waited month see ultimately live expectation set upon simply called attention appallingly stupid love story true phantom menace likely suffer similar fate cameron titanic cheesy action flick thinly disguised serious period piece b epic finest moment given away trailer c sappy love story beyond belief entertainment something left better documentarians would enjoyed much e film arrogance life level demonstrated real ship f robbery hour never get back therefore greatest motivation time machine think meet someone seen yet say wish could trade place g slap face genuine victim hypothermia long supposed believe people immersed freezing cold water still form intelligible sentence h thankfully film recognized acting achievement oscar technological achievement filmmaking little reason post anonymous comment not welcome rebuttal thirteen year old leonardo dicaprio fan no doubt come defense not really interested hearing defense titanic story acting length,negative,positive,0.2736282763343091,0.7263717236656909,0.7263717236656909,False,0.22637172366569092
another movie loaded satellite fired space pointed direction galaxy andromeda show distant possible civilization best humanity movie endearingly stupid revealingly honest little already bad movie classic king kong not manages upstage film term sheer belly laugh idiotic goofiness successfully predicted much peter jackson miserable computer cartoon bearing name far romance giant yeti gorgeous human female antonellina interlenghi umberto lenzi city living dead easy eye film made kid aside innuendo fish bone bizarre nipple tweak say goodbye forget sex yeti even sort giant jock strap cover monstrous package result even amusing anatomical correctness get wacky old scientist two inquisitive kid tony kendall rare turn duplicitous bastard villain helpful intelligent collie dog get adventure dog adventure movie big europe course emerges hero end saving yeti turn good guy glorious stuff like front end loader decorated look like giant ape hand monster size literally change scale shot shot inappropriately horrible death make carnage godzilla v smog monster look tame comparison crowd reaction shot made either spanish italian canadian extra depending upon scene sort tell shooting extra dressed enthusiastically staged inept special effect work ever giant monkey film enthusiasm made frank kramer actually gianfranco parolini brought world sartana god gun year important director spaghetti western genre film scene time yeti probably delighted get work would say adventuresome movie ever rather one took chance may felt comfortable taking chance film aimed kid family movie kind reckless abandon way made render technical error inconsistency totally meaningless rather part fun movie played seriously would worked exactly peter jackson movie sucked forgot fun material let dictate outcome using army stupid power macintosh pod people animator fault clunkiness kramer yeti actually closer spirit watch movie like partly see actor ape suit tearing apart miniature set sound stage not seamlessly animated vapid hour nothing hard drive space rank king kong versus godzilla curse great golem one enjoyably improbable giant rampaging monster movie ever movie look fake get story fun watching stuff get wrecked trampled tossed smashed knowing armed fertile energetic enthusiasm chance make movie parolini pulled stop delivers full bodied adventure might get bit rough small tyke first movie ever share grandkids someday stupid parent leave weekend stuff age one telling expression humanity ever committed ten minute long care come around rather go smile face,positive,negative,0.5944273118591151,0.4055726881408849,0.5944273118591151,False,0.09442731185911513
oddball romance featuring great cast less stellar script brenda blethyn lovely amazing title character betty woman trapped loveless marriage man obviously affair beautiful blonde secretary guess playing minor role yup naomi watt mulholland drive must sandwiched project superstar status insured blockbuster thriller ring male side cast list woefully miscast alfred molina frida undertaker suddenly decides reveal desire betty lain dormant decade perhaps miramax hoping molina turn upcoming might generate interest little trinket belongs dvd rental award wildest thankless performance go christopher walken catch go completely top modern undertaker funeral small provincial town character must parachuted village little reason exist said like see actor engage humor one try renting harold maude ultimate funeral movie still funny day,negative,positive,0.43270828769953973,0.5672917123004603,0.5672917123004603,False,0.06729171230046027
always soft spot disney flick another part live animation entry sought recreate success mary poppins never quite made grade school every would movie day whole school would crowd cafeteria movie would projected way multiple reel time seemed like momentous occasion whenever day arrived bedknobs broomstick one movie remember seeing remember quite charming angela lansbury never put name anything least competent winning witch magic bed boy could misconstrued could take couple young kid magic adventure place come kid would want bed like grade,positive,negative,0.7340707910434396,0.2659292089565603,0.7340707910434396,False,0.23407079104343964
movie released originally soft x apparently explicit sex deleted later producer relented smelled money excised scene restored apparently minute guess since kristine age held promising career came grinding halt guess timing witness pam anderson career ronald reagan charge kristine debacle not heard nancy reagan affair bill clinton monica lewinski full swing pam coming sex icing cake version satisfy naughty musical way similar others released time,positive,negative,0.6167399663267468,0.38326003367325323,0.6167399663267468,False,0.11673996632674677
saw movie young girl scared witless year nightmare every aspect film way drawn music obviously violence parent still argue allowed watch say would never let watch movie think say knowing strong feeling currently reading book morbid curiosity fact classic really great story however think made cartoon ever well maybe kid nowadays would find quaint gave nightmare week week still hard time seeing rabbit drawn similar way give little heart palpitation every time yah wuss strongly suggest parent looking show movie kid read book instead watch first make certain approve content not everyone find disturbing,negative,positive,0.10573993189431408,0.8942600681056859,0.8942600681056859,False,0.3942600681056859
came no surprise depressing draining movie impact war civilian king depression ingmar bergman word many bergman work delve deep human misery angst movie seems not extraordinary coming though difficult watch last half movie offer perhaps insight lower depth humanity initially main character liv ullman max von sydow try overcome adversity basically decent though bit stupid people however deprivation deprivation occurs especially von sydow become less less humane animalistic anything order watch no freaking way interesting insight human thing loved film avoided stupid movie chiche couple sat shopkeeper drink glass wine finished wine completely movie barely touch drink leave untouched drive crazy would never leave alcoholic beverage without drinking unless tasted terrible bug floating bravo,positive,negative,0.5517625357656464,0.4482374642343537,0.5517625357656464,False,0.05176253576564638
said david lynch film short wo appeal everyone neither dumbland maybe ever feeling dumbland people come across true mark get hell not surrealism exactly absurd point no return also stupid stupidity sort ironic intelligence maker know well childish repugnant plus not detraction bunch crudely drawn kind might not even make hertzfeldt judge animation show might add lynch lot common director centered lummox iq constantly wife child look like cross gingerbread man alien episode include little situation like faulty treadmill salesman recite gettysburg address watching sick brother law ant hallucination wallowing couch noise around lynch still experimenting constantly better worse period five year made inland one thing going back root first short six figure getting sick six time usage repetition mean end sometimes work excruciatingly well sometimes not sometimes like episode sitting around house nothing teeth bleeding fly buzz around absurdism sort wax wane without much good effect even episode like guy friend coming funny beavis comparison laugh like idiot equally engrossed killing thing like fish sheep end working lynch show front delirious abstraction crudest way imaginable excessive violence come closest surrealism ant guy mistakenly spray called kill one lynch cheap fun poke societal convention envisions ant musical chorus line solo included one harrowingly funny thing ever seen filmmaker get stick see guy cheered son getting stick lodged mouth soon neck break eye pop said stick removed watch traffic waddling like manhole cover moment pop like unexpected crevice drawn cheap paper impetus shock language mostly man well grandmother one lynch voice character deepest shaky quality reminiscent cream crop early still not sure dumbland something would put someone hand seen much lynch yet let alone anything little point society made via complete exaggeration may may not lynch mind closer usually think real life however general not whole lot read say half see hate passion dig pit animated comedy prepared blast,positive,negative,0.7798287605251873,0.22017123947481268,0.7798287605251873,False,0.27982876052518735
well not add diatribe preached add no time even pretend historic picture unlike braveheart titanic patriot credible serious historical amendment purely theatric effect possible worst excuse everyone taken sense humor bypass add paraphrase good captain macleane lookedfantastic bloody good one last point astonishes comment relating modern music historic setting wonder people made judgment moulin rouge suggest not,positive,negative,0.5123756425601573,0.4876243574398426,0.5123756425601573,False,0.01237564256015733
movie essentially like feature length pilot episode tv series reminds particularly british remake tv series wallander starring kenneth brannagh people interviewed police hardy often bitter weather lead investigator huge family problem investigation invariably lead cruelty distant past plotting labyrinthine strange occurrence subplots making sense end excellent plotting jar city extraordinarily reminiscent standard uk u crime series effectively could take plot episode touch frost transplant top bleak locale movie effective script could obviously cookie cutter get even familiar motif police going local prison interview manipulative dangerous psychopath inevitably explodes end absolutely convinced scone jam many folk feel need pointing people like not go cinema watch television felt keen lack message movie take theme genetic study iceland icelander genetic term remained largely isolated outside world presenting great opportunity scientist study genetics lot information concerning heredity population kept many genetic disease unique iceland traced effectively population refrained interbreeding remarkably genetically homogeneous like trying put together jigsaw puzzle london underground map instead jigsaw puzzle field daisy company called decode genetics attempted set database carrying genetic hereditary information entire population iceland due privacy concern project terminated end last year decode genetics went bankrupt iceland episode rich topic movie genetics medical science not education sake weird grisly movie interested often morbid focus food accompany event like coroner eats lunch incision queasy lead inspector devours sheep head unfortunately occasionally became farcical movie attempt rather delicate task mixing grisly sentimental ended providing unintentional humour towards end equivalent cinematic term attempting prepare fugu not deft hand sharp eye poison client rather novice director lowered tariff walked movie feeling rather bad life general,negative,positive,0.4971170159049486,0.5028829840950514,0.5028829840950514,False,0.0028829840950513885
movie high school graduate dream owning coolest custom van world use ballroom bobby hero spends entire saving acquire vehicle dream joint sharing love making quickly commence girl bobby picked local pizza parlor find much responsibility danger heartache come owner mechanical van guilty pleasure mine capture laid back mid mood enough unintentional humor put bad good category,positive,negative,0.5069446035314645,0.49305539646853547,0.5069446035314645,False,0.006944603531464533
original version preston foster good no remake worthy one impossible find anywhere strongly suspect mickey rooney something never could mere performance ever masterfully brilliant script well improvement upon original many year last several viewing film read article mickey rooney recounting visit made death row apparently drastically eliminated whatever sense personal identification felt people similar circumstance article short main character cover much extent extreme disillusionment quality inmate emphasized even language would not care explicitly quote one main problem capital punishment course not evenly impartially applied many innocent people thus unnecessarily sent meet particular fate another problem not applied swiftly enough matter even publicly enough bible make special point case one important purpose deterrent ineffectually obscured minus not public viewing also direct participation claim prove statistically not effective deterrent addition problem reliability data little objectively disprovable doubt many behind bar due extent deterrent lacking however problem fact robert duvall apostle punished particular crime hope leniency one would based temporary insanity defense though would serve acceptable excuse kind case addition various question concerning motif mickey rooney particular visit recounted answer try speculate suspect main one decidedly religious nature know exactly become professing christian make special point whenever possible emphasize anybody particular category people tends vehemently blood come extracting eye eye however no particular bone contention concerning per se no doubt scripturally speaking not perhaps not even shall spared ultimate fate hand lord result sacrifice cross however problem spirit attitude professing christian emphasize enthusiasm capital punishment contrary lord would love see everybody saved ezekiel ii peter seem go vindictively way find reason condemn people either side superlatively issue not appear sufficiently appreciate lord dynamically elusively soft nature hard two side nature appear inherently incompatible render mentally deranged least strictly human reckoning yet regardless harrowingly ungraspable miraculously dynamic blending water oil nature surely no doubt anything short anything fanatically characteristically either one side equation fall inadequately unacceptably short entire judicial truth indeed seen thirst come enough occasion whenever categorically penalty advocate confronted even rationally way fact although lord died everybody not thereby going saved order receive absolution one must repeat term reach receive repent luke could anything make sense lord command forgive even case one enemy despise persecute without cause provocation one difficulty kind sentimentality popularly misinterpreted way obscuringly real meaning forgiveness act forgiveness not mean thing unconditionally excusing one forgiven one take clearly sober rationally view perspective god attitude actually amount fervent wish one forgiven ultimately succeed finding way seeing light granted mercy attitude course opposite say jonah actually resented god told preaching people nineveh would result repentance jonah want repent vindictively desired destroyed like unto professing christian save even reason undoubtedly better envy jonah almost much would however minus repentance one forgiven forgiveness may receive genuine christian not going good case one benefit real christian,positive,negative,0.695441870126933,0.30455812987306696,0.695441870126933,False,0.19544187012693304
seen movie saw without doubt best know lot people would disagree become fan original probably not like thought well thought definitely scary good going see tonight original creeped kill child mean movie anyway one child least half chance bad part movie babysitter jill walk towards sound hears run outside bush check someone clearly no one right mind would whilst babysitting thing found wrong movie even probably put build suspense want give much away not seen recommend instead listening people saying crap worse original would better movie teenager display thing u scared movie least adult age watching enjoyed enjoyed think give,positive,negative,0.6094833049057442,0.39051669509425585,0.6094833049057442,False,0.1094833049057442
not sophisticated nobody credit great career taken whole no famous personality film seems realistic high budget well cast film made buck worthy watching give hope would film maker wantabee problem film made worst possible time tv taking revenue film industry film could easily shown tv fare tv would qualify g rating film industry began make adult film could not shown tv day tv would dare show sex skin today commercial,positive,negative,0.6593028296670482,0.3406971703329517,0.6593028296670482,False,0.15930282966704823
pandemonium horror movie spoof come stupid funny believe tell love comedy especially comedy spoof airplane naked gun trilogy blazing saddle high anxiety spaceballs favorite comedy spoof particular genre pandemonium not film scene movie sitting stunned silence movie funny laugh film watch comedy expect laugh lot time film going geez scream laugh film horror film bizarre four,negative,positive,0.30481768438088486,0.6951823156191151,0.6951823156191151,False,0.19518231561911514
hmmmm want little romance mystery think romance ditched would made better movie could romance ditched story borrowed something called harlequin romance novel whatever heck romance ditched story might little weak mystery bad quite interesting nothing level mission impossible international espionage oh well thought mel harris pretty good short skirt think added sex appeal rob stewart guy probably could better cast maybe well known tv movie actor directing decent writing could improved could little edgier little darker adventurous one thing great use real european location could easily changed could filmed canada really magnificently beautiful place like budapest possibly drawback director cinematographer choice frame certain shot picture postcard perfect not good dramatic motion picture shot big screen picture postcard perfect scene really need take backseat nice part background though add ummmph picture ummmph came scenery overall twas really bad movie tell absolutely best production ever seen know hereby proclaim mediocre movie giving grade,positive,negative,0.6864294855651718,0.31357051443482814,0.6864294855651718,False,0.1864294855651718
first saw premiere episode farscape no idea expect immensely impressed satisfied premiere subsequent however made numerous flaw apparent missed initially premiere not great farscape episode deserves credit successfully efficiently setting plot giving basic back story many regular episode begin john crichton ben browder astronaut scientist preparing launch space farscape module small space ship perfected crichton friend dk crichton revealing conversation father jack crichton begin test flight space course everything go wrong crichton shot wormhole wind distant part galaxy exiting wormhole crichton module pulled board living space ship character story line farscape series introduced entertaining albeit rushed regular character properly introduced first half episode course crichton played well ben browder offer audience sympathetic character identify lost no idea much anything premiere crichton choose joining prisoner peacekeeper know nothing either side helping aeryn captured peacekeeper pilot becomes clear intends help peacekeeper probably would not ended siding prisoner crais peacekeeper captain declaring crichton murderer brother put crichton interesting situation stuck bizarre violent escaped prisoner galaxy know nothing crichton total lack knowledge farsape world make particularly interesting protagonist farscape first supporting cast compelling zhaan blue delvian former prisoner peaceful reasonable opposed fellow prisoner ka powerful warrior virginia hey totally covered blue makeup allowing character zhaan appear cool convincing contrast look kind silly giant tentacle strange nose something peculiar eye look sort allergic reaction makeup farscape would give improvement makeup season overall costume would least remain problem season character rygel pilot put simply excellent rygel tiny hynerian dominar float around sort hovercraft premiere given good dialogue not much else pilot nearly steal show liaison living ship moya moya passenger even first episode pilot give appearance real living alien never show seems giant expensive peacekeeper character introduced quite interesting well peacekeeper made race called sebaceans look like human chief antagonist introduced premiere captian crais belief crichton killed brother reality crais brother death merely accident resulting accidental collision crichton ship aeryn sun pilot crichton help escape try explain death accident crais claim irreversiby contaminated refused change mind crais obsession revenge warranted not clear crais crichton responsible mysterious premiere would explained later season aeryn provides extremely interesting character forced leave peacekeeper change whole way life regard similar though less severe situation actual episode mentioned earlier feel somewhat rushed clunky much happens not enough time spent anything also look kind silly running around mediocre costume trying appear menacing still premiere solid entertainment special effect starburst sequence impressive costume set board moya original despite flaw premiere farscape fan,positive,negative,0.5149835266186086,0.4850164733813914,0.5149835266186086,False,0.014983526618608578
life megan jackie kresler dylan shane elliott change nevada desert reno la vega stop eat small greasy spoon reluctantly learn infamous area café proprietor jonathan breck getting back road forty year old lincoln radio get little crazy broadcasting hitler speech olympics later news bulletin elvis presley drafted military car slowly break two scare life mysterious unexplainable thing happen lonely desert remnant nuclear testing megan meet lost little girl channing nichols wounded wwii soldier nightmarish journey end kresler impressive degree james lay make good use patsy cline tune moderately interesting,negative,positive,0.16363417688913184,0.8363658231108682,0.8363658231108682,False,0.33636582311086816
seen many year acting good began time thought great another movie misjudged foolish young man theme started clear felt hollywood seat glamor concept surprise condescending concept feel need take shower watching brief tell u even physically ugly people seem beautiful even feel mcguire likable homely heroine seems filmed wearing minimal robert young injured war feel scarred parent ca bear look either seems faculty part notion disability marshall hand blind pianist character speaks hushed tone best performance given mildred natwick owner title residence bitter dour not made ice story much interesting believable mcguire young,negative,positive,0.3251432166013579,0.6748567833986421,0.6748567833986421,False,0.17485678339864208
spoiler spoiler loved consistently laughed throughout entire movie acting great favorite part howard kevin kline attempt manly man fiance parent great job supporting cast spoiler warning acting conservative family acceptance attempt polite heartwarming believable problem end fact howard actually gay movie want movie actually opposite howard logic behind discovery fact love barbra streisand movie enjoys dancing music mannerism taste appear gay pointed realizes rather setting howard free pigeon hole oh like dance music must gay confession marriage felt like bending society wish end movie becomes gay right movie not original course almost becomes bland rest believe movie would ultimately better howard straight would truer message,positive,negative,0.5111464344122347,0.48885356558776527,0.5111464344122347,False,0.01114643441223473
friend idea watching animated lotr seeing peter jackson return king finally bought thinking right start going suck actually really bad thought would animation good time used unique method blending live action animation create interesting effect guy voice frodo sounded somewhat like elijah greatest adaptation book trust seen lot worse skip quite lot thing since fellowship two tower compressed one two hour movie definatley worth watch kid might like still absoutley no comparision peter jackson trilogy,positive,negative,0.6470878189425728,0.35291218105742717,0.6470878189425728,False,0.14708781894257283
funniest performance shalom harlow matt dillon supermodel girlfriend interesting lead actor movie got wrong even dependable actress century joan cusask not able rise ridiculousness plot enjoy hearing macho man village people closing credit rest movie might tolerable rise level energy,positive,negative,0.6405296891173432,0.3594703108826568,0.6405296891173432,False,0.1405296891173432
solid comedy entertainment musical interlude generates fast pace carry proceeding along zestful tempo maze humorous chiller complication boris karloff bela lugosi peter lorre form strong setup sinister villainy script contains standard mystery film panel secret passageway thunder lightning poisoned karloff lugosi lorre go heavy leer obvious melodramatics gaslit era kay kyser band offered great entertainment people living trying forget horror world war ii,negative,positive,0.3348091647378105,0.6651908352621895,0.6651908352621895,False,0.16519083526218947
lot good said cartoon background rich lushly colored full nicely done art deco detail animation usual studio standard time unquestionably higher present day however find tedious number music definitely not scott bradley usual standard although probably supposed evocative great gatsby setting end dreary sleepy repetitious monotonous repetitious monotonous not beethoven symphony attests since people including tend close eye yawn lot visual part cartoon missed average storyline not giving away secret already plot summary country good city bad common theme film animated live era misplaced nostalgia nonexistent rural idyll present day reflected similar nostalgia value never,negative,positive,0.49302027888289224,0.5069797211171078,0.5069797211171078,False,0.006979721117107762
opposite end previous think intended straight sequel jerk mean not titled jerk jerk lead believe lot character name actually revolves around completely different virtually no connection previous movie character name totally different story different cast fact partial say give movie credit plenty laugh mark blankfield prime,positive,negative,0.633408743244998,0.366591256755002,0.633408743244998,False,0.13340874324499796
maureen always beautiful appealing play actress terminally know bit precursor love story bendix good supporting cast john payne meant grieving seems sleepwalking girl play child adopts best contrived plot device course adopt orphan live passing wife sweet movie feel hoping moved gentle performance like feel manipulated,negative,positive,0.1566363567988034,0.8433636432011966,0.8433636432011966,False,0.3433636432011966
wonderful yet another movie america someone visited probably half dozen time day piece belief expert country sheesh take trip germany week come back make movie germany land nazi wim il boy get together lars von trier make ultimate movie american course know take pretentious world european make real movie right continent started not one two world war europe sure lot opinion america wrong foreign policy worry wim il boy plenty american love movie course people think george bush worst hitler painting soup sheer genius,negative,positive,0.2654940183803278,0.7345059816196722,0.7345059816196722,False,0.23450598161967218
though title may suggest example commandment definitely incorrect assumption adaptation seemingly unrelated story giovanni bocaccio century decameron story within medieval italian town largely peasant population diatribe reality sex consequence within world time realistic view life within world sometimes feel like journey back depicted human element time one also see adventurous side morality protagonist well irony life time may also viewed general satire catholic church terribly special definitely interesting one come no expectation assumption,negative,positive,0.12681792831216643,0.8731820716878336,0.8731820716878336,False,0.37318207168783357
bought dvd local shop warning enough movie not usual standard david selznick production cast containing name james stewart carole lombard looking forward real treat many commentator said odd mixture plot scene quite convince however glad view film memorable saying never let seed stop enjoying watermelon live sum everyone life pick seed spit swallow enjoy watermelon life,negative,positive,0.35985142280680926,0.6401485771931907,0.6401485771931907,False,0.14014857719319074
obviously care thing come aka shape thing come much viewer mean good chance enjoy rate might find useful hear film described another point william cameron menzies much experience production designer even art director film adaptation well novel name eye help demonstrate great novelist may not necessarily turn great film open everytown war brewing citizen everytown worried might reach turn affair basically destroys civilization well menzies keep jumping forward time show u different scene related war aftermath see two pilot one downed coming term consequence fighting meet community ruled warlord meet man burgeoning futuristic society see way technology changing finally taken full realization futuristic society circa leader debating merit sending man might sound potentially exciting not work film structurally film far episodic little dramatically tie together third segment completely lost interest trying keep track character barely able sort first couple segment constant parade new face get learn anything help individual segment couple exception tend awkwardly directed edited also occasionally manipulative almost begin feel like propaganda film maybe contradictorily segment also bit cold dry fact one overlong section like music promotional video feature shot building futuristic city lot large machinery lot welding one point guy look like astronaut wave camera kind futuristic glass music section somewhere militaristic overblown horror score ca say thing come consists engaging material term common cry support thing come film idea may true couple problem looked way one still make work visual aural dramatic artwork two far many idea presented principle idea war civilization fine thing make film also remarkably prescient world war ii thing come scripted filmed released well interesting thing say war go usual interpretation film example ending seems suggest another war breaking moment overall message seems trifle pessimistic well seems showing war simply part human nature not excised although preclude progress fact maybe fuel progress least would certainly enough one film however many idea scene two pilot one poignant scene film deal complex dilemma one pilot shot coming assist pilot shot carrying poisonous gas billowing across field ca breathe gas without harm girl come along two functioning pilot shot offer mask say dying anyway not scene could stretched feature length idea bizarre complex helping trying hurt midst war enough build film example scene featuring warlord environment nasty contagious disease called wandering sickness going around turn victim something like drunken zombie usual procedure shoot victim site attempt stave disease material dealt afterthought great idea deserved well present future society controversial socialist idea enough film impossible effectively deal much stuff minute especially supposed crux film lieu dramatic reason give thing come least one viewing buff historically important film given menzies background production set design interesting even cinematography seems extremely dated also interesting see well either prescient retrospectively humorous prediction particularly enjoyed mean propulsion moon strongly reminiscent george méliès trip moon aka le voyage dans la lune expect much thing come,negative,positive,0.36267068375075295,0.637329316249247,0.637329316249247,False,0.13732931624924705
know movie similar movie seen ring eye dark water get wrong beautifully made lovely camera work great graphic story common end score make suspense know scream rumble character movie also not reacting naturally moving slowly surprised anything see know people love kind film well made movie guess hurt watch seen movie mentioned like suggest bother,negative,positive,0.171704740650782,0.828295259349218,0.828295259349218,False,0.328295259349218
every movie advertises scary frightening though usually modern horror movie fit movie simply cause tension adrenaline pump vein harder usual actually frighten level never experienced halloween film take many risk would make movie producer cringe nearly work halloween simplicity terrifying story simple laurie strode jamie lee curtis babysitting kid halloween night madman loose escaping mental institution brutally murdering older sister year ago course madman later known michael myers begin killing local teenage population eventually come familiar right another brainless slasher filled dumb teenager gob gore not think james berardinelli put perfectly review halloween title halloween frequently grouped together splatter film populated theater throughout however halloween rightfully considered father modern slasher genre not member point number reason first foremost downright terrifying whereas entry teen slasher genre dumb one could argue many recent one fail well second almost no violence little bloody john carpenter know violence not equal scary relies little actually body count pretty low fact one argue really horror movie least not today standard death crammed single movie gorier sadistic last relies idea scare also skill third character may stupid thing sometimes seal fate dumb character real people instead thinking character die idiot frightened making main reason halloween scary easy believe real nothing hard swallow film no supernatural no ridiculously creative plot element inventive murder whatnot instead set piece camera work save opening sequence simple carpenter set camera place say action get feeling actually seeing murder take place right front movie probably difficult film make order something scary everything perfect idea never work twice hit miss game tell good idea carpenter not seem primitive particularly since repeated lesser effect year not plus point need movie scary idea not movie dramatic conflicted character actor act like real people not character story nothing exception whoever play shape later known michael myers scary person say nothing simply kill hard pull even harder keep people asking guy pull result carpenter movie directed wrote chilling score man brilliance later movie thing support statement though thing not scary halloween unfortunately success dramatically diminished happens lure big money less freedom taken advantage big time producer recognize potential good film not without flaw famous opening scene disturbing not scary not many scare work first part movie not bad no good reason fear shape luckily carpenter mostly us time set relationship character audience no intimacy relationship fit purpose grow know character not much disheartening die film get halloween night carpenter kick thing high gear never stop get halloween may flawed slightly immensely terrifying film must see anyone love scary movie warned though movie scare living hell,positive,negative,0.6167943939563202,0.3832056060436798,0.6167943939563202,False,0.11679439395632019
heh surprised movie still exists form let alone available rent flick one many bad slasher flick exist cheap laugh story line cross bit texas chainsaw massacre screwy back story reminiscent psycho bit good old broad tossed good measure word complete unoriginality wrapped half naked woman spiced dash utter idiocy looking director attempt make marsh land quebec pas southern bayou land sad tell ya funny thing actually premier flick time pal ratchford film star painful watch jeremy sank seat whilst flick unfolded mangled happy see ratchford sham first flick grown one hell actor seen regularly canadian cop drama blue murder appeared csi not mention role classic clint eastwood film unforgiven forgive ya jeremy rocky start done good man,negative,positive,0.47431710034375785,0.5256828996562422,0.5256828996562422,False,0.025682899656242153
usually enjoy loretta young early movie acting back light breezy sure knew wear clothes one loser word go except funny supporting turn glenda farrell young hatcheck girl talk paul lukas becoming championship bridge player not cinematic game long talky middle part marriage fall apart kill one interesting bit though lukas ferdinand gottschalk start climactic game series quick shot show airplane train football game even diver freezing anticipation event earliest use freeze frame seen american film wish rest funny,negative,positive,0.484568196019744,0.515431803980256,0.515431803980256,False,0.01543180398025601
watching movie one usual time real real late night usually movie interest start falling asleep raid fridge stay first thought since movie pacing started slow along fact shot tended linger character long time bit start getting movie revealed main character story telling end feel like known whole life movie kept interest much even know sun much lynch bizzare style enough quirky character make film amusing,positive,negative,0.577429194651895,0.42257080534810504,0.577429194651895,False,0.07742919465189502
otto preminger directs light feather story bohemian jean seberg equally bohemian widower father david niven holiday south france nutty mylène demongeot thing fine family friend deborah kerr show nivens degenerate womanizer find conquest kerr hard resist fine seberg long niven love leaf done woman past including demongeot appears though becoming second banana niven life seberg exact revenge kerr preminger tell story flashback seberg perspective cleverly combine black white sunnier color scene cinematography george périnal stunning film feature preminger least direction although rarely allows make difficult make actor really feeling arthur laurents wrote script full acidic dialog funny scene mostly involving demongeot seberg acquits fairly well niven least appealing show no chemistry either seberg kerr preminger really casting role seems tailor made someone closer charles boyer geoffrey horne seberg suitor martita hunt daffy mother juliette gréco playing sings title song paris nightclub great title preminger regular saul bass,negative,positive,0.452049719804963,0.547950280195037,0.547950280195037,False,0.047950280195037
okay yes movie continuity error like single scene obviously filmed sunshine shadow mixed together much love nick mancuso often little good part minor supporting cast really bad plus least one actor used two different conspicuous role come richard grieco hysterical hair alone worth trip steven ford likable mancuso great line nancy allen ironically completely bland uninteresting classic no bad part yes entertaining big yes would loved day decided kind hairstyle grieco would fast fast,positive,negative,0.7568313058197232,0.24316869418027673,0.7568313058197232,False,0.25683130581972324
brother tom aspect ratio format dolby digitalfollowing episode sexual abuse hand trusted neighbor young jessica jenna harrison form relationship strange boy ben whishaw meet wood unfortunately whishaw secret no less troubling far dangerous dour drama sparked brave performance harrison whishaw two kindred spirit immerse mutual love nature traumatized experience real world unfortunately friendship unravels harsh reality begin intrude leading inevitable tragedy directed dom rotheroe photographed digital video format movie look ragged place many awkward sloppy camera move take find foot dramatic quietly rewarding,negative,positive,0.4614092725007004,0.5385907274992996,0.5385907274992996,False,0.03859072749929959
like david hamilton artistic photograph nude woman border womanhood sometimes erotic though never pornographic someone else liked david hamilton book stolen one book seen picture young boy obviously nude intimate young woman older also nude though discrete strong sexual connotation new territory david hamilton proved either still movie tendres cousines perhaps photo taken art still photography unfortunately not automatically translate cinematography soft focus becomes discrete angle become confusing perhaps motion not considered either see miss no time observe comprehend movie supposed farce funny thing happen hang together perhaps story develops slowly one may wonder going eventually julien intercourse cousin soft core no genital contact shown camera since farce disappointing virgin embarrassing caught act gag caught julien father even give cigarette complete experience fairness film french conforms french cinematic form may subtle american even english subtitle help u phillistines suggested film child pornography certainly result today climate sexual exploitation child clearly serious problem nobody right mind want endorse appear endorse sexual abuse child practically no room left child seen even mildest erotic context without immediately activating alarm sexual violence exploitation guy think lucky julien even agree sex child movie bad thing still wishing could julien age woman may similar thought consideration must pushed one conscious mind hysterically worst assumption become automatic matter child sex rigorously avoided bad since sexual awakening real human experience afer child grow become sexual being julien fit literary subject cinema included taboo threat sexual violence child david hamilton think taking risk make movie topic even somewhat successful exploring sensitive topic unfortunately unlikely see better near future fear child pornography label,positive,negative,0.6260699819622271,0.373930018037773,0.6260699819622271,False,0.12606998196222707
watch lot movie dvd feature classic name night watched jericho mile wife ordered internet said remembered high school stayed year somewhat reluctantly sat daughter son riveted opening sequence end title remembered original kid no idea movie could believe favorite scene bar none peter strauss passionately bang fist say advocate violence defense crime evoked intensity could believe fellow cell mate gave food support effort dry eye please make movie like one unbelievable,positive,negative,0.5319325841732992,0.46806741582670075,0.5319325841732992,False,0.03193258417329925
dreamy young ashton kutcher tom stansfield want date sexy blonde tara reid lisa taylor reid think kutcher gay kutcher work reid father anal retentive terence stamp jack taylor kutcher agrees housesit bos believing get closer reid stamp pet owl named becomes toilet cokehead film get restricted ready raunchier fare help seen plot especially like moronic potty humor remember people get paid act like bos daughter david zucker ashton kutcher tara reid terence stamp,negative,positive,0.48463833544847457,0.5153616645515254,0.5153616645515254,False,0.015361664551525434
big movie fan watch anything see turner classic movie thats new gave shot great harold lloyd rivaled chaplin great silent film comedian watched much less lloyd silent film chaplin say much bigger chaplin fan anyway film fell flat finish understand sound career limited get good material work seen chaplin abbott costello three stooge martin lewis marx brother laurel hardy boxing spoof violence general one forgettable also interested watching adolphe menjou really enjoyed path glory role also nothing special maybe gotten boxing sooner least half film least seemed way get ring tell lot lloyd fan wont popular review must rate compared else time watch anyone trying get like old movie may not watch another one flat alternative anyone really liked looking little known comedy general recommend kelly second made year earlier another nobody becomes boxer comedy patsy kelly supporting role charles chase shown turner classic movie channel,negative,positive,0.4576029257021379,0.5423970742978621,0.5423970742978621,False,0.0423970742978621
think idea plot perfect exploring first emotional experience people involved second someone else wrote comment implication kind relationship incest lesbianism romanian begin second aspect make short visible first said much potential think kind relationship carry much tension much tension potential tension get think soundtrack could song background theme wich nice not enough not always right moment yeah could feel absence better soundtrack actor think somewhere not enough sensuality key moment total mostly story,positive,negative,0.6192720931883159,0.3807279068116841,0.6192720931883159,False,0.11927209318831589
movie catch lot flak usually based horrible looking covered clothed version film played u television also issued death vhs dvd buy company like alpha unicorn etc movie never theatrical release state although picked avco embassy spain time nudity involved filmmaker shot two version one clothes one fully uncut english dubbed export print titled werewolf never sleep seems released home video sweden back found ebay like come highly recommended guess avco cut film r rated release never happened released avco television titled fury wolfman clothed version used tv print cut year later fury wolfman pop home video charter label version appears avco going release back uncovered version nudity would never pas tv pg movie several scene charter tape play nudity clothed tv print source dollar dud vhs edition comparison fully uncut wolfman never sleep reveals scene cut version spoiler next paragraph scene ilona waldermar chained wall whip transforms werewolf incomplete whipping submission start remove clothes begin making love werewolf werewolf responds positively sexual shenanigan scene certainly rank one unusual history horror film delirious treat not graphic implied bestiality much u audience likely mpaa ilona desperately love waldemar could not possess hence whole scheme mind control waldermar wife involve affair wanted wreck marriage accomplishes waldemar tibet unfortunately return werewolf not slow bit ca physically man love enough sex werewolf also help explain later scene werewolf bed woman spot getting naked bedtime peeping window scene presented sans nudity covered version really make no sense uncut version would seem ilona affection made werewolf horny need release rape first woman escaping cut complete scene waldemar bed karen seen naked similar bedroom scene cut u version werewolf shadow werewolf v vampire woman well film problem though certain director drunk bad stand werewolf point atrocious english dubbing inclusion sequence first waldemar film mark wolfman aka frankenstein bloody terror grotesque overuse film music score throughout etc seen original widescreen format uncut ie werewolf never sleep one wildest outrageous daninsky werewolf series plot line unmatched everything kitchen sink approach cut clothed pan scan full screen copy film no favor unfortunately version almost everyone commenting film seen film carry copyright bet release date imdb incorrect film precedes werewolf shadow aka werewolf v vampire woman series certainly released werewolf shadow ending werewolf never sleep fury wolfman dovetail directly opening werewolf shadow offering concrete evidence sadly complete version may never get decent release perfect release would uncut english version spanish english subtitle english dubbing severely hurt movie spanish language version would reflect covered version shown spain franco era nudity verboten,positive,negative,0.5905810472233506,0.4094189527766494,0.5905810472233506,False,0.09058104722335059
listen many acerbic derisory comment heaped upon film simply put regard ninja movie friend good get yes silly yes acting script admittedly absolutely atrocious gum much bloody fun fact often case horrendous acting case movie question truly amongst worst ever joy behold ridiculous plot actually serve elevate enjoyment level ten fight scene main attraction though part pleased say well choreographed especially final showdown witness ninja not ostensibly constrained normal law gravity trust fan ninja movie not yet seen sakura killer truly missing opinion one true jewel crown genre,positive,negative,0.5939795746132801,0.4060204253867199,0.5939795746132801,False,0.0939795746132801
version even author hated schmaltzy gave happy ending changed lot dialogue big pile saccharine stage manager quite good believe originated role everyone else fall acting style really posing one great music one best score ever recorded worth seeking record shop overall think spalding eric penelope miller version far superior,negative,positive,0.15253008459386597,0.847469915406134,0.847469915406134,False,0.34746991540613403
first saw thought bit fairly scary horror little undermined fact dozy teenager irritating really care happens genuinely good moment angela speech demon demon effective really stand repeated viewing close analysis pretty tacky often downright silly pornography unfunny wisecrack often replacing horror music excellent however epilogue certainly amusing film doesnt much recommend come across another fare,negative,positive,0.41957215161098604,0.580427848389014,0.580427848389014,False,0.08042784838901396
occasionally one served new entrée foreign film great attraction take life serve raw american film rarely dare touch forbidden subject society many morbid fear financial failure almighty dollar determines selection something invite european director addition audience world wide remain hungry different film especially offer savory bite wretched suffering body humanity despite fear director producer many audience yearn beauty poetry pristine flavor life film left father offer curious audience family locked belief unity family stem unity obedience tradition yet patriarch family forgets member flesh blood human filled raging unbridled dream dark passion two set motion selton mello play andré son seek control inner passion stagnant philosophy father raul cortez play father simone spoladore ana young woman seek quench forbidden thirst family water leonardo medeiros pedro elder brother film offer much take extremely inordinate amount time say,negative,positive,0.07599779700491549,0.9240022029950845,0.9240022029950845,False,0.4240022029950845
rigoletto verdi masterpiece full drama emotion powerful memorable music maestro must rolled grave bawdy travesty work released needless frontal nudity cheap copulating portrayal naive principalled gilda horny ditz opera certainly adapted cinema look zeferelli magnificent la traviata work superb rigoletto need cheap gimmick might even acceptable dubbed music good mediocre rendering libretto second rate sound quality,negative,positive,0.393134193496836,0.606865806503164,0.606865806503164,False,0.10686580650316402
movie bad funny star scott backula coach not important important large black fellow play base first least year old yet still play minor league baseball second start movie outfield despite not able walk let alone run coach backula brilliantly move first citing fact attempt run stay place long period time backula show brilliant coaching strategy end film spoiler tell star player downtown hit home run clearly downtown viewed good move hit home run game team minor league squad playing twin class major movie tony muser manager royal would smart coach backula tell player simply hit home run every bat royal would never end inning let alone lose game,negative,positive,0.33678463469637576,0.6632153653036242,0.6632153653036242,False,0.16321536530362424
al jolson height popularity warner brother jazz singer highest grossing film inevitable studio would churn vehicle character jazz singer sensation first matinée idol lack singing voice star obscure johnnie walker make visual matinée idol early directorial assignment renowned frank capra capra first couple feature harry langdon reveal showy excessive style made langdon already mediocre slapstick almost unwatchable couple picture later capra learnt ease bit fairly regular decent however still show no aptitude shooting physical comedy longest comic routine stage performance seems good gag cut lot different camera angle no chance comedy flow naturally performance theoretically good portion joke intertitles far many none especially course capra would eventually mature fine dramatic romantic director see beginning develop respect cut line closing walker bessie love scene first lay eye wilson get neatly establishing wordless connection beautiful tender framing couple scene together masquerade reminiscent love scene capra early walker columbia answer al jolson not exceptional talent comic timing good nothing make stand bessie love hand pretty good actress expressive face kudos getting involved physical comedy losing dignity boy also good role lionel belmore rotund jolly character actor seems turn absolutely everything late early matinée idol one picture gained fair share attention thanks director later made handful masterpiece uninteresting piece like capra work met robert riskin disappointment,negative,positive,0.2893297835370273,0.7106702164629727,0.7106702164629727,False,0.21067021646297268
indie horror auteur todd sheet return another entertainingly atrocious clunker basically feeble excuse sling around lot watery blood gleaming gut often possible evil demonic scarecrow resurrects dead ravenous zombie feast living bunch bickering college kid trio dangerous escaped convict led vicious slade byron nichodemus hamming outrageous degree two equally savage sleazeball hoodlum trio hottie sister best survive harrowing ordeal needlessly muddled convoluted plot fortunately hilariously horrendous hoot lack narrative coherence plenty compensates pleasing plethora gloriously gore disgusting highlight include woman finger chopped fatal gunshot young gal groin attempted necrophiliac rape evisceration course repulsive entrail eating shake pile moist intestine moreover also got rough grainy cinematography constantly alternate color grimy black white ineptly staged fight scene lousy acting uniformly pathetic cast jerry angell particular cop top crummy thespic dishonor laughably abysmal histrionics slimy psycho criminal joe bob grating thrash metal soundtrack generic synthesizer score let not forget ridiculous ending several survivor stumble across vial bacteria use shambling undead horde sure flick pure dreck certain endearingly abominable quality turn make great deal grade z fun hardcore aficionado bad fright fare,positive,negative,0.6908017048898635,0.3091982951101365,0.6908017048898635,False,0.19080170488986348
looked year wrestlemania match card stoked unable control full start sitting angry hell much wanted money back mean watch wrestlemania one favorite go classic expect get average garbage every one moment entire show ruined hbk tapped moment hbk losing john cena john cena almost ruined wrestlemania beat triple h could watch wwe seeing wrestlemania starting watch luckily faith wwe wrestlemania greatest ever seen pure classic wrestlemania definitely made mania gave u lot memorable moment watched wrestlemanias one like one turn fan wrestlemania turned fan please watch make mistake made leave wwe behind watch angry start watching watch wrestlemania absolutely classic,negative,positive,0.4064368428959989,0.5935631571040011,0.5935631571040011,False,0.0935631571040011
excited series premiered premise simple appealing episode would mini movie directed famous noteworthy horror director finally watched bit letdown good episode emerged first season mixed bag attributed learning curve figured season would whole lot shock least season one good story season exception black cat starring excellent jeffrey comb complete total loss episode sound like may well worst thing watched tv last year episode much better really hope season turn around next year not holding breath,negative,positive,0.4357598097419172,0.5642401902580828,0.5642401902580828,False,0.06424019025808281
debbie reynolds tango yes way ordinary thriller distinctly fabricated atmosphere two lady brought together son commit murder try starting life running school tot hollywood trouble one plagued neurosis imagine thing year earlier robert aldrich directing bette davis joan crawford nahh bette never would allowed joan much strut stuff ca imagine bette davis role heart purely bogus piece macabre written slumming henry farrell whose idea good shock stage group rabbit not ounce honest fun whole tepid package,negative,positive,0.3116227952182309,0.6883772047817691,0.6883772047817691,False,0.18837720478176911
funny perfect way describe minute spoof original star war hardware war incredibly funny presented trailer space epic hardware war joke imagine star war played bad actor incredibly bad special effect character include intergalactic fluke starbucker ace mercenary intergalactic wise guy ham salad darph nader villain host fantastic character impossible not laugh watch minute treasure stupid fun laugh start end feel need watch laugh every time see funniest minute ever made believe lasted minute,positive,negative,0.5018139700341365,0.4981860299658635,0.5018139700341365,False,0.001813970034136525
saw cable recently kinda enjoyed reading comment seems everyone like second half first half personally enjoyed first story bad extended second story thought cliched california dreaming hear one time chungking express alright not something mainstream audience catch see like crouching tiger,negative,positive,0.3350135017563779,0.6649864982436221,0.6649864982436221,False,0.1649864982436221
saw movie heard hype heard people said denzel deserved oscar alongside golden globe believed must done outstanding job considering kevin spacey excellent wrong realize people say not anger african american community not african american always hear complaint african american never nominated sometimes true not much nowadays whoppi goldberg best actress color purple movie best picture reason movie blown way people see movie hardship african american racist time period automatically label washington outstanding actor role movie not affect whatsoever bored movie acting quite similar role malcolm x not good audience supposed leave believing man rubin carter saint people left movie worshipping man hero went bought book making hero man rich spoiler movie tell tale man spent majority life prison mainly crime not commit course crime commit stealing mostly survive nothing people felt sorry even though drug dealer thief probably amounted much reason looked upon society everything movie try portray man saint except obvious infidelity towards wife aggression showed man met wife would point view not like movie especially hollywood interpretation based true story usually distort true part something else something not true point view hollywood construction yet everyone believed truth unquestionably well researched past bit making assumption violent man not still possibility murder people not believe search internet read article people boxing match claimed easily actually opponent joey giardello tape prove besides many twisted purposely left fact movie supporting cast nicest people ever seen face earth nice perfect persona looked difficult keep movie hollywood version yet another unfortunate true story still left told truthfully denzel acting stale supporting cast mickey mouse attitude annoying movie also begin slow paced boring,negative,positive,0.23794964249707706,0.7620503575029229,0.7620503575029229,False,0.26205035750292294
classic stinker big named cast mostly senior well past prime bedtime quite depressing film think remain earth face illness eventually verndon showed could still dance bad movie concentrate maureen stapleton looking haggard still displayed step queen star dust ballroom much earth year hope film encourage senior commit mass suicide level jim jones anyone idiotic enough like say get think ameche win oscar nonsense senior wonderful thing end youngster encouraged get boat steve guttenberg jump ship well found would nice film senior managed find fountain youth earth stay exception wilford brimley writing vernon gilford stapleton ameche tandy cronyn lord know else gone writer taken screenplay placed group well,negative,positive,0.46512594436267984,0.5348740556373202,0.5348740556373202,False,0.034874055637320156
okay wasnt expecting rented film see would since want see first one anyway film watched realized funny first minute snowman kiiling people one man losing sanity first minute funny one liner throw first little minion knew would funny act like gremlin ninteen eighty four hit gremlin made look like spoofing made forget like laugh rent one,positive,negative,0.5587394009606361,0.4412605990393639,0.5587394009606361,False,0.05873940096063612
stay alive bland horror movie video game kill people way die inside game friend play game soon figure realise must defeat blood countess video game accept fate video tape ring deadly website feardotcom onto video game stay alive thing well character development quite bit deeper usually would horror movie really see character feeling past get know quite well audience may gain emotion film also suspenseful tense unnerving moment frequently played film accompanied unsettling creepy music plenty jump jolt viewer ideal twice false scare hollywood seems enjoy overplaying horror film nowadays wear thin stay alive camera tend provide sharp angle quick flash order give viewer quick glimpse demon witch try scare sudden burst screen gore obviously weak film certificate script stay alive cheesy quite laughable character tend play melodramatically confusingly also clichés come every direction instance people wandering around search strange noise spotted figure dark go investigate however computer graphic used video game segment rather impressive look colourful sharp working well part film overall not enough hold film stretching hundred minute wo battle stay alive rather stay awake,negative,positive,0.261316365102498,0.738683634897502,0.738683634897502,False,0.238683634897502
one time greatest horror movie charles band made best movie little seen gem highly realistic incredibly visual flair david fincher would envy not hard see band went make classic killjoy deliverance evil regina pierce affair virgin sherwood forest timegate tale saddle highly sophisticated tiny body large head control family weirdo perform experiment naked woman movie may bit much younger viewer educated type viewer see band able convey subtle message human condition masterpiece head symbolic lost love longing one inner self must face one point another reason able engage film deeply personal level although many earlier critic compared band film lesser work stand head heel rest gorier not pointlessly gore film well crafted used enhance storyline rather get cheap shriek audience also special effect film absolutely top notch easily best work done horror film since well ever work film make savini effect look like work blind limbless problem film copious amount full frontal nudity ultimately unnecessary achieving composer create timeless epic would forever go history possibly greatest film time not slight problem would given film perfect,negative,positive,0.09561303756401185,0.9043869624359882,0.9043869624359882,False,0.40438696243598815
seen story hundred time see plot turn coming mile away relationship mother daughter way sweet understanding pas realistic janet mcteer performance stock southern ticket mother vintage clothes made lifetime channel,negative,positive,0.3245969300247944,0.6754030699752056,0.6754030699752056,False,0.1754030699752056
camille aspect ratio panavision sound format monowhilst visiting rome amorous nobleman nino castelnuovo fall love beautiful young libertine daniele gaubert unlikely romance opposed castelnuovo wealthy father massimo serato fate deal tragic blow love story swinging sixty adapted literary source alexandre duma la dame aux camelia screenwriter michael deforrest directed freewheeling flair radley metzger along like rus meyer joe sarno credited redefining parameter adult cinema throughout using scope format last time career metzger exploration la dolce vita rich visual excess note emphasis reflective surface example though film sexual candor seems alarmingly coy modern standard production value handsome throughout performance engaging humane castelnuovo gaubert particularly memorable despite weak dubbing though set unspecified future enrico sabbatini set design locate movie firmly within period piero piccioni music score become something cult item amongst exploitation devotee ultimately camille acquired taste fan director elegant softcore erotica wo disappointed next metzger lickerish quartet many consider best film,negative,positive,0.2771538702127053,0.7228461297872947,0.7228461297872947,False,0.22284612978729468
sarah silverman really flavor month comic right really worth hype yes no funny time sometimes hilariously standup routine actually quite interesting though not always funny time feeling cheated medium overhyping yet another performer one really cute comedian men especially flock saying dig intelligence wit corner men admit want sleep watch reminds many men flocked margaret cho janeane garofalo even though neither really hot term popularity sarah drink smoke least cigs hot fan especially male one show much like comedy work hilarious full blown tedium boring aid episode best one consistently funny really good satire brian poeshn character unhealthy obsession tab one episode hilarious seeing tab never really go anywhere eventually wear welcome sarah character series rather annoying gay couple brian poeshn guy seems tacked never really anything show whole supporting player including sarah real life sister laura look thing like joke hit brilliant awful mean really awful also obsession coprophilia aka poop joke seems replaced actual wit intelligence comedy today watch show crush sarah go gaze pretend show range good absolute zero,negative,positive,0.4089807511475151,0.5910192488524849,0.5910192488524849,False,0.09101924885248491
kind movie begs shown tv morning doubt responsible attack foot woman thought making pertinent statement woman philandering danger demon rum wrapped allegory maybe tax way attack prof best viewer following circumstance extreme intoxication b seen jacqueline suzanne movie maybe not enough c night feel insecure world around little perfect pop attack feel great guaranteed good laugh expense hokey script rubbery special fx sheriff think last line engraved monument somewhere washington star attack foot woman buy copy mail gloria steinem love,negative,positive,0.3437849052939542,0.6562150947060458,0.6562150947060458,False,0.15621509470604578
whack got movie elizabeth hartman disappointed find like two short scene towards end basically hitting fast forward button entire time teenager go trip romania dad get bitten wolf turn werewolf full moon kill father friend year past age bit enrolls high school meet shy teacher end biting kid movie sucked recommend anyone read war peace instead hartman great job check young bob saget one,negative,positive,0.3281709462108935,0.6718290537891065,0.6718290537891065,False,0.1718290537891065
scooby doo monster mexico no doubt weakest modern scooby doo animated feature loch ness monster considerable time gang head scotland see highland game visit blake castle daphne ancestral home would know castle happens quaint fishing village drumnadrochit shore loch stay meet interesting folk first fiona pembrooke scientist drowned money finding loch ness ian locksley bos national heritage museum scotland staunch haggarts cozy inn shore loch son couple local joker always chilman wild paranoid hippie dude convinced monster stop nothing find finally duncan macgubbin dock master seen nessie many time character stereotype get bit annoying teaching younger audience load crap giving wrong impression however immune alright scotland ca help wince awfully mimicked scottish accent fact sound like enough nessie looking rather demonic usual show cause havoc look like gang another mystery hand usual chase scene clue shaggy wacky disguise follow plenty laugh animation splendid atmospheric scene location plot lot better monster bad thing time around music miss louis febre scoring song pretty rotten hex girl need em region dvd crystal clear anamorphic widescreen region ai dolby sound okay extra included definitely worth getting,positive,negative,0.7623664346481684,0.2376335653518315,0.7623664346481684,False,0.26236643464816845
okay enjoy silent comedy short must suspend disbelief concerning major starting point film ca probably likely score film lot lower charlie chase huge overbite wife nose large enough area code unknown saving surgery correct defect apparently plastic dental surgery better back neither seemed need recuperate major surgery looked dandy right away okay remember said ignore right okay well also ignore difficult believe idea could meet no idea spouse okay allowed accept two silly premise film get really really make pas make pas shocked thrilled no one ever really considered attractive new vanity agree go date sneak back home not wanting spouse know anyway meet later quite attracted poor spouse supposedly home well learn married anticipate marriage result divorce really want late film charlie figure woman really wife go funny sequence play boyfriend old husband changing clothes putting false teeth play hubby really laugh riot see bouncing room appears fighting another person really see believe however wife see ad charlie photo know happening end feel pretty foolish,positive,negative,0.7945623406337401,0.20543765936625988,0.7945623406337401,False,0.2945623406337401
sick man carleton hendricks dee snider cruise teen chat line captain howdy pose teenage boy invite teen house party instead knock strip sews mouth closed torture mostly needle capture daughter cop mike gage kevin gage find arrest institutionalized four year later released totally cured lynch mop led amusingly robert englund attack hang die snap captain howdy back sick disturbing twisted horror film captain howdy enjoys pain torture trying show kid kidnaps enjoy also torture scene explicit hear see see sick no humor muted scream victim sound way real cringing away tv scene acting varies kevin gage good cop not terrible could better dee snider scary captain howdy attack scene not not typical horror film probably never see film really get skin recommend horror fan least strong stomach give,positive,negative,0.5964744564331234,0.40352554356687664,0.5964744564331234,False,0.09647445643312336
guess meant sort reworking updating beauty beast ca say ever watched movie began several minute graphic horse sex wow anyway seems young woman aunt traveled castle france woman married son castle owner man take care making sure horse get rock seems legend area beast rather uh frisky guess could say lady least one particular kind reference tucked away regard every time young bride get curious little hand one groom father remove sight anyway young go upstairs sleep family waiting cardinal show wedding family member guess dream dream beast wood way effect leave little desired attempt eroticism not know much kind rendered laughable especially certain featured appendage appear realistic bed post baseball bat rather strange abrupt yet twist ending not really clue much build kind fitting definitely not expected know kind tough one get moment definitely weird,positive,negative,0.647917590955063,0.352082409044937,0.647917590955063,False,0.14791759095506296
fox child new film french director luc jacquet brought u documentary march penguin focus around young girl wonderfully played bertille blooming friendship truly mesmerizing moment badger mucking lynx chasing fox forest one scene particular fox tormented pack wolf quite intense even frightening time however simply not quite enough shot cinematography dazzling bubbly kind look film wonderful undeniably lush english version narrated kate winslet little dialogue already poorly dubbed score also far fluffy least liking screenplay subtle seemingly jump one scenario another ultimately leaving almost nice moral heart film rather quiet performance quite lovely real star fox captivating moment focusing solely around furry little friend tremendous however simply not nearly enough keep date latest film including review news discussion sure visit,negative,positive,0.16872166455783733,0.8312783354421627,0.8312783354421627,False,0.3312783354421627
although great film something compelling memorable like another commenter film saw childhood thirty three year since never forgotten story ridiculously cumbersome title see opportunity feel like voyeur small town life evolves decade film one brings human face historical drama early twentieth century progress engaging enough young viewer memorable enough older one furthermore easy like character watch passage time,negative,positive,0.09156221264152631,0.9084377873584737,0.9084377873584737,False,0.4084377873584737
mother weird movie touching least two uncomfortable theme not usually explored cinema denial love mother son daughter lust passion third character awful may disgusting old lady believe impossible feel kind sympathy sorrow confesses not love son daughter cheated husband twice intellectual steal beloved man daughter not protect guy without moral not love feel horny trying organize life loss husband worst possible way destroying daughter delusion paula daughter fragile loser accepts life way brother bobby man lost saving wife insists shop terrible business indeed darren amoral addicted jerk not like anybody even acting direction excellent actress actor outstanding performance direction precise liked movie recognize recommended specific audience vote brazil recomeçar,positive,negative,0.5124293321480284,0.48757066785197156,0.5124293321480284,False,0.012429332148028438
movie one greatest movie ever made everything make movie great incredible acting awesome special effect oh wait must thinking good movie well one plain sucked want know kind bone head would think movie casted vote god know go head vote even high come made movie sooooo good give know thought jean claude van damme great dramatic actor,negative,positive,0.34338543277467826,0.6566145672253217,0.6566145672253217,False,0.15661456722532174
well let say something actor really good decision experience actor really brings dialogue life walk even fifteen minute late shock movie already began want miss first joke assuming came not miss never seen movie ended final ending not harsh mean loved surprised really kept going stopped getting ahead let start start began plot outline go like man not give away spoiler spoiler alert sex ever use plot device set story moving intentionally not could go either way funny situation main character containing irony joke awkward situation director us advancement technology combining film shot set scripted dialog music joke make funny movie designed comedy take u journey opening credit end entirely full movie went movie expecting see funny comedy already knew left feeling though left theater played funny comedy ten star,positive,negative,0.5396903625556031,0.46030963744439685,0.5396903625556031,False,0.0396903625556031
last hard men find james coburn outlaw long sentence breaking free chain gang friend head mexican border jail safety no coburn mission revenge kill peace officer brought process killed peace officer charlton heston retired know coburn explains daughter barbara hershey coburn holed shack involved waco like standoff indian woman killed hail bullet fired not something proud collateral casualty feel sorry coburn let u know full well evil man truly heston usual stalwart hero acting honor last hard men go james coburn blow everyone else screen coburn get bright idea making sure heston trail kidnapping hershey taking indian reservation white authority ca touch know heston make personal gang includes morgan paull thalmus rasulala john quade larry wilcox jorge rivero heston chris mitchum along last hard men one nasty brutal western andrew mclaglen directed thinking may project originally intended sam peckinpaugh sure show lot influence liberal use slow motion accentuate violence lot little peckinpaugh lite last hard men film,positive,negative,0.5843770835835838,0.41562291641641624,0.5843770835835838,False,0.08437708358358376
fan c c going back record liked movie one point cable television san jose california aired alternate plot line destroyed entire point movie reference marijuana replaced diamond bag red drop chong diamond instead marijuana conversation still remains worth also subplot clip alien ship added observing c c talking getting diamond end instead space coke something else not sure created version horrible obvious attempting make friendly would better network not aired,positive,negative,0.8536815919331096,0.14631840806689048,0.8536815919331096,False,0.35368159193310955
long hard night partied away walkabout islington needed throat hurt wallet empty ended chatting drug addict trying sell petrol today watched red sonja honestly say felt much better last night right brigitte nielsen lead bunch warrior various shape size recover green rock evil queen whose motif never fully explained yep good red sonja genre known great film peter jackson came along certain trilogy fact best film could think lord ring george lucas willow perhaps view one go little easy film ca poorly written badly acted exception paul smith average dreadfully put together film convincing episode flintstone costume scenery seemingly lifted straight outta bedrock considering source material easy forgive various plot inconsistency sonja insists saving annoying kid world one bewildering personality seems flick spoilt brat polite gentleman flick switch schwarzenegger display less charisma field full cow go motion perfect actor breakthrough role terminator simple kick film fact remains not good film stretch imagination nielsen mourns death sister schwarzenegger tenderly place hand shoulder comfort blurts distinctive germanic accent dead know rough ride smile raised inappropriate point priestess temple sent plunging death hole ground seemed enjoy experience least judging orgasmic moan seemed echo around place watch eighty fantasy film porn watch willow never take ringing endorsement real thing take local multiplex show peter jackson great job lord ring trust oscar really mean great film unlike bloody titanic,negative,positive,0.4617490065011701,0.5382509934988299,0.5382509934988299,False,0.03825099349882988
think pretty good movie one thing make interesting blatantly obvious look main character movie inspiration bully simpson layne jimbo john kearney tony dolph even episode simpson jimbo us line poked stick connection obvious knit hat long hair voice kearney shaved head unlike john big dumb one connection pretty obvious long parted haircut even status,positive,negative,0.7285821939199265,0.2714178060800735,0.7285821939199265,False,0.2285821939199265
interested seeing movie despite article read director tattler magazine judge movie director may may not done debut feature difficult watch found split screen distraction drama film supporting character gave bad performance film copy several film seen really anything fresh,negative,positive,0.4286636704297896,0.5713363295702104,0.5713363295702104,False,0.07133632957021041
hundstage intentionally ugly unnerving study life particularly dreary suburb vienna come former documentary director ulrich seidl adopts approach material however film veers away normal type present u character best described extreme extremely lonely extremely violent extremely weird extremely devious extremely frustrated misunderstood film combine several near plot less episode intertwine time time following character couple day sweltering viennese summer viewer come away film feeling entertained intention point many thing wrong people many ill plague society general film conclusion pretty damning fussy old widower fantasises elderly cleaning lady want perform striptease wearing deceased wife clothes nightclub dancer contends perpetually jealous violent behaviour boyfriend couple grieving dead daughter no longer communicate seek solace sex people abusive man mistreats woman forgives time security salesman desperately try find culprit behind vandalism work site end picking innocent scapegoat mentally ill woman keep hitching ride stranger insulting throw car life disparate character converge several day intense summer heat despair film palpable many scene characterised long awkward silence twice effective whole passage dialogue might scene dialogue event leave reeling particular scene security salesman leaf female mercy vengeful guy beaten raped humiliated thankfully vandalism even arouses sour almost angry taste another scene man lit candle wedged forced sing national anthem gunpoint part punishment nasty wife might want cheer thug receiving simultaneously left appalled unnerved nature punishment indeed stark contrast could act summary whole film every moment moment coldness every shred hope countered sense despair every character could like feel sympathy another encourages nothing anger hate might want turn away hundstage dismiss exercise misery also point uncomfortable truth applauded,positive,negative,0.7572583584074568,0.24274164159254316,0.7572583584074568,False,0.2572583584074568
since norway one top ten richest country world much fun watch use truck live cottage medieval time since strict law come handgun fun see much gun actually norway five minute shooting even managed bring silencer short notice must powerful friend least research going exotic country dude may hurt feeling old old fan hurt feeling,negative,positive,0.22931163320235926,0.7706883667976407,0.7706883667976407,False,0.27068836679764074
pretty ridiculous hope many people exposed muslim live world religion billion follower born bread america religious class teaching taught cherish country work contribute society dedicated following teaching religion stressed life educate prepare oneself success education order contribute back world know many muslim traveled country like pakistan yet meet one person belief hurt anyone not accept religion except people medium wonder also sad extremist one medium use represent whole religion religion one billion people less one percent sure people religion would not like represented kkk ira many simple small percentage extremist use outdated not literal passage respected book order pursue revenge personal business matter called religion,negative,positive,0.47390406074272917,0.5260959392572708,0.5260959392572708,False,0.026095939257270828
antonioni movie aged not well always surprised besides unquestionable plastic beauty dull didactic psychology character situation remember instance conversation mastroianni wicked capitalistic want sing la notte monica vitti laughing peasant flirting train la aventura ferzetti dropping glass ink end film reviewed yesterday zabriskie point film lot nice elaborate shot rod taylor office street highway publicity advertisement desert show fascination author american journey way wim wenders year later unfortunately lot clichés spoil movie boy leaf meeting steal aeroplane fly desert order liberate find something different executive grey suite speak time speculation girl look object woman swimming pool leaf want not like couple fat caravan speak front beauty nature building hotel earning lot money last not least lot couple making love desert hippie platitude sorry today half century revolution la aventura see king naked film except le amiche perhaps il grido handful aestheticism commonplace,negative,positive,0.47264391518806825,0.5273560848119317,0.5273560848119317,False,0.027356084811931747
blaxploitation classic movie terribly influential rap music toast rudy ray moore performs toast long rhyming story funny deliver point see would naturally evolve rap toast rudy ray moore movie important go leaf u talk movie movie pack great deal bang buck nearly every shot sort outrageous element dialogue start dolemite released prison order find framed bring justice unaware prison release people prove innocence neophyte prison scene helped queen bee dolemite lead prostitute running brothel gone also put prostitute karate school army female karate watched movie two part usually mistake case provided interesting contrast first part watched lunch break exercising enjoying much struck particularly poorly made blaxploitation ludicrous story shoddy guess make sound like ton outrageous locale outfit dialogue enjoying fact kind made feel dirty let face white guy watching something like laugh outfit thing character say essentially getting enjoyment racist ridiculously black people dress silly thing say really enjoying laughing looking forward watching night much relaxed state watched legitimately loved like disco godfather watched day previously warmth sweetness core make likable even silly violent character dolemite element make whole thing fun appearance several actor also disco godfather implies watching group effort bunch friend want make something fun together even poor dubbing karate fight everything else make much find interesting dolemite film moral ambiguity see blaxploitation film certainly mainstream film one woman give speech white mayor saying done black community anyone later find mayor surprise corrupt like movie would present woman essentially misguided not try redeem way also figure hamburger pimp presented useless junkie no one make effort find redeeming socially positive angle disco godfather religious character lady reed play presented nut wanting pray child hopelessly lost angel dust like film would present harshly critical portrayal people community without trying redeem make lot hootworthy element dolemite say move let pas gon na pulling hush puppy muthatf queen bee reaching answering phone dolemite total experience not able miss though may wish cover eye extended nude scene repulsive mayor mustachioed pervy older men even limit usually mile past people warned dvd clearly edited noticeable certain dialogue scene end dolemite killing major character bare hand obviously excludes main get dvd however sure watch three trailer dolemite film hoot going watch human tornado seeing trailer better believe also scene dolemite trailer remember movie dolemite swing thug obviously miss guy flip nearby car watching first half going say skip watch disco godfather story marginally improved really enjoying second half would advise watching one disco godfather one even exuberantly fun outrageous toast even one understand root nuance form still something check review website bad cheesy movie cinema de merde,positive,negative,0.5439459367481865,0.4560540632518136,0.5439459367481865,False,0.043945936748186476
step fair dance film kid get big performance break film average every way little viewer jock fight external prejudice become dancer accomplished partner teach see something special acting fine dialog directing little add overcoming predictable story none less still feel quite good outcome film dark scene typical generalization dancer went little overboard class film moderate continuity error dialog mishap scenery good character held true life worth watch like kind film,negative,positive,0.32408156364439367,0.6759184363556063,0.6759184363556063,False,0.17591843635560633
wish knew make movie like seems divided two part action sequence personal drama ashore follows ashton kutsher survival swimmer school guided master chief kevin costner alaska couple spectacular rescue take place last resulting must say scene beach struck stereotypical many way barnacle encrusted typical bar room fight navy guy coast guardsman puddle pirate experienced old timer costner elderly bar tender tell married coast guard older chief keep trying prove still nineteen neglected ex wife ashore kostner pay farewell visit seemingly sadistic demand placed swimmer instructor pursuit loftier goal gifted young man hobbled troubled problem seen kevin costner clint eastwood john wayne lou gosset vigo mortenson robert deniro elsewhere climactic scene element drawn shamelessly perfect storm dead calm none fresh none old stereotyped character situation handled work best kind documentary go swimmer school could happen afterward even little weak get much way instruction mostly personal conflict romance tension washing shame coast guard rather noble outfit official mission safety life property sea war time transferred navy department serf combat role world war ii coast guard even managed medal honor winner learn much really learn much anything film devolves succession visual display not much else disappointment,negative,positive,0.35038178562372724,0.6496182143762728,0.6496182143762728,False,0.14961821437627276
anna life family new housing estate outside city husband sebastiaan year talk much anymore working visit abroad female colleague commits suicide anna deeply impressed death even though hardly knew nobody seems know took life first time anna realizes one unknown among dearest anna mention incident back home start observing husband child guernsey story woman suddenly start looking life wonder got drifted apart people closest translation dvd cover text synopsis hope find useful movie imdb plot summary yet date,negative,positive,0.26235175885013096,0.737648241149869,0.737648241149869,False,0.23764824114986904
nothing worse genocide world history film attempt describe horror faced one particular family common narrative device atomic bomb world hiroshima memorable part graphic saddening image people hiroshima face aftermath war story however becomes concerned effect specific group people cope getting life word really care film grows boring hard not care though family homeland wrecked not sure would recommend film say little politically honestly not keep interest family trouble,positive,negative,0.6344337131509545,0.36556628684904546,0.6344337131509545,False,0.13443371315095454
spiderman one first comic book initiate change genre spite well made superhero comic book first series ever added real psychological depth main character complex moral issue round character also highlighted social political issue word spiderman comic book coming age tv series lack component straightforward good buy bad guy tv series suffering obvious budgetary rerstraints make action scene moderately exciting spiderman nylon webbing convincing cardboard rock star trek nicholas hammond way old role point time think well thirty wheras spider man really teenager time unfathomable reason writer also changed name deleted important character comic book resulted tension character basically disappearing,negative,positive,0.3600138761017777,0.6399861238982223,0.6399861238982223,False,0.1399861238982223
opinion movie entire video portion movie absolute trash however soundtrack used contained music great heavy metal rock band recognized music band called firstryke album nightmare well written curious see rest movie buff think remember back far would appreciate feed back collect old movie obscure movie sound track time consuming hobby rewarding seen band music sold germany net around fifty dollar per album not bad hugh,negative,positive,0.24037569946946968,0.7596243005305303,0.7596243005305303,False,0.2596243005305303
anyone remote interest science fiction start basic everyone say star war star trek best science fiction film begin fine truth terminator movie soylent green far better choice series soylent probably science fiction best kept secret remains one biggest yet forgotten film impact setting becoming reality passing day charlton heston overdramatizes role yet work edward robinson final role make soylent green anyone else final scene manhattan world overcrowded food unbelievable fortune small jar strawberry jam cost big executive soylent company murdered police detective thorn secret soylent green not mystery research movie soylent enjoyable watch whole screenplay joke cheap entire production screenplay dramatics actor made movie yet completely hilarious everyone seems moron no one know rule specifically cop thorn like waltz people apartment peruse around shamelessly steal anything want character interaction keep attention movie still realize soylent green suck enjoyable piece time not expect anything,negative,positive,0.30972884356509256,0.6902711564349074,0.6902711564349074,False,0.19027115643490744
saw movie accident tv one night year old similar accidental viewing terrifying ending look went venice holiday next year silent terror hoping god parent would find watched would minded parent knew watched le valseuses kid probably avoid subject dad even nowadays mum probably disapproving afterlife know want see anyway stalking trapping woman block flat first scene sliding mountain road glazed satiated eye never sure whether film insensitive piece trash disregard sexual revolution sexy liberating movie watch dawn could never offensive definitely violent violent view sex virtually no acknowledgement love even suckling young baby mutates greedy sexual act exploitation scenario erotic god british arousing suck breast good exploitation getting woody fellow go search experienced older woman find know end truly gruesome suicide described friend jb nelson cannibal went eeuurrgghh no motherly love movie quite opposite mutilation boy began shoot girl leg come back woman need punished learn right men thinking two movie one wish never seen make wish harsh world swept pile insanity compute never offended woman punished woman becomes slave man maybe madonna saying everybody respect guy ritchie im enraged cant use punctuation upon time god noodle destroys path joy following whole life close finally finding love deborah destroyed sergio no rape le valseuses lot sex nakedness abundance sex honest no titillation no fantasy shag no perfect hollywood smooth move joke yes much darkness jealousy trickery call sex comedy forget carry shooting naked hairdresser leg co come back hook lover vengeant son learn cum thing ca stand rape movie prison movie le valseuses rape movie god nobody going want watch brilliant movie,positive,negative,0.5808143370759604,0.41918566292403964,0.5808143370759604,False,0.08081433707596042
ernest borgnine wasted no point putting great actor greatest actor world wasted reason none ever america want put classic actor movie waste,positive,negative,0.9605123163771849,0.039487683622815115,0.9605123163771849,False,0.4605123163771849
say domino principle enormously underappreciated taken time investigate contemporary history conspiracy jfk rfk mlk fact numerous others draw conclusion author domino principle really knew talking tucker could lee harvey oswald james earl ray sirhan sirhan arthur bremer maybe even john hinkley timothy mention conspiracy scenario involving spy big business political assassination not really fiction ominous part convoluted existential help u domino principle fact cause little loss sleep maybe take word investigate,positive,negative,0.5066486075541903,0.4933513924458097,0.5066486075541903,False,0.006648607554190278
french film seen enjoyed talk action okay found interesting intriguing actor however one point wonder gerald depardieu every french film ever made seemed way movie interesting visuals good opening became talk talk talk fine drama not murder mystery awhile almost fell asleep watching film like play almost scene played one room thus love play like want little bang murder story,negative,positive,0.49364939157144794,0.5063506084285521,0.5063506084285521,False,0.0063506084285520625
indonesian musical movie never seen indonesian musical movie like one made bollywood miss spirit story bunch called poetic story love two kid separated meet year change no special remark simple story plot quite focused though meant musical story line character saved brilliant acting neglected main actress may try live character best could trying casting feel necessity put balinese student story course not unnecessary strange thing would want watch movie maybe mango,negative,positive,0.3658850557893989,0.6341149442106011,0.6341149442106011,False,0.1341149442106011
movie remake two movie lot better last one heaven wait great suggest see one one not great last third movie not bad chris rock start show comic fun got today however know happened first two part movie play like really bad b movie people sound like bad tv situation forced like trying get story start real movie seems real fake editing bad know could release movie like anyway last part bad wait video see,positive,negative,0.7597503793398258,0.24024962066017416,0.7597503793398258,False,0.2597503793398258
thought film enjoyable watched film wife first child therefore not watching simply family entertainment still thoroughly enjoyed seems though many review pointing movie not earth shattering no unexpected plot change movie predictable boring people watching movie expecting religious experience obviously going disappointed simply animated movie nothing want see movie simply sit back let entertained not disappointed closing definitely not best movie disney made entertaining not understand bad reputation received,positive,negative,0.5470054238292139,0.45299457617078603,0.5470054238292139,False,0.04700542382921391
truly friendly charming cordial unpretentious old serial rejoiced seeing old lugosi disarmingly friendly lively document craft best tv series today hardly compete old moderately good serial chandu deeply deeply optimistic hedonistic refreshes mind not stupid stupid not get term serial work chandu irresistible sense simple unpretentious friendly giving away occidental sorcerer go also eastern name also love protects niece sect exerts supernatural gift rather discreet moderate quite sexy niece nadji kidnapped priest ubasti sordid vindhyan poor sexy girl fact multiply sarcophagus sent asleep flower almost kidnapped boat phony policeman temple lemuria strange creepy ceremony resemble king kong barbaric mockery rcc ceremony ritual would protect girl bravely chandu lugosi looked like old libidinous quite heartless mean drunk contributed performance prototypical mean drunk uncle mischievous cunning oblique might sound like rather crooked homage burton biopic wood left impression lugosi allied strong sympathy decrepit actor enjoy lugosi fancy serial unjustly bashed,positive,negative,0.5358926052259882,0.4641073947740117,0.5358926052259882,False,0.03589260522598825
thought movie really good end showing viewer end leila kept leila sick husband jim worried work work forgot anniversary also sloppy could take anymore left see would miss movie show miss even try make night messed go try bring home end finding another man named schuyler seemed like man always wanted neat notice end sorta foreshadows look schuylers shoe way let cigar ash fall floor way jim kinda thing jim end making lot money cleaning leila think end kept husband thats really wanted changing,positive,negative,0.5499917437964708,0.45000825620352924,0.5499917437964708,False,0.049991743796470756
saw movie original italian must said acting interpretation heavily polluted trend speak severely muffled voice not moving lip straining tone emerged real life late massimo girotti tower upon character intensity clarity expression intellectual honesty movie good hint another comment mine lack focal point dribble away many lesser lesser relevance another trend dragged tv production well known italian drop style could spared public patisserie drag charm aesthetic cooking plus sensual payload sweet see chocolat babette lunch vatel etc hammam fairy definitely truthful seems ozpetek learned tune italy early humming along give last chance though,negative,positive,0.2993412975944282,0.7006587024055718,0.7006587024055718,False,0.20065870240557182
wild obvious resemblance time ridgemont wild come stan wrote comment course wild life no ridgemont ridgemont quintessential flica however wild life enjoyable not whiny mindless movie mindless movie especially know supposed mindless movie first place little latino scarface movie straight disrespectful got visa masterrrrr charrrrge colonel also make appearance lawsuit rip colonel movie no worse comparison genre btw no worse term teen comedy much feel cameron crowe movie staniels gave,positive,negative,0.6201366779315391,0.3798633220684609,0.6201366779315391,False,0.12013667793153915
real shame nearly no one know top writing michael magazine article snl skit genius time true shame anyone may take opportunity research work no doubt take easy way watch thus leading mr mike mondo video movie clever element never fully connect funny bone viewer experience thing cat man think found feline happiness hurling kitten pool camera follows slow motion montage sequence taken island past fad retired hula hop pet rock rainbow dread wig etc enter music world punk new variety music time film rate bar performer rootboy slim performs boogie till puke lazy style dirt eclectic sleaze real beauty back ground music many different style many different instrument sound telstar play understand telstar first american satellite launched space theme created celebrate man genius triumph mr mike seems meant signal societal decay ridiculous waste one thing theater offered video release not live performance sid vicious ex sex pistol not wrestler singing way version different sinatra one might imagine frankly feel much worth listen good sad vhs release paul anka refuse right song viewer forced experience minute silence explanation rolling across image singing dead sex pistol would give theater release video closer much passé see many people would give want see good script watch scrooged better tribute man insight talent,negative,positive,0.3284475326928631,0.6715524673071369,0.6715524673071369,False,0.1715524673071369
die someone bury difference give damn huh thus philosophy life lack summed less classic nevertheless fun spin sergio leone dollar trilogy opening scene three obviously evil gunman ride western town menacing glare intimidate pathetic normal people hiding home observant watcher notice three bear striking resemblance character leone dollar one guy eastwood poncho one lee van cleef black suit one seeming act like gian marie volonte indio movie not guy no sooner ride town gunned someone even cooler mysterious bounty hunter known simply altogether different obvious copying leone good bad ugly three gunman vying hidden treasure bounty hunter mexican bandit stranger george hilton supercool bounty hunter penchant shooting people dressed like priest reward bandit monetero gilbert roland monetero gang steal three hundred thousand gold coin stranger get sidetracked normal line round trio edd byrne corrupt bank executive clayton want money money hidden away man know get shot clue hiding place medallion show family crest game find treasure anyone else gun plenty gunfight fist fight double cross action take three ultimate showdown ripoff three way draw hidden treasure ala good bad ugly movie not good leone film course end give damn huh movie fun nihilism spaghetti western style no rule no enduring loyalty no right wrong treasure whatever take get though movie not classic ending surely hey maybe get along hundred thousand like spaghetti western check one fast furious worth look name evren buyruk crestline california,positive,negative,0.6721680548304939,0.3278319451695061,0.6721680548304939,False,0.1721680548304939
fan seeing movie gf called said free advanced screening pas tagged along sake seeing eva longoria laughing jason biggs actually better expected not much like hybrid lose guy day like heaven typical romantic comedy moment guess movie quite short though around min enough tell whole story build character development decent happy ending whole idea ghost haunting former husband interesting plot follow eva good job keeping sarcasm paul rudd rest supporting cast especially jason biggs kept laugh coming smooth liked movie good amount laugh keep going otherwise would given movie lower rating hey chick flick reviewing movie guy persepctive alright would fair fight female reviewied movie gave thought,positive,negative,0.5218577410287633,0.4781422589712367,0.5218577410287633,False,0.021857741028763256
movie definitive finally caught hbo night remember came theatre telling friend would never hit american want movie history especially movie idea action know reason fmlb well finally seen add observation dwight schultz fine star trek lead movie kept expecting shout jon phrasing tone voice sounded like trying stage emphasize strangely various word phrase second enjoyed sly positioning paul newman character manipulator every turn strives herd cat scientist along get goal third discussion moral implication creating bomb whether u use probably not enough depth seemed awful lot twist thrown dramatic effect know much event movie true life thing like test bomb slip chain lab accident caused spilled coffee cup scientist killed result stretching bound believability maybe stuff event similar really happened sure felt like various scene added solely dramatic effect undermined whole tone purpose need read actual event know top mostly accurate,negative,positive,0.4018454327385481,0.5981545672614519,0.5981545672614519,False,0.09815456726145189
stooge back funnier ever brideless groom opinion probably best shemp opportunity inherit probably million dollar compared today dead uncle catch marry someone day shemp bachelor not many admirer except one high pitched aggressive annoying singing student want want someone little victoria secret model type woman obviously no choice since no collin ferrel printed paper inherit money married ex girlfriend want man back attack great stooge flick thewinners stooge flick,positive,negative,0.6295283176116728,0.3704716823883272,0.6295283176116728,False,0.12952831761167283
reality show like american idol enough judge like simon cowell shoot barb contestant trying make mark music world barb many time reduced even outstanding singer tear deemed bad performance america next top model past three year invaded boob tube version looking next big thing business value superficiality concept beauty body concept created tyra bank also judge show gather fifteen contestant walk life submit innumerable task must prove talent front camera subject not departed janice dickinson american first supermodel equally catty jay manuel nore marin may one point focus one girl not performing well blithely rip shred like bad morning coffee like many show week one contestant voted must pack bag immediately leave thing reminded tyra every turn course bitchy tension several female female bonding tear dramatic swell music key moment truly breathtaking picture transform erstwhile ordinary pretty girl unattainable admit show guilty pleasure maybe state mind kept wondering vomitorium case already thin girl would need hurl make cut look way judge photographer many fickle designer would feel correct moment even drawn despite previous paragraph possibly always interest fashion world always loved watching stunning woman made even unworldly make perfect lighting wonder going increasingly difficult photo shoot competing fear factor shoot look like fight scene crouching tiger hidden dragon shoot model pose underwater almost impossible situation next posing tied train track oncoming amtrak roar upon mile hour shoot underwater chained trying set free record time time looking smashing chiffon never ever forgetting smile pearly white camera pit pendulum version photo shoot one thing show given kudos way akin american idol probably going justify harshness show abrasive judge essentially go initial paragraph america next top model show extended audition like american idol girl get sort test treatment receive real world prospective designer photographer monstrously fickle crush bit drop hat ca sell way expected one asked leave another supplant necessary requirement make wonder girl would want get difficult medium dream made fifth season major disappointment departure janice dickinson run pretty tough barometer girl walk talk emote express ultimately present walking living product sell cold addition twiggy wonder go twiggy ca replace temperament dickinson janice absence show lost edge may even signaled slow demise meantime still catchy pleasure watch mindless entertainment weeknight gorgeous visuals show launched adrienne curry spotlight curry made name due fact less modeling much theatric one time child actor christopher knight reality soap opera,positive,negative,0.5294456992673353,0.4705543007326647,0.5294456992673353,False,0.029445699267335312
leon errol handle double role uncle matt lindsay lord basil epping superbly trouble liking mexican spitfire series contrived produce mistaken identity telegraphed way advance errol funny stuffy lord epping would preferred lot wit much less repetition,negative,positive,0.4712662638092511,0.5287337361907489,0.5287337361907489,False,0.028733736190748926
good film not solely based beautiful garden hill top surprised see two award extremely overrated first saw kind film china visually stunning also really something captivating say well year ago sure still coming not one afraid,negative,positive,0.13077089168745892,0.8692291083125411,0.8692291083125411,False,0.3692291083125411
let get one thing straight get not normal scale bad movie scale kind movie rent purpose intentionally walk knowing horrendous knockoff shun everyone else went one promise movie snake train delivers gore really good character awesome role come everything stoned train pilot teenage girl trafficking drug even electrical engineer getting pimp get see topless nudity explosion snake gore mexican main lead running around curing girlfriend hitting crack pipe blowing smoke face mentioned many others movie pacing bit respectable nonetheless movie like keep group tradition banding together chipping buck two watch masterpiece no better time spent coming together enjoy good bad movie could learn thing two like fine flick alien boa v python big shoe fill solid,positive,negative,0.5322098922724589,0.46779010772754115,0.5322098922724589,False,0.03220989227245885
seen film antonioni people saw one agreed share theme imagery rest work maybe seen stuff would enjoyed one knowing expect saw almost complete failure many reason first film introduces interesting deep issue social relationship feeling nature reality versus fiction often done clumsiest way making character speak delivering speech rambling juxtaposing declaration rather dialogue scriptwriter seem worried not get point prefer tell instead movie no rhythm especially first half not slow slow film made excellent sense pace rhythm el sur victor erice scorsese age innocence example like successful necessary find character engaging story moving adapt not happen beyond cloud first episode seems drag endlessly relationship john malkovich reality love story fiction time fluid others abrupt others confusing,negative,positive,0.19564746538903877,0.8043525346109612,0.8043525346109612,False,0.30435253461096123
far know show never repeated uk television original run late early episode sadly missing presumed wiped however still exists entirety recently got chance watch best part decade rushing home school freewheeler essential viewing many contemporary back halcyon day flared trouser slade chicory tip watching brought nostalgic lump mind bad hammy acting unintentionally amusing fight scene plot hole wide enough pilot large yacht frightfully frightfully rada accent lead forget freewheeler harks back bygone dare say golden age kid tv drama show simply fun take seriously became obsessed ishoos today screenwriter young protagonist fret relationship pregnancy drug stis doubt remade modern audience day political correctness bos figure would black female one young male hero would muslim would white lad confused sexuality girl would iq scale forever getting lad scrape making look foolish word million mile removed wendy padbury deferential show much time bad thing one think,positive,negative,0.5427568893808725,0.45724311061912754,0.5427568893808725,False,0.04275688938087252
plenty time kill dvd given friend free still may require lot courage watch film not good script humor acting front imran frozen tushar kapoor slightly better imran movie paresh rawal good comedy usual story revolves around college campus imran bad boy n tushar good one pretend opposite respective nature story go watch thing film running local cable tv,negative,positive,0.40919216420341675,0.5908078357965832,0.5908078357965832,False,0.09080783579658325
spoiler took year bruce campbell finally put masterpiece man screaming brain screen campbell alter story due financial problem take place sofia bulgaria not initially wanted filmed los angeles film burce campbell play u pharmaceutical tycoon willian cole travel together spoiled rotten wife jackie antoinette byron former communist republic bulgaria william want help finance bulgaria almost mass transportation poor william misfortune get involved gypsy woman tatoya tamara gorski yegor valdimir kolev taxi driver two william yegor unwittingly end shearing brain inside william skull tatoya jealousy tatoya murder william yegor body delivered mad scientist ivan ivanowitch ivanov stacy keach loyal assistant pavel ted raimi brain experimented ivanov theory two head better one material william yegor available ivanov last finally going prove ivanov going sadly find fusing two head brain together brain wave overlap cause not malfunction turn william yegor right lobe fused damaged brain find tatoya make pay damage caused yegor yegor part stuck william head like dislike food drink totally opposite cause lot tension hostility two brain fighting control william body thing get even screwed jackie finding tatoya murdered husband william confront dangerous high crime section bravoda call gypsy town end murdered brought back ivanov assistant pavel determined no body available plant jackie brain inside experimental robot pavel working operation rousing success drawback jackie brain inside robot brain recharged every hour like real brain lacking oxygen die together robot comedy horror flick william yegor turning bulgarian town bravoda upside trying find tatoya make pay life sad state existence put spoiler alert ivanov fact save day discovering keep two brain fighting thus cooperating done instead fusing brain together ivanov keep independent implanting neutralizing cell wall two uncooperative glob gray matter,positive,negative,0.5668410718937209,0.43315892810627915,0.5668410718937209,False,0.0668410718937209
well done action movie plenty fight scene acting convincing genre awesome know people feel compelled trash thought effect executed nicely design looked great plot acceptable martial art said must tell richard sun one worst actor hong kong ever watched least right idea killing thought sam lee alien bad actor meant taken seriously pleasure watching cop prequel sam lee played character way please guy watch highly reviewed oscar winner not judge thinking man movie supposed require thought meant enjoyed hope make another soon,positive,negative,0.5868092555210053,0.41319074447899473,0.5868092555210053,False,0.08680925552100527
vampyres aspect ratio format monoa motorist murray brown lured isolated country house inhabited two beautiful young woman marianne morris anulka becomes enmeshed sexual lifestyle host turn vampire frenzied lust human blood taking cue lesbian vampire cycle initiated maverick director jean rollin france consolidated success hammer carmilla series uk jose ramon larraz daring shocker vampyres pushed concept adult horror much british censor prepared tolerate film cut almost three minute original british release difficult see using gothic theme pretext much nudity sex bloodshed film short running time allow larraz wrote screenplay pseudonym daubeney us commercial element mere backdrop languid meditation life death impulse sexual otherwise affirm human location picturesque country house autumn harry waxman haunting cinematography conjures atmosphere grim foreboding desolate countryside bleak beautiful equal measure seems foreshadow whirlwind impending horror larraz pulled similar trick earlier year symptom thriller erupts frenzy violence final reel however despite pretension vampyres plot production value divide audience outset two female protagonist charismatic appealing could wished male lead brown past prime time filming woefully miscast role gone beautiful twentysomething stud item cult movie fan amusing curio everyone else vampyres acquired taste watch silent era superstar bessie love brief cameo end movie,negative,positive,0.41097540229199603,0.589024597708004,0.589024597708004,False,0.08902459770800397
alright want go see movie give money count amount fun guarantee fun movie show happens whenyou ca get one else hire family forced makeyour movie going puberty humor joke justdumber grosser movie really disgrace movie goer theytry shock laughing ca believe level theyhave stoop make laugh offer stand,negative,positive,0.4849093167131514,0.5150906832868486,0.5150906832868486,False,0.015090683286848594
victor jory never became major star better known later character role early lead handsome excellent love scene loretta young romantic adventure thriller passionate kiss look real osborne standout also play woman reputation character good print saw not clear joy rare movie like turning sort watchable condition still intact nothing truly special one willing sift movie era similarly intriguing title one likely find suprtb movie,negative,positive,0.14542949346997747,0.8545705065300225,0.8545705065300225,False,0.35457050653002253
rickman sexy good stranger less convincing reedus sort sexy not consistent actor could director fault case supposed find alluring extreme pretty not enough thwarted wife almost convincing year marriage rickman character settled whether role incompatible not must pattern get although think wife bit stiff role not convincingly attracted stranger failing unspoken bonding rickman character stranger better done even not sure miss rickman sexy english accent luckily slip american pattern disappointing great acting,positive,negative,0.5072188742409554,0.4927811257590446,0.5072188742409554,False,0.007218874240955353
could give film bad rating bad review two reason robin williams toni collete film potential thriller slight disturbing element lean psychological something film could focused little robin williams play gabriel noon storytelling night time deejay going personal issue lover move gabriel seems case storyteller block one day receives read story written dying old boy named pete boland rory culkin pete tell story life abuse suffered hand parent life adopted mother social worker donna boland toni collette gabriel fascinated begin friendship pete thing seem strange gabriel attempt meet discovers possibility pete boland may not even exist wo go detail want spoil film tell quite predictable fascinating atmosphere telling story good performance robin williams toni collette thought film key character collette without question one talented loveliest actress ability tap psyche personality character portrays uncanny hope see win oscar hell think might pull getting best supporting actress nod one script little better film start psychological thriller predictable one curious know film ending twist see film otherwise would rent another predictable thriller called hide seek,negative,positive,0.49547008813893756,0.5045299118610624,0.5045299118610624,False,0.004529911861062441
ahem think one saying yes lil bored film not say bad movie fact good attempt portraying innermost emotion dilemma sorrow love esp director debut read somewhere true felt something not quite right maybe not drawn character enough immerse world simple story ordinary people ordinary life simple short dialog director try relate simple guy life cope news illness laughing away every time oh ya laughter kinda cute first gradually get deep hearty roar gentle man must say feel impact reader felt fact drawn trivial scenario like spitting watermelon seed si clearly show comfortable granny came back another shot kinda melancholic thoughtful gesture writing procedure dad hmm predictable misunderstood independent film cup tea perhaps really high expectation watching many deep film stronger imagery asian film worth watch tony takitani depicts loneliness wayward cloud dialog sassy girl like loneliness well gangster life local setting sunrise sunset mention even though not asian film fan understand,negative,positive,0.33773921283327335,0.6622607871667266,0.6622607871667266,False,0.16226078716672665
often case film character not usually make good drama downloading nancy no exception supposedly based true story woman murdered request someone meet protagonist nancy maria bello married albert rufus sewell albert successful software developer developed golf game company successfully marketed various bar unlike human being albert virtually no positive attribute except ability successful business world throughout film albert grim dour expression face no sympathy wife emotional problem resort patronizing prostitute wife asks sex punishes masturbating presence equally character not loveless year marriage sexually abused uncle growing thankfully no flashback back story film take form result forced therapy however contempt therapist no progress nancy depressed contact louis internet sort sadomasochistic gigolo sex woman money inflicting massive amount pain boot revealed louis two child no longer see child mother no longer want anything plan first painful sex louis kill particularly unpleasant scene louis sex nancy slashing vaginal area broken piece glass scene shown flashback louis pay visit albert tie strike golf club seems louis plan going see albert berate treatment nancy enjoy beating receives take awhile louis reveal nancy force albert favor taking dog relative someone care future nancy fate course louis finally ended choking death showed hesitation first made clear feeling soon learn louis imprisoned life nancy exactly take away film downloading nancy supposed feel sorry victim sexual abuse domestic violence main point film sympathy nancy actually warranted think film writer create straw man character cut emotion one held responsible nancy decline people real life think not repulsive louis man make living inflicting pain come berate albert neglecting nancy furthermore expression love towards nancy kill supposed show sensitive end matter little whether filmmaker defined sympathy lie various character film bent titillating audience scene gratuitous violence downloading nancy becomes nothing exercise poor taste soft pornography,negative,positive,0.39481567177320676,0.6051843282267932,0.6051843282267932,False,0.10518432822679324
something kind sad seeing someone good something try something different end mediocre thinking jordan playing baseball applies steve movie reasonably well acted directed script stinker martin great job adapting classic story comedy roxanne effort bring victorian drama contemporary scene smack straight wall implausibility want see old story updated style best rent great expectation,negative,positive,0.45519087209398745,0.5448091279060125,0.5448091279060125,False,0.04480912790601255
wizard lost kingdom movie young prince simon banished kingdom due father king killed cliche evil adviser movie simon adventure special effect plot acting generally everything movie bad however bad funny keep watching movie simply bad funny like reviewer movie said bad good,positive,negative,0.8632430160812353,0.1367569839187647,0.8632430160812353,False,0.3632430160812353
water show plight indian widow late say end problem still exists largely giving statistic end refers gandhi several time movie finally scene depicting nothing extra ordinarily innovative new movie yes cinematography pretty impressive not soul movie india several problem like many nation got rid many problem large movie made racism america particular year end x number american still experience racism today would relevant b would thing extra ordinary depicted view read deepa mehta interview movie interpreted voice marginalised every review read every common thing hearing director great job brave bringing problem world movie specific problem society faced got rid reform large not see thing earth shattering movie moreover movie lacked soul shifted plot chuiyya kalyani sarala young sri lankan actress portrayed role chuiyya superbly thing impressed movie sadly,negative,positive,0.22154856832229775,0.7784514316777023,0.7784514316777023,False,0.27845143167770225
ken loach showed world flip side swinging london poor cow london woman joy carol white hooking thief son see man end slammer friend terence stamp manages help prof little better loser soon becomes clear joy going make serious decision going thing determined know whether not accurate use irony movie name joy experience no joy life even intended still movie recommend everyone featuring song donovan one color appeared another terence stamp movie limey incidentally came old parent poor cow came,positive,negative,0.583841563278104,0.41615843672189606,0.583841563278104,False,0.08384156327810399
okay preview film tell rebellious young girl go live grandmother summer order straighten actually not case young rebellious year old girl reveals secret mother believe telling truth honest really enjoyed concept movie really good plot really good theme relationship mother daughter not however enjoyed watching lindsay lohan acting reality movie would great someone else perhaps better actress character rachel lohan sexually aggressive person sort reminds u real lindsay take away lot however think put lindsay aside enjoy film ending pretty great sad,negative,positive,0.24293115712260704,0.757068842877393,0.757068842877393,False,0.25706884287739296
unusual yes unusual setting american wartime movie new subject matter four sister relationship american soldier one bearing illegitimate child dead son senator another living seven marine one time murdered returning pow new zealander see paul newman deliver poor performance soon unforgettable role rocky graziano brilliant somebody love two fine star joan fontaine jean simmons leave little could bothered write review poor film give miss,negative,positive,0.26616533069947124,0.7338346693005288,0.7338346693005288,False,0.23383466930052876
henry fool better film perfect way film like henry fool take henry seriously lie mysterious aura even opening shot henry fool simon put ear ground henry come walking hill fully manifest fay grim joke less writing film joke good opening film little saturated also hartley use dutch angle throughout film jarring yes intention feel forced go beyond jarring like call annoying flawed film must see hartley henry fool fan listen stupid review watch unless seen first film intrigue satire wit movie totally lost seen henry fool sequel dumb,positive,negative,0.5070534688638786,0.4929465311361214,0.5070534688638786,False,0.007053468863878587
film make no pretentious effort hide true genre campy b movie flat tell beginning definition campy also given adjective meaning cheese two come together film way make go hmmmmm stupid laughing example scene back century japan show couple samurai walking foreground temple background temple several tourist looking distance slipper short hmmmm hahahah could not stop laughing acting go decent bearable oh lord make funny see decent actor find others really terrible digress somewhat though seen stephanie sanchez several play awesome air time film pretty short though also seen bryan yamasaki several play island visit also better theatre movie anyhow entertaining film got nothing weekday evening,positive,negative,0.6012694304998535,0.3987305695001465,0.6012694304998535,False,0.10126943049985349
im huge lillard fan ended watching movie honestly doubt movie would enjoyed much even watched watch realize story pretty decent bad ending must say see coming low budget movie actor really good rated movie suspense wondering lillard actually really keeped interested good rental,positive,negative,0.6034401176074076,0.39655988239259243,0.6034401176074076,False,0.10344011760740757
although film made dogme emerged predominant method filmmaking digital triumphed strike get point masterpiece clearly anticipated development corin nemec outstanding well author narrator pace slow elegantly cinematography beautiful record next time guarantee never see better nostalgia movie never felt good,negative,positive,0.3693200027974518,0.6306799972025482,0.6306799972025482,False,0.1306799972025482
creation better dead competition better dead would win star power one crazy summer outshines savage steve better script problem one crazy summer ocs casting better dead bod cast much better friendship ocs show cusack giving hateful look bill murray little bro trouble set outrageous friend ocs genuine friend bod plot good predict even predictable part go think could even though better dead ugly stepsister worth look see demi moore plastic surgery no reason john cusack fan got ta see say like bobcat golthwaite sorry like either ca escape one least great job film tribute another movie monster editing needed help beach part not much complain overall good funny try not compare bod find lacking sigh,positive,negative,0.7060961952786473,0.29390380472135264,0.7060961952786473,False,0.2060961952786473
not think movie deserves low rating give one best teenager horror film ever seen saying lot nothing left without explanation back character plot break countless horror movie stereotype got nothing horrible piece submitted lately clear example mindless saint ange first minute might downright boring exception beginning although minor light mistake easily spotted arrival village though horror different twisted kind plot detail goof minor character movie strongest point given many clichés broken example two main male character nick wade not mean idiotic type used although dalton might fit better stereotype not one pay lack consciousness scene truly satisfyingly horrible making tense moment scattered around film end although everything decorously explained easy see thing wo go easy surviving error see not imply continuity ie carly not finding cut finger unconscious bo pocket illumination somehow annoying first boring minute although plot everything drastically cruelly twisted arrival main character ambrosia little village midst nothing give pretty much argued movie illogical two people build entire house wax get wax would uprising question people would paid attention movie sinclair brother not build house wax mother worked making actual wax figure exhibited museum scenario paris hilton unfortunate character meet untimely death answer second question personal object mobile phone car clothes dead people using third brother connection exterior pretty much arguable sinclair twin obtain money necessary buy wax aside think movie deserves lot get nobody lose chance watch go see house wax right,positive,negative,0.7452684528249132,0.25473154717508684,0.7452684528249132,False,0.24526845282491316
dare rudd john wayne sidekick dink hooley syd saylor itinerant cowpuncher ca seem stay one place long helltown boy headed montana meet rudd cousin tom fillmore johnny mack brown offer job hoot see boy wearing apron start cook herd although dare becomes self conscious miss judith marsha hunt ride camp judy tom girl attraction dare evident early cattle herd move promotes dare running drive partly prove judy may not task meanwhile bad guy bart hammond monte blue eye fillmore cattle henchman fail rustle herd figure easier win money dare paid end trail conning dare rigged card game man brady james craig dare money begin evaporate hand hand dare fails show back fillmore ranch tom go find cousin exposing cheat tom dare dink high tail bad guy get revenge helltown also known born west released favorite film corporation couple year wayne series western lone star production slightly alters lone star formula wayne get girl end film trying great runaway horse scene wayne rescue marsha hunt johnny mack brown horse complete somersault spill syd saylor nice job comic relief pal best sell lightning rod unsuspecting victim replaces familiar face george gabby hayes yakima canutt staple lone star film john wayne charisma beginning develop preparing leap super star status eventually achieved helltown based novel legendary western author zane grey looking film based grey story try fighting caravan gary cooper light western star victor jory drift fence buster crabbe heritage desert randolph scott,negative,positive,0.3688946576264135,0.6311053423735865,0.6311053423735865,False,0.1311053423735865
tried love movie really kevin bacon play cerebral palsy victim befriended girl whose fantasy digging china flying away balloon way coping dreary existence admit one scene two share friendship simple pleasure soulful piano music play background okay three four type scene maybe nine ten okay okay fourteen sit watch,negative,positive,0.45203113703795184,0.5479688629620482,0.5479688629620482,False,0.047968862962048164
caught flick trail end tape used capture movie truly wanted wanted see saw raquel welch name opening credit decided watch actually mildly entertaining took back wayback machine farcical movie hollywood churned sixty much genre current austin power stuff oh acting not superb nor plot worth watching delightful scenery although welch provided pleasant tape get chance watch absolutely nothing else not snoozer wo rolling aisle wanting either,positive,negative,0.5164081381609988,0.4835918618390011,0.5164081381609988,False,0.016408138160998842
costume drama ill cast without sander superb character actor thoroughly implausible lead eighteenth century rogue known philosophy great good look costar people akim tamiroff frenchman signe hasso dark wig virginal daughter wealthy family carole landis fare best movie open silhouette soubrette naughty girl disappears turn improbably situation good always appealing actress cast closest usual type meant little naughty kind ought light touch leaden affair start finish,negative,positive,0.2872372637160765,0.7127627362839235,0.7127627362839235,False,0.2127627362839235
not see whole deal movie patricia kaas sings yes make film charming singing not enough mean want get benefit one go buy patricia cd enjoy plot simple omit dream main character seem love instantly well instantly forget acquaintance relationship appear almost mandatory little detective story thrown make thing worse first appeared perfect movie ending first screwed come dream measure movie well would remember one already started forget detail,negative,positive,0.25420658569587484,0.7457934143041252,0.7457934143041252,False,0.24579341430412516
jeffrey comb insane scientist whose stem cell research morphed diabolical scheme create hybrid hammerhead shark humanoid life form hoping breed brand new specie using hunter tylo womb wo easy tylo tough broad boyfriend william forsythe give without see tylo forsythe two business executive arthur robert employee brilliant mind meet comb scientist worked robert whose vacated position went tylo island fortress conduct research experiment island affords opportunity recruit fresh victim work son think professional affair regard breakthrough stem cell research could lead cure variety disease comb son dying kidney cancer decided perform mad science creating creature swim walk dry land although first hammerhead could remain outside short time period tylo dating comb son hence connection besides two worked robert brings along trophy wife mariya ignatova also accompanying tylo forsythe robert ignatova colleague elise muller gr johnson comb trap conference room able escape onto island sends well paid mercenary hammerhead shark similar channel creature feature type hammerhead shark frenzy rather unappealing computer generated effect attack shark rip apart limb shot frenzied camera format hard time ever seeing ensuing gory carnage vague notion person eaten ripped shred attack shot erratic fashion truth told rather infuriating monster never seen entirety momentary glimpse eye body part gnawed victim scream horror one thing certain see teeth get cgi shot hammerhead shark swimming toward screen menacing ready feast flesh constant victim attacked see great deal blood bit flesh bubbling water surface really director michael oblowitz main cue inform viewer torn apart goner break new ground scientist always ability convey quiet madness resolve fun seeing forsythe rare hero role type electronics wiz credit actually pull must assume leadership position group face unprecedented peril tylo also different kind role scientist defend quite well robert play millionaire businessman role sleep kind neat seeing firing machine gun comb soldier although fate not pleasant mentioning also really entertaining watching forythe tylo downing comb hired goon confiscated automatic machine gun expected screenplay allows created murderous fiend put unnecessary danger pay sin mean seriously would people knowingly leave vulnerable attack seeing damage human anatomy could beautiful exotic setting quite nice backdrop,negative,positive,0.4264942987963728,0.5735057012036272,0.5735057012036272,False,0.0735057012036272
daniel auteuil bruno petite couperes model pierre christian vincent la separation year ago film youthful confidence ideology love mutual metaphor crumbles paranoia manifesting trapped aggression pierre desperately comic womanizing recent auteuil fan actor become reliant uniform not unlike compatriot johnny hallyday leconte recent du train acting ai becomes rather frustrating film progress pascal bonitzer help project sequencing episode overlaid connecting symbolism fail mask film lack rhythm particularly furious imposingly backdrop grenoble made virtually redundant cameraman obviously shivering scott thomas almost rescue show female counterpart bruno beatrice dramatizes dizzying contradiction intended bruno character increasing complexity point becoming surreal bonitzer not sustain though flagging plot demand beatrice even another bourgeois mannequin bonitzer show denies scott thomas oscar character submersion bourgeoisie may viable indeed tragic outcome case cadence unlike brutal painful denouement la separation serious disappointment,negative,positive,0.4650063937874064,0.5349936062125936,0.5349936062125936,False,0.03499360621259362
seemed lackluster film betrays low budget poor cinematography not great job editing may interest know something submarine world war ii era recommend others beware many scene film flat actor bit weak story men getting called back duty short leave seems realistic enough no real pacing tension story also tough time understanding actor saying partially due strong english accent perhaps due inferior job sound recording give folk want steer clear,positive,negative,0.5649316098493993,0.4350683901506008,0.5649316098493993,False,0.06493160984939927
feroz abbas khan gandhi father film shed light fractured relationship mahatma son harilal gandhi story dramatic one film attempt tell pity director fails tell dramatically gandhi father narrated like boring history lesson put sleep school film aim convey one interesting point fact gandhi attempt fair person ended unfair father point made film many time one example given make point scholarship england gandhi twice denies son instead showing u exactly harilal dealt betrayal went head director move along story thus never letting u witness growing resentment harilal feel towards father finally see outburst harilal come looking like point trying make never really get understand exactly harilal became rebel never really understand turned islam back hinduism thing never really understand harilal director film busy focusing mohandas karamchand gandhi role freedom struggle story u already familiar put simply gandhi father promise examine strained relationship much show u crack relationship first set understand harilal live burden gandhi son show u burden begin show u incident early conflict example not enough gandhi merely say opposed harilal early marriage tell u opposition not enough kasturba blame husband way son turned constantly shuttling school gujarat south africa making relocate every time gandhi needed relocate word not enough show u incident shaped character harilal instead sticking prickly theme tenuous gandhi versus gandhi relationship film go many tangent thus diluting impact central theme never meant film struggle independence yet many occasion exactly seems like director feel almost obligated take u main event leading upto historic moment even though much no relevance film basic premise stormy relationship see problem film not bad film certainly confused film happens harilal child wife death ever relationship suddenly vanish one scene see mahatma kasturba none question answered film basically meant relationship gandhi family film version immensely popular play directed feroz abbas khan gandhi father disappointment no question struggle translate filmmaker ambitious intention screen practically every single scene film open close never quite seamlessly leading positive side inherent nobility film recognise filmmaker make every effort deliver balanced narrative trying hard not take side never judging either father son painting neither villain film however make clear fact gandhi difficult patriarch whose ideal may shaped nation evidently alienated family actor film akshaye khanna really shine role harilal gandhi wonderful performance not easy since role cover virtually entire lifespan character akshaye brings rare concoction innocence despondency part succeeds making harilal pitiable figure watch scene discovers wife dead realise much conveys body language alone darshan jariwala meanwhile play gandhi senior adopts caricaturish approach playing mahatma later year way humanises man early year barrister south africa actor best contribution role abundantly gifted shefali shah play kasturba woman meant torn conflict unable bring across feeling helplessness really not much fault fault rickety script much effort gone making film evident throughout film suffers inevitable flaw eventually remember leave cinema feroz abbas khan gandhi father sincere effort yes also film could done much tighter screenplay learn film gandhi harilal made unhappy film director make u,positive,negative,0.5290433572981967,0.4709566427018032,0.5290433572981967,False,0.029043357298196737
movie kid saw tonight child loved one point kid excitement great sitting impossible however great fan milne book subtle hide wry intelligence behind childlike quality leading character film not subtle seems shame disney not see benefit making movie story contained page although perhaps permission use found wishing theater replaying tigger instead character voice good really bothered kanga music however twice loud part dialog incongruous story bit preachy militant tone overall disappointed would go see excitement child liked lumpy laugh,negative,positive,0.48429564502936595,0.515704354970634,0.515704354970634,False,0.01570435497063405
frankly surprised little done film columbine massacre major documentary puzzling fortunately graced talent ben coccio directed zero day gu van sant equally fine elephant two different take event common idea real cause massacre always mystery something ultimately baffling unknowable motivation two killer actually drove carry beyond fantasy horrible reality zero day purportedly made videotape made shooter found event absolutely riveting even know going still harbor hope wo go tension final minute movie excruciating film terrific top bottom director script not much improvised though appears spontaneous two lead actor supporting player well one aspect zero day troubled okay ca fathom shooter would certainly one contributor anger yet boy really seem angry may say thing indicate fact convince something inside compelled kill innocent people still leaf sense director coccio want anyway rent buy movie creep stay long time blair witch folk could wish kind success guy making mock documentary,positive,negative,0.611933808890167,0.388066191109833,0.611933808890167,False,0.11193380889016702
movie possibly one creative work horror ever everything could want suspense drama comedy confusing subplots native american brain eating looking brainsucking movie look no story man bent revenge better get know suck brain great sound effect impressive special effect ca recommend movie enough,positive,negative,0.6694184883661929,0.3305815116338071,0.6694184883661929,False,0.1694184883661929
yet another version mother gangster classic godfather yet another case due medium circus sarkar hindi film ram gopal varma director also weakest underworld trilogy including two company charisma magnetic persona two bachchans playing duo screen first time definitely treat watch not strong performance perfect chemistry biggest scoring point varma applauded however equation duo missing character film character look like cardboard caricature esp villain represent typical bollywood baddie character attracts attention elder son played kaykay not able hold due characterization drama conflict brought alive excessive use brought claustrophobic effect rightly needed construct ambiance haunting score amar mohile sound design kunal mehta parikshit lalwani anup dev together dark murky background overlapped shinning powerful image camerawork amit roy contributes visuals typical ramu style overuse music though fortunately no song film interest today intelligently growing audience sustained shoulder two performer strong visuals think surely audience maangey film fails deliver adaptation order add new dimension biggest screenplay sluggish not crisp place therefore pace slackens quite often finally audience subjected highly predictable commonplace drama little surprise element top stunt director allan amin ghani also not best form scene require different treatment minister talking foul sarkar son overhearing amateurish shoot jail sarkar sarkar escape clutch enemy son easily motivated kill father son secretly entering father room kill police commissioner slapping sarkar requires realistic approach create required conflict dialogue weak eg look amateurish line cm say sarkar wo jo police commissioner tha na usay maine hata diya woman folk take sarkar working completely ignored uninterrupted negotiation criminal activity sarkar family also look slightly place fact film follows graph quite similar ramu tak chhappan depicting battle good evil side law police administration politics completely ignored certainly expected content film definitely fall short could not rise average fare dear ramu agreed laughing way bank definitely need take drastic overhauling measure film production factory late,negative,positive,0.2468726410383063,0.7531273589616937,0.7531273589616937,False,0.2531273589616937
cast excellent acting good plot interesting evolvement full suspense hard cram element film barely minute long time taken develop plot subplots would much better effect another minute substance would made good film rather good one,positive,negative,0.6140869565031969,0.3859130434968031,0.6140869565031969,False,0.11408695650319689
high hope teletoon retro air instead show one get treatment deserve air thing may seen dozen time centurion highlight year know may seem little bit clichéd true duke joe jake rockewell another one cartoon character really crush bad teletoon retro see way people generation otherwise teletoon retro would lot better,positive,negative,0.7181010862746531,0.281898913725347,0.7181010862746531,False,0.21810108627465308
fan columbo especially rainy saturday fun see oskar werner fahrenheit episode lacking original plot plot twist obvious could guessed way advance even year modern detective show today amusing see crazy couch pattern modern electronics equipment course mandatory suburbanite humor poking fun modern art sale home jetson disney version tomorrowland fun think writer inventing gizmo sunny outside go play much better columbo episode still thankful cable tv episode broadcast,negative,positive,0.1371226314535784,0.8628773685464216,0.8628773685464216,False,0.3628773685464216
nobody truly understands logic behind numbering italian honestly would bother every single film series delivers great fun nasty gore gratuitous shock zombi no exception despite production difficulty occurred whilst shooting film began interesting lucio fulci project elaborate zombi success ended typical bruno mattei product flaw stolen idea previous film screenplay hopelessly inept ignores form continuity every ingenious idea george romero night living dead crazy shamelessly repeated acting performance truly miserable painful look yet upset one moment sublime gore compensates everything secret army base phillipines scientist completed bacterial warfare virus death one prepare transport failing attempt steal virus infected corpse terrorist cremated contaminate entire population nearby tourist village last group survivor battle hyperactive inhumanly strong zombie well soldier white overall received instruction kill everything move contaminated area movie comparable umberto lenzi nightmare city truly bad incredibly entertaining action sequence several creative situation undead bird original example whole zombie birth sequence deserted hospital pretty cool well infamous flying head scene not nearly awful made belongs perfectly cheesy thoroughly pleasant italian zombie flick recommended fan mind negative review,positive,negative,0.5484637254881419,0.451536274511858,0.5484637254881419,False,0.04846372548814193
actually like original film ups down ups original voice cast like voice timon know voice simpson show plain stupid ups get see simba teenager down wasted contest timon simba ups rafiki told timon hakuna matata down pumbaa find ups song original song background music down stupid song timon solo overall pretty good movie recommend fan original like original chance wo like score,positive,negative,0.573660406086999,0.42633959391300097,0.573660406086999,False,0.07366040608699898
no another every star war fan opinion ii iii opinion biased since missed much atmosphere character original trilogy state good point return jedi corresponding bad point prequel course loved music special effect two droids overly debated get original trilogy particular movie strong ecological concern position fascinating insight jedi order force cute creature harrison ford smile killer scene near ending vader look alternatively son emperor lightning lethal bolt reflected black helmet grab betrays master save luke thereby risking life oh boy wrong prequel inmho whole human factor element original cast able push forward somehow missing force seems superpower somersault wisdom many jedis many light saber screen lack experience actor often threatens coherence plot way enjoy theory force explained obi web obi wen mean yoda read book buddhism form took ancient magic star war imho lie mainly continuing spiritual heritage master apprentice father son albeit difficulty de mon âme à ton âme soul would write bejard late zen master deshimaru,positive,negative,0.5278043004998302,0.4721956995001698,0.5278043004998302,False,0.02780430049983018
actually never bought metal satanic stuff movie kind played idea though certainly not movie take seriously rate really high serve purpose entertains playing story metal band burned death hotel one fan dream effect said band start go kill spree beyond grave yes bit nightmare elm street plot going granted freddy never molested girl car another movie featuring heavy metal band different played band kind took town kid made crazy one simply one fan band kind helping killer spirit first trying stop nothing gruesome not remember many gory kill quite frankly scene remember scene girl wearing headphone molested creature incarnation band nothing great nice time filler,positive,negative,0.5255880096659704,0.47441199033402964,0.5255880096659704,False,0.025588009665970413
film executive producer none messenger peace thru transcendental meditation david lynch director father wonder david guru holiness maharishi mahesh yogi would thought production hypocrisy repugnant film safe bet samuel dieteman phoenix serial killer devotee recreational violence would loved every minute doubt many would fault film cinematic craft level quite good moral level disheartening movie ever comingi guess phoniness thing saddens generation xers learn craft little aesthetic theory art school film school get involved industry result film wallow human suffering injustice carnage much witnessed old see entire family brutally murdered couple killer end ride spoiler comingfor film like produced narurally sadist going adore would else noted really good film craft good craft applied subject matter apply stuff like also movie suspenseful not graphicness grossness violence suspenseful sure ghost alfred hitchcock could explain much better put u yes world ugly dirty even evil place dissent artist make business rub face worse still stick face old one way another end seeing home dvd hope people see film not seen kid yeah know dream bernon,negative,positive,0.4238308186987845,0.5761691813012155,0.5761691813012155,False,0.07616918130121553
right heard huge fan james patterson book read entire series lindsey boxer opinion screenwriter shot right film maker slaughter terrific work fiction make mockery mystery genre ever thought harry potter butchered michael proved wrong pray next screenwriter tackle fabulous book great deal justice michael russell mulcahy quit day job,negative,positive,0.3461337488960695,0.6538662511039305,0.6538662511039305,False,0.15386625110393048
though really feel anything lance character felt wife could done much better anyone else could much stronger movie spent time character development perhaps would liked completely agree doyleluver said quote glenn quinn character ben star right talented one watch movie watch even background facial expression eye know sure motivates ben exactly feel comment even quick look behind character back great acting fair film,positive,negative,0.5223725878465346,0.4776274121534653,0.5223725878465346,False,0.02237258784653462
love kristen dunst especially elizabethtown guess kind actress better not act camera looked natural elizabethtown movie however try add artificial performance especially first half film looked like sober editor half totally set back daily track could tell editor way therefore performance not enduring film film whole attracting inspiring character young full reasonable anyway film tell big sophisticated story big defect show turning point hero heroine love story totally confused kiss end story rather unclear two person,positive,negative,0.6350904178639089,0.36490958213609115,0.6350904178639089,False,0.13509041786390885
visually beautiful fine music film otherwise fairly trite quality romance two character span cultural educational divide simply not plausible course early knew persnickety heroine would lighten win local find true love make less woeful movie take completely expected turn film lot promise make shame promise unrealized perhaps nice cold night freebie cable certainly would recommend paid rental purchase sure soundtrack wonderful though,negative,positive,0.3568761430879953,0.6431238569120047,0.6431238569120047,False,0.1431238569120047
henry thomas showed restraint even third act turned horrible hollywood resolution could killed movie kept dignity redemption story pure baby,positive,negative,0.7207086390912281,0.279291360908772,0.7207086390912281,False,0.22070863909122806
motion picture likelihood made year released would surmise talking motion picture great difficulty making transition silent era nevertheless particular zane grey plot appears weak also gary cooper probably learning act result something would not acceptable today standard maybe not acceptable actor performed well sadly indian always get short end early western living land long white man came according twisted history no right defend,negative,positive,0.39523675240488887,0.6047632475951111,0.6047632475951111,False,0.10476324759511113
generally good movie ideal ending acting spectacular character stray person especially liked plot although knew going happen still gave element surprise entire movie however find coming ending could little longer extended maybe seemed like rushed bit writer trying take linen line rain fell happened tristan brother hayden know died hospital maybe one setup entire thing know maybe sequel maybe cant wait see,positive,negative,0.5604556614649986,0.4395443385350014,0.5604556614649986,False,0.06045566146499859
lucio fulci director not exactly renowned subtlety try hand black humour touch death made tv movie lester parson brett halsey psycho seduces murder rich widow order pay gambling wonderfully gory scene lethal lothario disposes latest victim via chainsaw mincing machine hungry hog touch death start promisingly enough fulci soon loses control proceeding introducing weird involving mysterious copycat killer heavy handed comedic scene several graphic murder true fulci fashion extremely violent gruesome even high level bloodletting stop one fulci poorer found many movie comprehensible storyline not exactly high agenda lucio behind camera film many peculiarity left little perplexed lester dispose victim using dismemberment method seen beginning victim either hairy disfigured hell ending fulci considered many one great horror cinema understand popularity finding majority film seen far generally lacking decent narrative technical proficiency touch death certainly nothing change opinion,negative,positive,0.4299995000020753,0.5700004999979247,0.5700004999979247,False,0.07000049999792468
pretty good thing considered must anyone perplexed opposite sex u trailer give away plot good premise absurd nice see take seriously like someone bbc child department decided make film adult not bad thing,positive,negative,0.6035382534954932,0.39646174650450683,0.6035382534954932,False,0.10353825349549317
really really liked one know rampant cliché plot line plenty overacting hell lot quest horror cheese come across many flick bad good also good suck bad bad definitely bad teen traveling come across oasis middle nowhere forgotten slice roadside america decide check cross every line inappropriate absurd pay pay would not normally give movie like girl one type miss ditzy fit anorexic broad today horrible horror look awesome booty give kid,positive,negative,0.8421757054827399,0.15782429451726013,0.8421757054827399,False,0.3421757054827399
first let review movie movie creep even believe alien however movie three act movie act one perfect set movie really build creep factor must say score great everything set set two begin jillian playing sherry burton go shrink hypnotize recall abduction act two ruin film alien show screaming mad george effect alien must say good job except depiction gray alien no offense gray looked like inflatable door side note liked treated hypnosis act one two paid attention would notice husband wife two different memory husband version event blue light zap wife say somebody something like make sense husband concerned wife someone may hurt issue however version event say help not say somebody also make sense alien wanting husband help save issue back three turn film gore fest begin strange ultrasound procedure typical gore fest surprise ending wo ruin actually interesting development dvd commentary take seriously think wilford brimley saying horsesh funny might want check cast interview section praise jillian could hope jillian read never seen wow performance let tell rest first supposed serious film detail describe may sound campy fun like humanoid deep really got hot naturally naked lot film good thing unfortunately usually assaulted terrorized raped bad thing however must act lot film naked get point overcoming act happy sad horny afraid physically hurt span moment turnaround emotion astounding cheer joy learns pregnant scream terror alien take gut act angry husband suggests baby act like denial saying nothing wrong baby husband say otherwise denial note really forced upon alien controlling talking performance rape scene disturbing since rubber alien not bad scene alien not gray alien describe alien tentacle kind like table jillian part restrained tentacle head alien head alien head long flip head jillian leg alien come forehead forehead sound pretty campy right well jillian play straight pull act like alien coming forehead raping pull intense scene not make see scene done flashback make scene jillian performance recalling event lying hospital bed hypnosis recalling alien abduction acting intense actual rape scene many actor pull performance scene describes rape intense scene rape not many however jillian could go jillian ever read want know name withheld alias believe best actress ever best actress ever could hope read take everyone else progeny okay good film would recommend,positive,negative,0.6897861468421325,0.3102138531578675,0.6897861468421325,False,0.18978614684213246
seen version uncut version rather enjoyed either way bad movie sure moved bit slow time liked far go movie could get right not movie ripped apart bad movie easy make fun take soultaker estevez robert character inanimate boringly silly could help laugh could take seriously really created unique feeling schilling excellent job script world better garbage theatre today role played well not screamy not masculine right camera really like movie would casted role ready movie deserves bit credit given please watch uncut version see deserves much,negative,positive,0.2861545630834724,0.7138454369165276,0.7138454369165276,False,0.21384543691652758
surmise film involves two actor caine moran trying con gangster plot flimsy best several plot hole occur throughout however normally matter comedy carry film like genuinely funny bit mostly provided dylan moran however time long melodramatic scene fail add anything movie caine character seemed overdone especially start continually quote shakespeare act like pompous actor one could say playing part properly character seemed flat unfunny overall would say see fan actor involved otherwise wait video tv,positive,negative,0.7876478196232078,0.21235218037679218,0.7876478196232078,False,0.28764781962320785
voted best picture best movie ever make something like citzen kane look like utter crap come citzen kane even color love movie best movie ever put money still shocked nominated anything highest give give,negative,positive,0.3871188751259116,0.6128811248740884,0.6128811248740884,False,0.11288112487408841
colleague work told watch movie since considered movie one best movie ever watch first admit dislike mainstream movie prefer watch movie real point dislike movie meaning combination funny stupid boring entertaining absurd thrilling first thought movie could real mystery thriller german packaging read movie mysterious lynch may able make combination different image composition taste awfull combination milk beer pretty good together,negative,positive,0.26138128347748757,0.7386187165225124,0.7386187165225124,False,0.23861871652251243
movie recommended several people reading positive comment site went ahead bought copy film ebay acting film average bit hammy especially family cannibal one sequence come mind jupiter ranting raving burnt corpse speaking right camera one performance cringe feel bad poor actor also evidence worst editing seen there terrible jump cut right middle speech creepy moment though time music work well overall film isnt great dont know people think wes craven great director thus far showed anything believe brilliant thing improved craven film production prodution budget,negative,positive,0.46934593287132953,0.5306540671286705,0.5306540671286705,False,0.03065406712867047
aaron spelling produced made television western get awfully plotty seventy three minute film play like probable failed series clint walker marshal dave harmon wanders yuma arizona territory time kill one brother local bigwig rancher trail take brother jail walker also meet cute homeless mexican kid sleep jailhouse one night andres snoozing villain another man dressed army blue take remaining brother street kill pinning murder walker not good first twenty four hour job walker visit local army fort rankles chain commander bigwig hears brother death ride back town time get chain rankled well local native population get short changed army beef also get rankled chain area chain getting rankled walker still time woo local hotel owner army guy involved murder end dead local cattle buyer implicated indian lot hesitant speechifying climax brings unlikely showdown walker must prove town villainous cattle buyer bos someone suspected helpful involving death walker family hand army raider think would force behind series picked instead film end abruptly kept waiting scene next week exciting episode fade out nonexistent commercial break pacing story jump handsome rugged voice deeper well rest cast full television actor probably seen television movie much action pretty lame violence tepid first brother killed get shotgun blast midtorso fall without scratch not expect reservoir dog wrong film use teach child evil gun speaking child mexican kid go cute aneurysm inducing annoyance dislike western dislike yuma like western still dislike yuma not recommend unrated contains physical violence gun violence,negative,positive,0.46881822057641165,0.5311817794235884,0.5311817794235884,False,0.03118177942358835
not much anyone say flick plot quite simple two police officer also happen lover using brothel stakeout order catch criminal help lady house played hardcore pornstar chloe anyone guess plot twist blurred alliance writing horrible even softcore read previous post nicole hilbig accent play female cop yes hard understand saying time think placed sniffing around think germany hence accent make impression even without speaking however got great looking couple behind sex scene movie quite graphic softcore film excellent work scene toward end bad either spoiler alert kinda knew female cop gon na turn call girl end enjoyed way much end spoiler not gon na nitpick story much seeing softcore flick however seems like seen way many movie genre similar type b chloe hilbig okay sex scene kinda short good story c recycled plot whatever work eh overall,positive,negative,0.5065367014009797,0.4934632985990203,0.5065367014009797,False,0.0065367014009797275
movie awesome not quite good leif garrett masterpiece longshot still awesome thought ashley looked freakin huge compared film wonder woulda thought could swith place like almost get away dad kinda jerk though mom little chummy helmit head give one like movie shoudl check longshot,negative,positive,0.17915931228523796,0.820840687714762,0.820840687714762,False,0.32084068771476204
emperor new groove cast return disney picture follow time spotlight kronk voiced patrick warburton no longer yzma eartha kitt henchman kronk started new life happy role chef restaurant thing go merrily along kronk get word papi john mahoney coming visit kronk worried know life wo impress papi one thing always wanted never received thumb dad flurry blunder gigantic cheese explosion restaurant leaf likable hero deep trouble anxiety save day little help voice tracey ullman david spade john goodman wendie malick april winchell gatlin green,negative,positive,0.19131859806885687,0.8086814019311431,0.8086814019311431,False,0.30868140193114313
bought film part lot twenty horror flick dollar piece watching first impression probably late later began thinking linkin park poster wall everything else seemed hint dealing recent film realizing flick became unbearable torment last minute longest movie history film refused end genre horror child case film definitely parent perverse enough want introduce offspring horror suggest would perfect kid thing really liked greg cipes much good actor kind nostalgic retro bottom part,negative,positive,0.46636171018264194,0.5336382898173581,0.5336382898173581,False,0.03363828981735806
shorter movie epitome expected result imbecile run asylum sad future young people rolled crap table neither saddam hussein nor people iraq god rest soul plus killed anything terrorism nor movie astute viewer need pick download copy loose change movie available free internet bush cabal lock title indicated save country not done following controlled hall congress year prior november,positive,negative,0.7417456196882003,0.2582543803117997,0.7417456196882003,False,0.2417456196882003
no walk park saw came gut watch never see horrifyingly devastating depressing movie felt like severely beaten kind world living child treated worse garbage world created allowed happen would hesitate say not responsible babenco made film wake u shake u core succeeded cruel neglectful child see graphic result behavior pointing finger accusation u lowliest least powerful society something day prevent part problem not religious fanatic movie made think state soul,positive,negative,0.6788218286384717,0.32117817136152826,0.6788218286384717,False,0.17882182863847174
film acting partly spoiled completely predictable story line even music chosen word fit action every time scent pleasantville camp hang around flick period piece accurate not depiction tragedy company town lack upward mobility sketchy moving chris cooper turn performance howard daddy,positive,negative,0.533001343011333,0.466998656988667,0.533001343011333,False,0.03300134301133295
good grief completely missed point girl seen briefly specifically one going kill everyone else wrapped story notice nor one student say end wrapped problem notice going someone else director said killed one others would suggested problem worse someone else whole point killing kelly unnoticed u get,positive,negative,0.8034184316128629,0.19658156838713714,0.8034184316128629,False,0.30341843161286286
guess first movie made aware term cult flick totally bad movie ca help like movie richard boone made better joan van arc staying late watching movie make think much one,positive,negative,0.7442999668181397,0.2557000331818603,0.7442999668181397,False,0.2442999668181397
film sold dvd not feel like lost anything watching film except time enjoyed acting tom hank robbie wheeling young looking gave outstanding performance considering horrible script story college student decided play game maze monster realistic setting robbie wheeling problem past playing game college advised parent leave game alone get good grade robbie meet nice gal romantic fling start playing game stop making love act like monk scene film taken running around former world trade center also observation floor roof area rather sad viewing part film many human being died evil world not good film except tom hank trying keep film sinking level entertainment,negative,positive,0.34622892507000913,0.6537710749299909,0.6537710749299909,False,0.15377107492999087
humor implicit complete title proverb derives sunday school dictum one would better advised prepare dead devil scrutiny devil care dead no percentage trying beat devil character apparently pay attention sunday school find forced crisis management eschewed crisis avoidance even seasoned ceo would difficulty managing crisis throwing dice far unpredictable flipping coin people involved list possible outcome becomes even longer long list unforgettable sidney lumet film hawke may not unforgettable actor perhaps eye toward earning billing among lumet star like steiger pacino,positive,negative,0.5771996935807694,0.4228003064192306,0.5771996935807694,False,0.07719969358076939
really disappointed film first water movie saw serial mom loved saw pecker loved watched polyester really sort hated thing liked movie divine hell lot talent truly surprised whole would recommend film,negative,positive,0.14808411576810765,0.8519158842318924,0.8519158842318924,False,0.35191588423189235
pretty evident many night spent alone watched minute actual show instead watching commercial would seen one greatest television show canadian history made bad would watching alone probably reason hate no game key vip hilarious light funny guy going eat show game tight hardly wait get show chick hooooot club kicked as watching every week make wonder great show like one made clear talent canada ability produce american quality television,positive,negative,0.6501482801614765,0.3498517198385235,0.6501482801614765,False,0.15014828016147652
star rating saturday night friday night friday morning sunday night monday morning ray ray winstone criminal past problem alcohol forming drug habit making paranoid prone domestic violence wife valerie kathy burke try hold family together end coming like doormat meanwhile mother janet laila morse aware ray son billy charlie escalating drug habit sending rail film follows despairable character tredge along said british seem enjoy miserable would include watching film entertain way film like nil mouth highlight tale broken family torn apart crime poverty booze drug kind jeremy kyle would lap like three course meal also essentially tale self destructive men three generation apart copying tearing family apart woman trying hold together despite not strong enough pick little see promise cheerful viewing start certainly disappoint true everyone said performance lead star winstone burke deliver great acting see winstone lose wife beating senseless coke induced paranoia breaking phone conversation unleashing typical arsenal f c word refuse let see kid likewise private moment see burke skillfully lose composure staircase full impact night kicking another film no plot follow real life feel hopeless life carrying one day next acclaimed many including baftas really grim bleak no right criticize knowing knew sadly found,negative,positive,0.2577096639312122,0.7422903360687878,0.7422903360687878,False,0.2422903360687878
lame south border adventure movie something blackmail big cooperate executive rosenlski president unasco lamb beachcomber david ziegler living life reilly ziegler beach house cancun cd gave brother james three year phone conversation rosenlski president united state involved criminal deal cd given david edge international mobster fact james get little greedy trying shake rosenlski million diamond not cost life put david danger losing well ropsenlski want negotiate david cd getting liz talk giving rosnelski made deal pay debt come david later killed rosenliski mexican tony help great white shark go peaceful dealing bos part tony taken cd liz left bos local hotel safe want murder james like david time keep cd something secretly hidden diamond james time murder target tony men shut good david also want take diamond time give bos rosenlski impression cd david lost use later without rosenlski knowing behind blackmail movie night shark number shark attack huge white shark end taking half dozen cast member including tony david firm believer us knife high explosive molotov cocktail well fist take entire tony crew even killer shark finished tony hunting knife not gun came using firearm save friend sidekick paco girlfriend juanita priest father mattia life tony gang gun david knife spear man anything else ending movie predictable make david thought killed shark later pop crowd rosenlski convinced dead leaf village david continues life free living loving beachcomber no one looking kill two million dollar richer david credit friend paco give rosenski back cd condition anything happened cousin rosenlski know shoot big mouth let whole world know dirty criminal dealing,negative,positive,0.3245150164252174,0.6754849835747826,0.6754849835747826,False,0.1754849835747826
well must say one hell fun movie despite fact dubbing pretty cheesy odd moment film seemed turn dark blue no apparent reason not disappointed story actually pretty interesting last member poison clan must track five member discover among using skill evil using good catch training clan masked since returned society disguise changed fight joy watch member poison clan different fighting style toad favorite snake scorpion lizard centipede fight scene actor jumping place thankfully camera stay planted us wide enough shot clearly see one drawback movie story tends drag bit first half first fight sequence stick wo disappointed,positive,negative,0.5113114550797435,0.48868854492025643,0.5113114550797435,False,0.011311455079743515
first saw trailer film really wanted see thought director work quite good must say disappointed plot involves young woman life widowed father two two son move community yet not seems sort twin peak woman begin see not see thing people first reel hypothesis thought ca whole reason well ending lived better gave u felt truly weak final act sound mixing quality excellent saw thx certified theatre impressed audio audio picture missing substance,negative,positive,0.4476298466531209,0.5523701533468791,0.5523701533468791,False,0.05237015334687911
fey story martian attempt colonize earth thing must pretty bad back mar two state trooper investigate scene reported ufo crash whatever landed buried ice tracy pond footstep snow leading nearby diner no customer since eleven morning handful bus passenger sitting around waiting permission cross structurally weak bridge bus driver insists six passenger aboard bus although notice problem seven people waiting journey resumed one alien one suspect crazy old man jack elam course seems exercise sub rosa wit blustering businessman must get boston john hoyt young couple honeymoon execrable performance husband ron kipling except couple nobody noticed anyone else even couple suspicious bride newly minted husband could sworn mole chin story continues sprightly slightly spooky way phone ring no reason light go juke box turn none taken thoroughly enjoyable ensemble play climactic revelation worth chuckle no discernible depth not moral message pod people masquerading normal citizen not warning kind fairy tale diverts always enjoy especially interesting see john hoyt irritable impatient businessman knowing roman senator masterminded assassination julius caesar mgm version shakespeare play three,positive,negative,0.6072944576426461,0.3927055423573539,0.6072944576426461,False,0.10729445764264611
despite famous cast animated version dickens tale borest seen enough zapped away first commercial break character appeal animation looking give movie low rating give disney version anytime,negative,positive,0.4550280207655374,0.5449719792344626,0.5449719792344626,False,0.04497197923446261
egyptian movie lot filmes high level drama romance comedy action even sport ziab la al lam banned egypt content nudity full frontal female nudity kind nudity prohibited egyptian movie saw movie felt fool story nude actress bad action horror awful color dear friend wan na see great egyptian movie simply stay away form ziab la al lam great movie egypt great actor global win like omar el sheriff gameel rateb great director like yousef shahin believe pall need see movie,negative,positive,0.49325979279314236,0.5067402072068576,0.5067402072068576,False,0.00674020720685764
good show enjoyed construction real time flashback seeing old digger meeting recalling terror captivity changi pow camp main problem way show written scene life changi like holiday camp place must like old enough remember film footage men liberated changi japanese pow camp no actor could lose enough weight resemblance state men made jew belsen look like sumo wrestler met several veteran changi year many would never ride japanese car let alone one physical mental torture men endured horrific even talk percentage survived john doyle might ok writing comedy roy hg hate serious sugar coating history never tolerated happy satirist write life brian make fun crucifixion obviously comedy even consider bad taste changi written portrayal real event might regarded younger people true record great performance fine cast not redeem lightweight screenplay,negative,positive,0.4261306612801016,0.5738693387198984,0.5738693387198984,False,0.07386933871989843
could ignore hype show started watching season one struck really good hooked episode started spiral downwards first ethan suplee scripted act complete idiot confirming obviously spewing stuff great expectation somehow becoming next best pressly got stunning look think stretching lip explore part face normally never go making strange grimace accentuate everything say hilarious way track maybe thought character would flat faded wanted make colorful spicy made flood color overkill spice scream loud attention hurt eye ear really really wanted love show like said premise great come shelf fabulous destiny amelie poulain jason lee pretty good job along actor no way no would get sucked forget show pressly suplee surreal extreme character abruptly wake show worth note character acting would fine series get much screen time,negative,positive,0.3429274743579993,0.6570725256420007,0.6570725256420007,False,0.1570725256420007
no movie made feel like feel bad like want money back time waited watch movie month nor feel bad using two hour sunny summer day order view reason say no matter hard wrack brain ca seem come word seven language movie sum no idea going entire time half way movie needed breather no movie ever done never life wanted cauliflower milk baguette much thank eduh clear throat no word no thought know truly know cait,positive,negative,0.9013152255467111,0.09868477445328892,0.9013152255467111,False,0.40131522554671106
nothing really dislike odd couple no surprise jack lemmon walter matthau make hugely winning comedic team something underdeveloped neil simon adaptation hit stage play make seem like skit sketch comedy show film not seen play assume screen version fairly faithful since simon wrote defect not blamed adaptation interesting idea story two recently divorced men fall immediately traditional married role become roommate neither know differently simon never fully flesh still many worse way kill couple hour,positive,negative,0.508512141318143,0.4914878586818569,0.508512141318143,False,0.00851214131814304
existenz combine director david cronenberg traditional love blood gore exploding head confusing aspect reality twisting david lynch film actually work effectively wo bother trying give even bare bone plot synopsis cause confusion need know film virtual reality computer game incredibly lifelike becomes difficult tell difference reality virtual reality film almost seems abandon technology fearing point end throw final twist last line also gross sexual imagery based around protagonist back well gross acting jude law manages come naive stupid boring annoying habit care think jason jennifer leigh come much better everyone else called supporting character including willem dafoe functional unspectacular role mechanic overall existenz effective film possibility technology present possible consequence receive,positive,negative,0.5352076662299933,0.4647923337700067,0.5352076662299933,False,0.03520766622999327
one better marion davy talkie one allow exhibit skill physical comedian endearing silent film ok clunky tap number even ruby keeler dancing era not hold younger generation problem script story fall unbelievable melodrama last reel quite stagey obviously adapted play not well enough still snappy dialogue slapstick throughout worth look,positive,negative,0.518738588169169,0.48126141183083104,0.518738588169169,False,0.018738588169168957
go larry king live not bad since occasionally get good guest show turn awhile not compulsively bill maher carl bernstein former president substantive guest sit across not bad time tends host guest involved latest celebrity scandal contributes absolutely no intelligent information country feed largely uneducated public want hear latest gossip movie tv star oj simpson trial seemed like every guest show related case really journalism national enquirer tube sometimes come little bit like trash television jerry springer sit interview phone call instead live side king show definitely much better bill whose show nothing platform rush limbaugh variety said larry king not bad interviewer ala not great one king not always come like completely comprehends intellectual material presented especially scholar historian new book subtle aspect politics always seems like minute king ca quite deal issue hand turn phone call maybe hoping someone country better question might interview someone like david gergen may not read book sort like movie producer never bother read entertainment celebrity no problem come like thoroughly knowledgeable since material not substantive anyway talking elizabeth taylor relationship richard burton not exactly rocket science notice usually seen star latest movie watching movie take much less time contemplation reading book however like john dean bob woodward king come little like quite finish homework looking real interviewing terry gross npr probably best interviewer united state read research everything written guest beforehand working knowledge area see king quite granted probably audience time larger terry gross may say american audience king short larry better bill not good terry,positive,negative,0.8227723915094053,0.17722760849059474,0.8227723915094053,False,0.3227723915094053
third film based charles belden play entitled mystery wax museum target generation twin screenwriter chad hayes carey hayes spend time developing main character slasher movie promising start condition guarantee authentic point view role paige paris hilton not much stretch world favorite heiress peruses style striptease boy chat cell fret pregnancy regular routine altered beyond repair hilton reached peak performance not hot night paris parody motion zealously look lip balm boyfriend robert lap finally actress atones using n word sex tape director jaume mold take twin thing contrary theme past exhibited opposite characteristic back whereas pair either good bad come womb today however latter not rule former childbirth constitutes luck draw spectator hardly consider vincent brian van holt contemporary quasimodo granted recluse share similarity artistry disfigurement submissiveness murder yet one small variable two make difference vincent even uglier inside house wax pay homage actor vincent price first remake film leaf obvious van gogh pun imagination audience still choice split antagonist two eliminates vibrant twist end professor henry vincent price jarrod unmasking receives terrifying one horror movie history belongs lon chaney phantom opera far new contender concerned aftermath separation surgery downplays effect surgeon know operating siamese twin scar physically psychologically father need call couple colleague phil consult mcnamara despite trailer said wax not forever fact rid burning,negative,positive,0.41973406621366915,0.5802659337863308,0.5802659337863308,False,0.08026593378633085
billy chung siu hung bloody swordplay film assassin film love kill hong kong among strongest product category iii boom inhabited hk cinema early ninety consisted film strong sex nudity violence less gratuitous shock valued love kill definitely belongs category unforgettable idea piece celluloid hk psycho anthony wong award winning untold story herman yau year play business man husband like torture humiliate rape young wife elizabeth lee mei fung reason leave save little son disturbed tormentor policeman danny lee famous police character actor film like lamb billy tang lee killer john woo name however see problem start protect wife son anthony naturally like lead typical spirited graphic finale rain film almost completely without serious merit piece exploitation order cash kind film popular imagery happening something never found western cinema least mainstream becomes even taboo westerner like violence perversion witnessed child broken film often reading plotlines alone would make viewer feel sick go perfectly especially film film still rather interesting creepy soundtrack tradition mentioned lamb practically started whole boom usually music soundtrack hk film interesting add imagery especially terror film also cinematography worth mentioning film bathe especially finale blue color camera lens assassin raging storm captured nicely camera otherwise nothing would rate film higher actor actress talented professional make film worse acting still film usual hk humor make sick even sicker humor thrown soup includes joke danny lee erection something could never found western serious film either thing usually destroys mane otherwise noteworthy hk film humor obvious way attempt entertain audience film high outrageousness level numerous scene depicting abuse wong wife various way get raped molested beaten kicked husband also get see flashback wong childhood turn equally violent father killed turned young son flashback scene mostly end film include also totally unexpected experience imagery speeded example hit axe creates completely insane mean spirited atmosphere scene something hk exploitation maker seem able come ending includes plenty sudden shocking gore madman wields axe meet also nail example furious film also genuinely pretty suspicious opinion violence terror realistically painful deal thing never taken entertainment mostly mean rape version saw seen two version includes long completely nauseating rape scene try sadistic possible not sure hk audience really like imagery like think no one sense morality would never accept make something like woman get brutalized killed sadistic low way fate men seem almost tame compared version saw newly released dvd hk without subtitle table brutality scene much longer form subtitled taiwanese dvd otherwise identical hk version also heard old hk laserdisc different two since end credit filled scene image not found actual film impossible say uncut version released shown theatrically obviously plenty footage cut possibly even theatrical film written law gam fai lau wing kin former written also film like lamb untold story gunman kirk wong film seen love kill gratuitous lamb untold story brutal violent also attempt criticism towards authority men general easy turn beast chasing fighting one harrowing torture imagery untold story victim criminal strong definitely impact change something may rotten society among police example none love kill honest calculated fastly made exploitation way produced veteran director kirk organized crime triad bureau crime story wong love kill earns no high appreciation film like hk cinema meant film like love kill commercial parasite living among real piece art,negative,positive,0.3807001839420112,0.6192998160579888,0.6192998160579888,False,0.11929981605798878
thunderball never two biggest box office miss never surprise farce empire strike back hero irvin kershner klaus maria brandauer seems steal show midst unfolding plot bond mission turn hollywood romp sometime around basinger come klaus kinski still think casting largo make evident film break story worst attempt pas aging hairy connery sex symbol indeed barren time bond flick mostly though eye great title time happen need waste time holiday watching film often string bond festival think best attribute film score not soft jazz,negative,positive,0.4406111302763922,0.5593888697236078,0.5593888697236078,False,0.059388869723607796
penn take time develop character almost care however real problem story see no real motivation evil brother behavior time line screwed supposedly set music late reference dialogue potential powerful climax present penn allows slip away even difficulty worth watch not great,negative,positive,0.47282444960409675,0.5271755503959032,0.5271755503959032,False,0.027175550395903247
visit lodz ghetto poland recorded german cameraman naive jewish community combined archival footage clip international newsreel excerpt related cultural film portray world jew swindler parasite documentary interprets jewish life viewpoint traditional nazi ideology candid expression racial hatred personally find film frightening highly offensive one hope picture never reach screen,negative,positive,0.24959323033749514,0.7504067696625049,0.7504067696625049,False,0.25040676966250486
contains spoiler hollow man probably weakest movie paul verhoeven director great movie like total recall starship trooper robocop ever made probably not fault reason verhoeven got stuck utterly mediocre script made best first part movie rather good lot cynical joke great special effect even skunk anansie soundtrack unfortunately movie fall flat second part degenerate standard slasher movie maybe bad alien clone ending especially ridiculous kevin bacon keep coming back life number incident logical sense word killed entire thing quite shallow indeed subject becoming invisible never fully verhoeven manages stay well average movie star,positive,negative,0.6562718048257676,0.34372819517423236,0.6562718048257676,False,0.15627180482576764
finished listening director commentary film think one big thing got agree film like mann insider completely subjective howard pov review attempt contemplating set comment ebert really nolte character actually feel film not work saying think howard not work frank might right howard reasoning personality really would stand professional mental treatment hey nature,positive,negative,0.5625722046750725,0.4374277953249274,0.5625722046750725,False,0.06257220467507252
deja vu deja vu aired last season pleased scrub thought something clever unique regard concept instead replaying footage replaying joke manner really enjoyed found really unfortunate wrong one season later succumbed almost sitcom inevitably clip show looked like put together kid dr cox shaved head show lazy editor putting together appear long goodbye episode later ca imagine wig much effort come maintaining continuity sitcom know slotted seemed lazy place reminding largely episode aired within past second clip jammed together background music dvd extra rainy day not episode television,negative,positive,0.44639785327570447,0.5536021467242955,0.5536021467242955,False,0.05360214672429553
absolute beginner film younger generation film discussed issue teen facing britain troubled constantly hitting note teen problem relate youth tomorrow could dubbed moulin rouge disappeared made shallow mark world snuck radar found collecting dust either musical section comedy section politically obscure section seedy video store need chain money survive ala found found watched tried hardest sing along stared bowie eye found faded end not survive test time london far removed current society bowie creepy think absolute beginner fall somewhere question perfect example cinema start bang withers mere sparkle end absolute beginner open huge number take u street london involve theft nightly prostitute every corner dance throughout booze like river swankiest tie nearly every individual sound like place would hate right director julien temple keep mood light flashy throughout song attempt learn something plethora main character one follow colin played eddie follows dream photographer shooting favorite girl suzette played patsy kensit two chemistry suzette look like lohan worked huge spark chemistry like lava believed two could take road never traveled ready something happened temple take u nightlife take u city grew beginning completely revers role without dedication first suzette run away colin becomes pervert bowie well not quite sure role sings amazingly well climbing mountain tell much temple give u flashy city opportunity see inhabit leaf u hanging high dry time pull trigger learn colin mainly nobody else could probably watch film still equally confused angry importance fashion era also teen really seemed like pushing late maybe development thrown right door temple try overcompensate giving u bigger lavish song using even character know nothing one favorite song film us thought prime example temple us split house show u life colin parent know film song scream apathy great song many character not enough time suddenly dragged another scene missing coherency fall apart hand enough rocking head beat great song rubbing noggin trying understand character going temple throw hatred anger politics final act hoping film would dedicated theme think racism would top bill suddenly friend missing people angry random guy running around fighting colin life poverty friend different race somebody help seemed completely rushed overwhelming nearly point wanting turn film ending absolute beginner nowhere near excitement opening number first part set pace temple could not keep must say temple direct music video think quite prepared feature film think film ever make full cult status probably remain unremembered dollar bin year come fun film watch initially get final part explodes inside wanted cutting edge work instead found freaky bowie coupled character cared nothing could see film could relate youth end felt forced think everyone production taken moment listened motivation bowie film may helped solidify feature better cult status glad watched film small brain take loved way temple caught beginning could control character way many song seem match final moment film came nowhere unwelcomed film racism needed beginning absolute beginner welcomed adventure think dusting film,negative,positive,0.4399923327991686,0.5600076672008314,0.5600076672008314,False,0.060007667200831394
watching movie frustrated distracted end wanted give movie solid thought animation random place much going even could keep felt like slight acid trip everything looked flat no dimension anything many shape line pattern really wanted stop movie smash burned copy movie finish watching went online read movie done little research movie secret kells loosely based true story original book kells small boy brendan given task penning new page set greatest book ever written book contain information help change darkness light brendan life village kells behind huge stone wall taking place century brendan uncle abbot kells trying build wall keep viking brendan uncle insist help complete wall traveler keeper book secretly train brendan hone illustration skill convinces complete book carry entire time watched movie thought missing something really understand going figured missing piece irish history simple google search taught needed know original book kells reading many article opinion movie greatly book kells copied version first book new testament transcribed latin gaelic monk ireland century along paleographic insular script book also beautifully illustrated insular art type early art form know intricacy complexity miniature illustration much art book kells depicted lot art time flat dimensionality challenged no perspective make book kells stand early piece art use many secret kells colorful originally thought animation flat boring reminded lot cartoon samurai jack also flat amine look learned art style book kells obvious many style book mimicked movie line swirl various shape inhabit brendan mind whenever go imagination circular shape resembling sun cog clock wheel begin filling screen edge screen become framed decorated moving triangle circle transition filled color celtic knot tree floor many thing world covered shape minute minus credit secret kells fun little history lesson little adventure silliness thrown keep people maybe child interested think one generally secret kells half art piece half movie history despite looking like animated adobe illustrator nice looking movie based film submitted oscar consideration think worth nominated mary,positive,negative,0.5834730407245915,0.4165269592754085,0.5834730407245915,False,0.0834730407245915
no idea budget movie whatever made work seen movie spend amount pearl harbor anyone sucked worse movie everything david makin naughton lead role adam average college student get wrapped game called great allnighter run leon guy rock genius nothing better come elaborate game bunch people play pick friend team jock nerd fatty average kid course flounder team bad guy movie no black white many shade gray adam not altruistic hero no fault treat alex like crap flounder way pressure dad cranky stomach jock play dirty everyone else movie rock scene pbr factory classic johnny obese male child write better clue stuff gold jerry gold maybe different generation love movie seem still root reality never happened could eeee easter bunny easter parade oh watch young paul rubens still working pee wee character p devra clinger hot must one bad actress not work hollywood anymore see movie,positive,negative,0.6078712557605539,0.3921287442394461,0.6078712557605539,False,0.1078712557605539
reason revive character year fact reason worked first time due actor playing replace jim carrey cameron diaz better yet replace price since studio know sequel bring amount revenue original cut corner good movie going play powerful hollywood studio clog theater opening weekend whatever turd feel like general public suckered enough people got stop hollywood people need start getting act together start distributing foreign product floating hollywood cause people woken buying cause new shiny give u good stuff send rest dvd shelf cause taking back theater,negative,positive,0.45981235356610795,0.540187646433892,0.540187646433892,False,0.040187646433892055
saw movie shocked robert carlyle hitler man sadly try hitler movie lie reflect truth scene hitler hit guy gun hitler never hit anybody would hit people fist fist soldier understand another thing obvious hitler evil clever shown movie no german would accepted leader see evil real hitler shown evil side yankee watched movie der untergang dawnfall great movie amazing actor german movie think theme not realized movie people know anything germany people watch der untergang http great movie sad period time human being around world,negative,positive,0.29167394940210845,0.7083260505978916,0.7083260505978916,False,0.20832605059789155
rounding gang release schedule tough winter feature two storyline first wheezer mary ann home alone wintry day decide make taffy little wheezer relay direction mary ann radio cooking show problem wheezer relay information different show mary ann end putting soap mix funny moment occur rest gang show pull taffy end getting house second storyline deal stepin fetchit gang interaction gang tough winter knowledge never shown television although available home video reason stepin fetchit characterization show shifty sly character gang producer hal roach called fetchit skilled comic used gang entry pilot fetchit comedy series never saw light day understandably fetchit characterization offensive many people today explains film funny moment fetchit taffy tough winter plodding meandering effort one positive came film hal roach studio grew confident experienced making talkie sound film good sound effect used funny reason film part paved way excellent gang,negative,positive,0.30959431164704654,0.6904056883529535,0.6904056883529535,False,0.19040568835295346
franco rossi italian quo vadis curious beast creating absolutely convincing ancient roman world shot matter fact fashion long shot no big cityscape playing drama much favour allusion classical literature history story constantly get lost shifting structure much episode one played via voice letter lack narrative urgency make full version simultaneously demanding undemanding certainly far often uninvolving something going two main strength characterisation petronius thankfully dubbed frederic forrest whose voice would almost certainly flatten dialogue man whose spent long looking astute angle survive court life become incapable experiencing emotion klaus maria brandauer unique take nero wannabe actor whose every move action calculated audience receive elsewhere max von sydow briefly appears episode rewarded show impressive genuinely moving scene encounter child attempt leave rome kind thing show could seems often flatten every potentially emotional inspiring exciting moment relentlessly francesco quinn make staggeringly anonymous hero blending wall coming less roman officer quiet slightly gormless inoffensive guy work office never say much office party know one think called dave something like budgetary limitation visible meet lion time christian ursus battle bull determinedly low key pass show abruptly loses interest suddenly trip particularly recommend afraid embark one not entirely without small reward,negative,positive,0.46430454236365315,0.5356954576363469,0.5356954576363469,False,0.03569545763634685
one movie watching wonder whether documentary fiction movie ramin bahrani answered many question learned movie camera silent not judgmental almost erases director movie purpose background not organized make picture pretty however get wrong lot preparation movie starting personal level part environment ignored character real actor every would like thank crew movie showing u another country within nyc strongly suggest like story kizilirmak,positive,negative,0.5000514181221218,0.4999485818778782,0.5000514181221218,False,5.141812212183794e-05
david mamet interesting director first movie house game one liked best set series film character whose perspective life change get complicated situation perspective homicide title try set mind viewer usual crime drama principal character two cop one jewish one irish deal racially charged area murder old jewish shop owner prof ancient veteran israeli independence war trigger jewish identity mind heart jewish flaw film obvious process awakening theatrical hard believe group jewish militant operatic way detective eventually walk final violent confrontation pathetic end film smart disappoints human emotional mantegna william macy give strong performance flaw story evident easily compensated,negative,positive,0.2012520466449863,0.7987479533550137,0.7987479533550137,False,0.2987479533550137
could contain spoiler read seeing last episode season think guy north pole center earth looking abnormal magnetic behavior also said something miss another abnormality course plain crashed think whole island setup set daddy found looking desmond else know look basically island magnetic shield fake sign fake beard fake door fake medicine fake observation station fake air shaft lead nothing project indeed final scene season finale know something desmond chick dad probably libby weird maybe actually something plane crashing ok drifting episode henry gail tell michael go coordinate find rescue probably sort door magnetic shield gone no way back think pretty obvious despite numerous question still hope get answer next season think back learned season sure get load answer season anyone agree theory hope hear,positive,negative,0.5646078836859696,0.43539211631403035,0.5646078836859696,False,0.06460788368596959
regular jason lee movie part movie funny undertone move live life edge guess type movie think year old girl watch slumber party right movie kind one movie back ground look every something catch attention think julia stile selma blair good combination would like see movie good story plot kind boy meet girl movie perfect movie would show comedy central glad see movie theater would angry guess see theater,negative,positive,0.19778757608579023,0.8022124239142098,0.8022124239142098,False,0.30221242391420977
beginning movie excellent tremendous sound nice humor film change animation quickly loses reason least color much animation muted little contrast look good least vhs break look great not often also character come go quickly example would liked seen moby dick film start drag however pick entrance dragon film finish strong overall not memorable enough able compete great animated film last dozen year,negative,positive,0.18357632744851304,0.816423672551487,0.816423672551487,False,0.31642367255148696
saw film entirety yes gruesome could progenitor face death series popular considering state driver education day one required viewing everyone preparing learn drive see violent death gore horror certainly sensibility get truer perspective responsibility required drive safely one instant thoughtlessness inattentiveness wheel worked bell telephone one point assigned conduct safety class found film company library showed session number people got physically sick leave room incredibly later said never knew car accident could terrible film another red asphalt certainly reality graphic form never forget wish could found copy child attending driver ed high school,negative,positive,0.4059503252043021,0.5940496747956979,0.5940496747956979,False,0.09404967479569792
tend like film also think hope davis turn consistently good work high hope movie hope soon main flaw movie direction lot scene daydream sequence movie make frequent use denis leary character alter ego campbell scott character work would worked better play problem plot well important character movie take journey end place different started feel character grew experience portrayed editing well done either big sag middle movie exceptionally acting felt consistently strong movie failed almost every aspect cinema,negative,positive,0.31945188256876955,0.6805481174312304,0.6805481174312304,False,0.18054811743123045
thursday june egyptian theater saturday june uptown theaterbeing loved belonging essential child born vietnamese mother gi father often found neither beautiful country story one child binh rejected rural village struggling find american father film begin green wild country descends grimy sweaty ugliness boredom considerable talent tim roth temuera morrison wasted pointless ill conceived role aboard rusting freighter carrying binh dying brother across ocean appear stock shot stormy sea new york city offer slave labor cliché character uneven start great curiosity film final segment nick nolte given top billing among cast jokingly suggested would probably final scene not far truth journey brings binh texas father film take serene austere simplicity tenuous cohabitation knit two men together family father son ninety odd minute garbage watched rewarded profound subtle performance nolte slowly interact credit rolled surprised see name badlands executive producer edward pressman west texas native terrence malick,negative,positive,0.37601788612301523,0.6239821138769848,0.6239821138769848,False,0.12398211387698477
naïve young eddie hatch window dresser savory department store fall statue venus give chaste kiss venus step pedestal give eddie bargained creaking example hollywood broadway musical manages emphasize inane story eliminate song purpose make safe popular movie without much investment capitalizing ava gardner upward mobility super stardom robert walker eddie get lost thankless role eddie not naive dithering hapless gardner gorgeous thing give movie life olga san juan eddie loving jealous girl friend tom conway suave owner savory eve arden savory long time wise cracking secretary role arden could play sleep good musical opened broadway made mary martin star point musical however music since one touch venus intended social satire sort kurt weill composing ogden nash writing lyric came series stylish witty song one masterpiece without satire clever song martin equivalent showstopper movie becomes weak comedy fantasy much comedy predictable fantasy worked death not producer movie toss almost song brought movie music director ann ronell write new lyric one song survived turning sharp observation romance ronell no hack wrote willow weep wonder thought replaced tweaked ogden nash clever work one bright spot movie masterpiece speak low great love song anyone ever wrote given one lifeless treatment eileen wilson dubbing gardner dick haymes contributes chorus ann ronell one woman hollywood become major music director well composer lyric writer song woman tin pan alley fascinating documentary woman made business including ronell kay swift dorothy field dana suess would like hear little score recorded original broadway cast might able track cd one touch venus original cast lute song original cast music paired lute song another broadway show starred martin,negative,positive,0.4196858341109797,0.5803141658890203,0.5803141658890203,False,0.0803141658890203
columbia major studio could produce movie technical polish mgm paramount warner best thing could said adam four son leaden soap opera almost terminally bland performance ingrid bergman first time american film warner baxter bergman play frenchwoman era hollywood thought one foreign accent good another hired governess baxter four son staying one interruption caused crash boy grown men serving world war everyone movie relief susan hayward villainess enters midway watchable person movie even though clearly channeling bette davis vivien leigh also first long succession alcoholic role script remains saccharine ending utterly preposterous no wonder bergman turned similarly plotted valley decision four year later,negative,positive,0.4296903849774111,0.5703096150225889,0.5703096150225889,False,0.07030961502258892
saw move several year ago central florida film festival recall liked showed great potential guess people blasting film film seem hobbled together filmmaker admission official site short exhibited nonetheless comedy think many people try read far much comedy supposed make laugh showing succeeded level cent anyway,negative,positive,0.26848173321151847,0.7315182667884815,0.7315182667884815,False,0.23151826678848153
movie like make wish never picked nerd growing school liked movie would suggest watch valentine found today guy played marty simon killed little movie released shame since good job wonder part played movie start carol trick going girl restroom act like changing shower carol popular friend snuck bathroom got everything ready camera electric shock pole marty open curtain butt naked realized tricked try cover shower kid open grab marty start mean camera rolling picked dunked head toliet flushed electricuted slightly kid detention given coach boy give marty joint make throw skip break one glass window gym using brick get teacher excuse marty puking bathroom skip sneak science lab mix stuff look like cocaine not sure lab blow disfiguring badly year later kid tormented day got invitation year school reunion old school burn day exploded one one people get killed understand girl drowned really drowned could gotten back marty left almost got first time,positive,negative,0.5027823569883834,0.4972176430116166,0.5027823569883834,False,0.002782356988383361
saw film worst possible circumstance already missed minute woke international flight sydney seoul know watching thought maybe movie week quickly became riveted performance lead actress playing young woman child kidnapped premise started taking twist turn see coming end credit scrambling guide figure watched turn belatedly discovering jeon best actress cannes role know secret sunshine typical korean cinema dvd store discover,positive,negative,0.53651155277378,0.4634884472262199,0.53651155277378,False,0.03651155277378004
hollywood hotel last movie musical busby berkeley directed warner directing style changed evolved point film not contain signature overhead shot huge production number thousand extra last year thirty big band recording year biggest popular hit swing era also called big band era dated variously although impossible exactly pinpoint moment swing era began benny goodman engagement palomar ballroom los angeles late summer certainly one early indication swing entering consciousness mainstream america youth goodman featured swing repertoire rather dance music band playing youth audience went wild beginning since radio live concert word mouth primary method available spread phenomenon took time swing made enough inroad produce big hit showed pop chart hollywood hotel appearance benny goodman orchestra raymond paige orchestra film indicates film industry ready capitalize shift musical taste film production year half goodman palomar ballroom engagement interesting musical moment hollywood hotel except benny goodman orchestra sing sing sing lot commend otherwise interesting musical sequence opening hooray hollywood parade let lesson production number restaurant film interesting see hear benny goodman orchestra play dick powell france langford sing,negative,positive,0.4235082455288933,0.5764917544711067,0.5764917544711067,False,0.07649175447110668
somehow really thought going enjoy film love picture mountain climbing great mystery plot must say photography fantastic scary scene captured attention thought nicole eggert diana pennington thank good night played convincing role young girl tragic loss life meet character want guide mountain marc singer angel blade played unconvincing weird guy acted many scene bad temper looked comical film big disappointed not worth watching unless nothing tv enjoy,negative,positive,0.4278582788687332,0.5721417211312668,0.5721417211312668,False,0.07214172113126682
read comment film would like share view one tough movie see unless total brooksophile looked purely objective observer film unbalanced narrative present u undistilled neurosis capable absorbed one sitting quite difficult watch brook character robert cole unsympathetic unpleasant hard relate alone root stumble one dysfunctional situation next never topless scene expect taken seriously romantic context no man could much exposed foliage supposed turn babe like kathryn harrold unless course albert brook albert production modern romance amusing moment fragmentary infrequent often not felt confined journey thoroughly dislikable person wishing would end already confirms problem develop much control film placed one person lack able step back see clearly people probably know james brook played director film fact portrayed six year later cast albert brook successful broadcast news james showed u albert shape credible entertaining comic performance albert allowed u see james generally not cast actor rare comic turn surprisingly effective modern romance moved next laudatory comment say enough pain world without find film intended entertainment,negative,positive,0.32488413571912333,0.6751158642808767,0.6751158642808767,False,0.17511586428087667
remember watching bsg pilot describe night exactly remember chair sat show magic came alive enjoyed first two year bsg enjoyed part third year even watched every episode fourth year totally faithfully great hope would somehow turn around well watched caprica pilot enthralled hope something good started watching regular episode getting obvious predictable reminds droll political correctness last failed show line work good focused bsg organized way good especially true early less followed pattern episode set first bsg series departed meeting admiral cain pegasus went pot like wrote rest show without knowing improve maybe weak initial episode nervous,negative,positive,0.18098130264104473,0.8190186973589553,0.8190186973589553,False,0.31901869735895527
reviewer making one big mistake movie not suppose taken made kid teen late early truly film time hated period love first movie much ca even take joke garbage meant low budget failure beastmaster box office grossed four mil nine mil budget obviously reason drop seriousness original put present day complain story dialog logic made run not win race movie tried take seriously would total failure second world dar see movie theater advertising beastmaster enough said paraphrase clint eastwood dirty harry movie movie know limitation usual adventure soundtrack time also great actor taking seriously either even usually irritating spoiled rich brat role played well young kari wuhrer turn good nostalgic cheese culture liked first part mind going cheese limb tremendous fun attempt revive dar literarly not really sequel first watch want fantasy different dimension not different time question history tall winged humanoid creature suck flash bone end part way movie end zoo attempt cheap moneywise big finale suppose best place dar show move manipulator animal,positive,negative,0.7832347592431739,0.21676524075682618,0.7832347592431739,False,0.2832347592431739
semper fi saw later joined company got right could boot like fact exactly like boot camp shown full metal jacket yes black recruit training platoon called snowball called stick skinny rail every recruit nickname rather vile stuck service corp getting smacked knocked as sop drop give fifty got turned drop give bunch sadistic bastard controlled sadism primary purpose keeping u stupid mofos alive hit combat year experience ingrained sadism everything said purpose geared bad get grunt killed good though seemingly world biggest asshole keep em alive ca kill enemy case know marine corp one primary mission kill enemy else pure bravo wht usmc ret,positive,negative,0.5297911594830532,0.4702088405169468,0.5297911594830532,False,0.02979115948305322
moment film dreadful teeth ache knowing week left code made movie innocuous bland paramount rushed production innuendo leering went style vanity horrifically delicious kitty carlisle sings woman displayed price tag would insult bronx hooker emerge clam nudge nudge wink wink posture absolute submission minion law stupid not find door get look skirt snicker chorus girl sit uncomfortably giant cactus could source hallucinogen perhaps listen sweet marijuana watch blood fall chorine carl brisson learned line phonetically seem clue saying worth norma steal show no one one moment fragile fluff seriously missing point whole exercise watch charter member prepare justify whole hollywood machismo sch tick body wing way icing cake duke ellington hurt must stroll memory lane,positive,negative,0.7630100491429488,0.23698995085705124,0.7630100491429488,False,0.2630100491429488
interesting idea film showing last dragon earth showing struggle someone evil together younger einon got stabbed heart bowen dennis quaid took dark lord gave half heart grown einon david thewlis selfish evil king meanwhile bowen using new friend draco dragon voiced sir sean connery get reward killing dragon einon half draco hear feel pain one hurt killed also starring pete postlethwaite gilbert glockenspur jason isaac lord felton julie christie queen aislinn john gielgud king arthur nominated oscar best visual effect worth watching,negative,positive,0.390738880174861,0.609261119825139,0.609261119825139,False,0.10926111982513897
film nice special effect tearing apart japanese archipelago degree would humble godzilla two lead also put performance apart bit ropey understated disaster flick incongruity pacing bizarre one point hokkaido sinking sea pyroclastic snow falling rest japan osaka buried immense tsunami yet elsewhere country people still strolling around sightseeing licking another tsunami roll kusanagi also manages travel great distance without hindrance even crease cream shirt people turn burn ripped clothes face japaneseness film touching repugnant kusanagi sacrifice final evening shibasaki touch chivalry seldom seen genre day however pm musing japanese psyche seduction death fact japan abandoned everyone no friend last instance hint darker paranoia infects japanese concern regarding status final sequence armaggedon edited particular heavy handed product placement cigarette time around mad scientist toyokawa get poster boy japan tobacco one point manages light meter ocean surface miniature sub size phone box gim break,negative,positive,0.34772988030131513,0.6522701196986849,0.6522701196986849,False,0.15227011969868487
love documentary among favorite genre film seeing film seen one premise film great one execution well done time early laughed smiled yet film went tedious irritating became could something special subject not inarticulate childish inept putz appreciate passion film quit whining short fund maybe many kid spend much money alcohol maybe gone film school least graduated high school maybe lived life gotten perspective experience could add vision many people story interesting funny poignant see guy chosen nothing less crass want documentary film maker not one someone china iran film maker real problem two final question take little kid see apocalypse many time guy say man,negative,positive,0.4700510673662651,0.5299489326337349,0.5299489326337349,False,0.02994893263373488
could help think behind mask rise leslie vernon massively amazing film watching realistic feel well great innovative idea could great film acting actor alright others downright aside idea great format great story pretty good well though suffering often big blow logical though right horror movie really want see remade really want fantastic film want ca really fault mind behind movie obviously built upon shoe string budget fx really hurt film movie swap better acting slightly better wrote keep going though great idea,negative,positive,0.2138584197253247,0.7861415802746753,0.7861415802746753,False,0.2861415802746753
one return dawn talking picture one would prophesy bright future harold lloyd unlike competitor comedic actor trained legitimate stage not performed raised purgatory music hall vaudeville circuit good voice matched image moreover silent film incorporated sequence based sound gag lost audience bell sequence fall frolic freshman monkey sequence kid brother yet lloyd sound feature consistently failed box office novelty welcome danger ebbed lloyd blamed fall many external source never realized glass character enemy not sound great depression audience giddy optimism may rooted ambitious saw surrogate depression audience despised person likely foreclose mortgage throw gutter compounding problem character choice lloyd perception insincere glad hander sincerity course subjective appraisal undeniable lloyd despite tragic upbringing could never play convincing perhaps feared returning state permanently fails reason alone suffers revelation lloyd agenda many film scholar believe lloyd prompted make film saw presidency fdr dictatorship bent soaking rich soft crime remember not alone feeling demille directed day age state drama previous year also remember america founded hotheaded tax protester continues motivated want something without paying tcp suffered treated fascism lightly comedy release particularly given event germany year production code would ultimately curtail glorification vigilante justice reaffirm rule constitutional law cumbersome might ideal benevolent despot leader brings utopia freed check balance omnipotence date classical antiquity reason totalitarian regime fear laughter even though act safety valve ironically mere existence tcp film demonizes democratic experience country origin show fdr america secure enough accept criticism one see no parallel criticism hitler germany stalin ussr mussolini italy one laugh gallows humor pending fascism lloyd unnuanced film skewed right might written dr goebbels sense humor course posit alternative history chosen one restores order lost honor mean necessary good nature fun impending fascism approached left course chaplin great dictator latter film benefit set another country based thinly veiled actual persona event great dictator produce laugh today extent human evil succeeds despite artless inappropriate speechifying distinct advantage vindicated history lloyd however credited two thing first neither made film nor produced subsequently hypocritically film war second never sold tcp television world seen face fascism amusing,negative,positive,0.15320020442919757,0.8467997955708024,0.8467997955708024,False,0.3467997955708024
film kid evil genre thunderbird hook get people see almost incidental use fact action take place tracy island ploy pull public interesting note film maker view future london world fit best part film line delivered lady penelope highly comical provided light relief expecting rerun tv said pass minute fun way may worth watching,negative,positive,0.24996962994200478,0.7500303700579952,0.7500303700579952,False,0.2500303700579952
